CustomerID,Recency,Frequency,Monetary,Monetary_log,Cluster,Segment
12346,326.1173611111111,1,77183.6,11.253955234248428,1,Segment_1
12347,2.873611111111111,7,4310,8.368925174747135,1,Segment_1
12348,75.98402777777778,4,1797.24,7.494563687769957,1,Segment_1
12349,19.124305555555555,1,1757.55,7.472244884833674,1,Segment_1
12350,310.8673611111111,1,334.4,5.815323849389109,5,Segment_5
12352,36.925694444444446,8,2506.04,7.826858053356098,1,Segment_1
12353,204.79375,1,89,4.499809670330265,5,Segment_5
12354,232.98541666666668,1,1079.4,6.985086621918461,5,Segment_5
12355,214.95902777777778,1,459.4,6.132095676847728,5,Segment_5
12356,23.17361111111111,3,2811.43,7.941804157314053,1,Segment_1
12357,33.863194444444446,1,6207.67,8.733701981297274,1,Segment_1
12358,2.1,2,1168.06,7.063955286074528,1,Segment_1
12359,58.00208333333333,4,6310.03,8.750054175177759,1,Segment_1
12360,52.894444444444446,3,2662.06,7.887231116540211,1,Segment_1
12361,287.9576388888889,1,189.9,5.251749730731702,5,Segment_5
12362,3.8819444444444446,10,5226.23,8.56163678004062,1,Segment_1
12363,110.10555555555555,2,552,6.315358001522335,2,Segment_2
12364,8.102777777777778,4,1313.1,7.180907299649593,1,Segment_1
12365,291.9486111111111,2,641.38,6.465180028897591,5,Segment_5
12367,4.834722222222222,1,168.9,5.135210028677887,2,Segment_2
12370,51.91597222222222,4,3541.94,8.172712169921061,1,Segment_1
12371,45.106944444444444,2,1887.96,7.543781692052325,1,Segment_1
12372,72.02638888888889,3,1298.04,7.169380809114136,1,Segment_1
12373,311.9861111111111,1,364.6,5.901539839579995,5,Segment_5
12374,25.884027777777778,1,742.93,6.6119469443852195,2,Segment_2
12375,11.093055555555555,2,457.5,6.127960291696519,2,Segment_2
12377,315.87847222222223,2,1628.1200000000001,7.395795270713971,5,Segment_5
12378,130.09444444444443,1,4008.62,8.29645175271804,1,Segment_1
12379,82.11180555555555,2,852.24,6.749040867823617,2,Segment_2
12380,22.05763888888889,4,2724.81,7.910520910634419,1,Segment_1
12381,5.004166666666666,5,1845.31,7.520944331624911,1,Segment_1
12383,185.2,5,1850.56,7.523783805985769,1,Segment_1
12384,29.174305555555556,2,585.27,6.373780434317173,2,Segment_2
12386,338.00902777777776,2,401.90000000000003,5.998688392197302,5,Segment_5
12388,16.01388888888889,6,2780.66,7.930803150780256,1,Segment_1
12390,80.13680555555555,1,549.84,6.311444385858925,2,Segment_2
12391,22.02986111111111,1,439.66,6.0882736030360425,2,Segment_2
12393,72.88125,4,1582.6,7.3674560152319755,1,Segment_1
12394,64.19583333333334,2,1272.48,7.149508589545504,1,Segment_1
12395,19.895138888888887,12,3018.63,8.012889586306857,1,Segment_1
12397,36.12361111111111,2,2409.9,7.7877554007552545,1,Segment_1
12398,46.09930555555555,1,1635.66,7.400412858792405,1,Segment_1
12399,119.98263888888889,4,1108.65,7.011799929268738,1,Segment_1
12401,303.9583333333333,1,84.3,4.446174454497633,5,Segment_5
12402,323.9590277777778,1,225.6,5.423186348593906,5,Segment_5
12403,50.08263888888889,1,427.7,6.0607573736039315,2,Segment_2
12405,149.1652777777778,1,1710.3899999999999,7.445061184797548,1,Segment_1
12406,22.727777777777778,2,3415.2999999999997,8.136313373066384,1,Segment_1
12407,50.110416666666666,5,1708.12,7.4437338971514055,1,Segment_1
12408,33.015972222222224,5,2888.55,7.968856059639959,1,Segment_1
12409,79.09166666666667,3,11072.67,9.312325497408466,1,Segment_1
12410,309.0909722222222,2,693.33,6.542947351813216,5,Segment_5
12412,75.10694444444445,3,1226.8799999999999,7.1130443840624835,1,Segment_1
12413,67.15972222222223,3,758.1,6.632133521022722,2,Segment_2
12414,217.91597222222222,3,562.41,6.334007604663525,5,Segment_5
12415,24.93611111111111,21,124914.53,11.735393027855736,4,Segment_4
12417,3.915277777777778,9,3649.1,8.202509843461513,1,Segment_1
12418,113.07083333333334,1,668.58,6.506650650150935,2,Segment_2
12420,64.16319444444444,1,600.39,6.3992436425478765,2,Segment_2
12421,16.15486111111111,4,807.04,6.694611562246261,1,Segment_1
12422,96.12638888888888,3,803.56,6.690295544136225,2,Segment_2
12423,1.1111111111111112,8,1859.31,7.528498419486568,1,Segment_1
12424,163.03055555555557,2,1760.96,7.474182104762846,1,Segment_1
12425,78.80486111111111,1,777.2,6.6569835605504535,2,Segment_2
12426,195.01666666666668,1,582.73,6.369438547154207,5,Segment_5
12427,22.1625,3,825.8,6.717562827807613,2,Segment_2
12428,26.18611111111111,9,7956.46,8.981865132439246,1,Segment_1
12429,9.811111111111112,4,3750.4,8.22988438262624,1,Segment_1
12430,43.90347222222222,1,256.4,5.5506312951620265,2,Segment_2
12431,36.03819444444444,15,6419.95,8.767321360814657,4,Segment_4
12432,43.046527777777776,5,5059.32,8.529185001388596,1,Segment_1
12433,1.1166666666666667,7,13375.87,9.50128237507538,1,Segment_1
12434,85.00833333333334,2,806.14,6.6934971352559,2,Segment_2
12435,80.15555555555555,2,7829.889999999999,8.965831447914955,1,Segment_1
12436,100.02847222222222,1,509.01,6.234430333369278,2,Segment_2
12437,2.0520833333333335,18,4951.41,8.507629605767502,4,Segment_4
12438,14.973611111111111,2,2906.85,7.9751692554798295,1,Segment_1
12441,367.08680555555554,1,173.55,5.162211233551045,5,Segment_5
12442,3.936111111111111,1,172.06,5.153638355178593,2,Segment_2
12444,21.977083333333333,5,5005.46,8.518484357502437,1,Segment_1
12445,22.75486111111111,1,133.4,4.900820428089049,2,Segment_2
12446,58,1,1002.31,6.9110598129904375,1,Segment_1
12447,243.97569444444446,1,476.49,6.168543217293113,5,Segment_5
12448,44.96111111111111,1,449.45,6.110247083097449,2,Segment_2
12449,22.961111111111112,4,4067.29,8.310978042729836,1,Segment_1
12450,156.92291666666668,2,197.88,5.292701627762401,5,Segment_5
12451,11.17361111111111,5,9035.52,9.109029423519523,1,Segment_1
12452,17.09861111111111,2,430.57,6.067429722163682,2,Segment_2
12453,134.94583333333333,1,707.09,6.562571204258897,2,Segment_2
12454,56.81736111111111,1,3528.34,8.168866163607964,1,Segment_1
12455,73.88819444444445,6,2466.86,7.81110665732229,1,Segment_1
12456,44.922916666666666,3,3181.04,8.065277779528966,1,Segment_1
12457,66.98402777777778,7,2363.23,7.768207666517555,1,Segment_1
12458,71.89236111111111,2,947.4,6.854776354191251,2,Segment_2
12461,94.82847222222222,2,826.88,6.718868216346018,2,Segment_2
12462,19.152083333333334,2,1189.59,7.082204261557526,1,Segment_1
12463,53.9625,4,1344.78,7.204729049594601,1,Segment_1
12464,10.970138888888888,8,1212.05,7.100893128209941,1,Segment_1
12465,17.844444444444445,2,742.1899999999999,6.610951732080795,2,Segment_2
12468,188.05138888888888,2,729.54,6.593783986707386,5,Segment_5
12471,2.879861111111111,30,19788.65,9.89291435274037,4,Segment_4
12472,32.950694444444444,7,6572.11,8.790742363252102,1,Segment_1
12473,29.961111111111112,5,3928.05,8.276152945361936,1,Segment_1
12474,17.924305555555556,18,7324.09,8.899060720499207,4,Segment_4
12475,54.111111111111114,1,723.38,6.585316116572351,2,Segment_2
12476,16.006944444444443,11,6816.42,8.82723638014411,1,Segment_1
12477,23.124305555555555,6,13219.74,9.489542087633343,1,Segment_1
12478,4.120833333333334,1,680.99,6.525014994979364,2,Segment_2
12479,11.975,1,527.2,6.269474999863032,2,Segment_2
12480,28.915277777777778,4,3281.63,8.096400209353131,1,Segment_1
12481,23.18125,10,5579.82,8.62709099798378,1,Segment_1
12483,17.825,8,2484.98,7.818422226986002,1,Segment_1
12484,33.050694444444446,6,4527.32,8.418106288764006,1,Segment_1
12488,10.166666666666666,3,1298.66,7.169857970780942,1,Segment_1
12489,336.9840277777778,1,334.93,5.816902804925467,5,Segment_5
12490,5.863194444444445,10,5417.93,8.597653657970227,1,Segment_1
12491,39.022222222222226,1,460.4,6.134265345739653,2,Segment_2
12492,63.89930555555556,2,263.21,5.5767442414854775,2,Segment_2
12493,166.10625,2,433.74,6.0747481512447195,5,Segment_5
12494,16.136111111111113,7,1246.1,7.128576134926702,1,Segment_1
12497,82.01458333333333,1,1043.1,6.950910549296065,1,Segment_1
12498,21.997916666666665,3,403.7,6.00314605188182,2,Segment_2
12500,23.854166666666668,11,4257.82,8.356747405587967,1,Segment_1
12501,337.0152777777778,1,2169.39,7.682662153888476,5,Segment_5
12502,96.04027777777777,5,3723.87,8.222787230875806,1,Segment_1
12504,18.866666666666667,2,482.05,6.180120167963518,2,Segment_2
12506,233.1638888888889,1,73.5,4.310799125385514,5,Segment_5
12507,134.8201388888889,3,1304.81,7.174578816863813,1,Segment_1
12508,26.884027777777778,2,397.88,5.988660619775247,2,Segment_2
12509,284.9201388888889,1,176.5,5.178970608915471,5,Segment_5
12510,143.10763888888889,2,982.57,6.8911888096735625,2,Segment_2
12512,66.91319444444444,2,132.18,4.891701596682476,2,Segment_2
12513,113.0826388888889,1,612.29,6.418837907265026,2,Segment_2
12514,267.84166666666664,1,1017.68,6.926262950537876,5,Segment_5
12515,353.8798611111111,1,383.7,5.95246380975825,5,Segment_5
12516,78.15069444444444,2,1312.06,7.180115570136106,1,Segment_1
12517,28.948611111111113,5,2481.6,7.817061677081847,1,Segment_1
12518,1.1090277777777777,5,2056.89,7.629436465014086,1,Segment_1
12519,64.14166666666667,1,330.84,5.804652925041163,2,Segment_2
12520,79.89375,5,2634.2599999999998,7.876737127834483,1,Segment_1
12521,143.08263888888888,1,599.68,6.39806234681208,2,Segment_2
12522,39.888888888888886,2,192.72,5.266413817535028,2,Segment_2
12523,19.99652777777778,11,1789.77,7.490400973937009,1,Segment_1
12524,9.888194444444444,8,4485.72,8.408877201532766,1,Segment_1
12526,1.0284722222222222,3,1316.66,7.183612715167257,1,Segment_1
12527,82.03819444444444,3,348.71,5.857104239599851,2,Segment_2
12528,9.92361111111111,6,1933.48,7.567593835498341,1,Segment_1
12530,60.01111111111111,4,1662.28,7.416546835435133,1,Segment_1
12531,15.068055555555556,1,125.22,4.838026416156094,2,Segment_2
12532,30.960416666666667,1,349.83,5.860301775655642,2,Segment_2
12534,131.1,1,1089.18,6.9940980992041535,2,Segment_2
12535,92.16805555555555,2,716.35,6.575563866544399,2,Segment_2
12536,43.9375,3,12601.83,9.441676670894656,1,Segment_1
12538,29.815277777777776,1,363.95,5.899760357897641,2,Segment_2
12539,22.97222222222222,4,5568.35,8.625033629522884,1,Segment_1
12540,20.054861111111112,17,13400.24,9.503102518971122,4,Segment_4
12541,30.09027777777778,3,981.18,6.889774590946187,1,Segment_1
12544,36.857638888888886,1,372.7,5.923453336491439,2,Segment_2
12545,75.96597222222222,2,1000.39,6.9091443138264115,1,Segment_1
12546,47.02847222222222,2,1161.5,7.058328137461511,1,Segment_1
12547,198.00833333333333,2,207.8,5.341376856008484,5,Segment_5
12548,166.88541666666666,1,95.19999999999999,4.566429357671661,5,Segment_5
12550,79.92708333333333,1,964.83,6.872987835288763,2,Segment_2
12551,358.06041666666664,1,168,5.1298987149230735,5,Segment_5
12552,39.11666666666667,2,437.82,6.084089306213804,2,Segment_2
12553,8.841666666666667,10,3692.28,8.214270231095687,1,Segment_1
12556,50.98888888888889,2,599.5600000000001,6.397862553264747,2,Segment_2
12557,16.827083333333334,5,11990.960000000001,9.391991704219834,1,Segment_1
12558,8.089583333333334,1,269.96,5.601971208509516,2,Segment_2
12559,311.12569444444443,2,561.71,6.33276439774036,5,Segment_5
12560,5.955555555555556,3,2134.0099999999998,7.666226609492505,1,Segment_1
12561,303.0493055555556,1,238.85,5.480013727948073,5,Segment_5
12562,8.8125,7,3781.7400000000002,8.23820389374878,1,Segment_1
12564,261.91319444444446,1,456.9,6.12665081966305,5,Segment_5
12565,289.09444444444443,1,145.92,4.989888220951467,5,Segment_5
12566,86.93055555555556,1,351.65,5.865476063654188,2,Segment_2
12567,23.075,10,9401.28,9.148707492038316,1,Segment_1
12569,2.8513888888888888,32,4124.69,8.324988557507531,4,Segment_4
12571,40.10486111111111,2,519.61,6.255001200981438,2,Segment_2
12572,9.145833333333334,2,1020.42,6.928949094989139,1,Segment_1
12573,227.8736111111111,1,160.54,5.08475279001415,5,Segment_5
12574,316.1458333333333,1,218.45,5.391124416134243,5,Segment_5
12576,36.110416666666666,5,1315.83,7.182982612166326,1,Segment_1
12577,35.97638888888889,3,626.6,6.441903020858877,2,Segment_2
12578,21.97222222222222,2,2794.5099999999998,7.935769837637909,1,Segment_1
12579,78.81597222222223,1,440.42,6.0899968031722285,2,Segment_2
12580,247.1013888888889,1,415.7,6.032366538428407,5,Segment_5
12581,40.1625,1,197.71,5.291846475417725,2,Segment_2
12582,239.17013888888889,2,511.36,6.239027502962935,5,Segment_5
12583,3.196527777777778,15,7281.38,8.89321301083995,4,Segment_4
12584,4.135416666666667,9,2338.15,7.757542894498013,1,Segment_1
12585,234.96597222222223,2,2040.1,7.621244157199997,5,Segment_5
12586,17.851388888888888,1,196.94,5.287963954468545,2,Segment_2
12587,8.002083333333333,1,144,4.976733742420574,2,Segment_2
12588,39.90902777777778,1,214.9,5.3748153375207615,2,Segment_2
12589,29.104861111111113,2,646.68,6.473396747218991,2,Segment_2
12590,211.9152777777778,2,9864.26,9.196774773912752,1,Segment_1
12591,317.9270833333333,1,452.84999999999997,6.117766746972636,5,Segment_5
12592,92.90694444444445,2,437.6,6.083587835983788,2,Segment_2
12593,109.00486111111111,3,418.1,6.038109554931026,2,Segment_2
12594,38.020833333333336,10,3338.22,8.113492525763553,1,Segment_1
12596,51.99166666666667,2,618.27,6.428541364981557,2,Segment_2
12597,19.97013888888889,4,3811.22,8.245966975595675,1,Segment_1
12598,10.022222222222222,8,3023.08,8.01436219197595,1,Segment_1
12599,29.969444444444445,7,1032.58,6.940783782995926,1,Segment_1
12600,29.097916666666666,10,2599.04,7.863282108506616,1,Segment_1
12601,190.10625,5,577.06,6.359677669513258,5,Segment_5
12602,59.06111111111111,1,153.12,5.037731519757957,2,Segment_2
12603,22.08888888888889,1,739.2,6.606920419952056,2,Segment_2
12604,79.94583333333334,2,254.18,5.541969178493598,2,Segment_2
12607,60.86388888888889,1,1579.51,7.3655028587473295,1,Segment_1
12609,78.84444444444445,3,1126.85,7.0280684444921455,1,Segment_1
12610,23.136111111111113,5,2099.54,7.6499497335130995,1,Segment_1
12611,52.984722222222224,1,1193.32,7.085332264745334,1,Segment_1
12612,74.88541666666667,1,704.04,6.558254538791405,2,Segment_2
12613,57.91041666666667,5,3344.38,8.115335568501695,1,Segment_1
12614,278.10277777777776,1,315.6,5.757639147446912,5,Segment_5
12615,2.908333333333333,4,2291.19,7.73726297143202,1,Segment_1
12616,95.89791666666666,2,713.3,6.571303042160927,2,Segment_2
12617,29.924305555555556,1,352.98,5.869240414362608,2,Segment_2
12618,22.069444444444443,1,177.31,5.183523608545955,2,Segment_2
12619,16.915277777777778,9,3641.24,8.200354155974704,1,Segment_1
12620,15.104166666666666,3,1339.41,7.20073081629489,1,Segment_1
12621,2.0590277777777777,20,13689.67,9.524469857917655,4,Segment_4
12622,232.84097222222223,1,180.1,5.199049364889368,5,Segment_5
12623,276.9583333333333,1,305.1,5.723911845951367,5,Segment_5
12624,106.90694444444445,2,641.13,6.464790775403018,2,Segment_2
12625,212.12222222222223,2,2683.82,7.895368965589599,1,Segment_1
12626,23.863888888888887,9,6620.48,8.798074188898816,1,Segment_1
12627,11.029861111111112,7,4478.53,8.407273409191232,1,Segment_1
12628,4.982638888888889,3,786.46,6.668812575758953,2,Segment_2
12630,10.084722222222222,2,1270.8799999999999,7.1482513998271635,1,Segment_1
12631,57.95625,1,640.5,6.463809184055691,2,Segment_2
12633,59.048611111111114,4,2163.98,7.6801664025186325,1,Segment_1
12635,90.0736111111111,2,1689.18,7.432590311121191,1,Segment_1
12637,67.96111111111111,8,6002.9,8.70016453705169,1,Segment_1
12638,33.985416666666666,1,671.69,6.511284599453549,2,Segment_2
12639,239.0013888888889,1,486.1,6.188469440812497,5,Segment_5
12640,24.040277777777778,3,1174.58,7.06951692181073,1,Segment_1
12641,115.975,1,185.9,5.230573714461517,2,Segment_2
12642,25.90763888888889,3,1013.26,6.9219145615400475,1,Segment_1
12643,128.99583333333334,6,3344.64,8.11541328460481,1,Segment_1
12644,130.0951388888889,1,477.90999999999997,6.171512688316606,2,Segment_2
12645,34.00833333333333,4,1775.18,7.482220269767765,1,Segment_1
12646,5.108333333333333,2,1346.97,7.206355036031724,1,Segment_1
12647,22.995833333333334,12,3722.82,8.222505302105255,1,Segment_1
12648,155.03819444444446,1,318.05,5.765347830314356,2,Segment_2
12649,107.92291666666667,3,623.51,6.4369673422476765,2,Segment_2
12650,3.8444444444444446,1,314.44,5.753968489569372,2,Segment_2
12651,335.0027777777778,1,114,4.74493212836325,5,Segment_5
12652,331.90972222222223,1,919.98,6.82543832049292,5,Segment_5
12653,149.08958333333334,2,2209.85,7.701132335950876,1,Segment_1
12654,11.11111111111111,5,601.98,6.401884028681278,2,Segment_2
12656,17.96388888888889,5,4051.17,8.30700781907883,1,Segment_1
12657,11.877083333333333,4,1643.18,7.4049970586737315,1,Segment_1
12658,19.102777777777778,1,686.05,6.532407069777784,2,Segment_2
12659,30.039583333333333,1,91.67999999999999,4.529152699564175,2,Segment_2
12660,11.975,1,245.1,5.50573795739701,2,Segment_2
12662,1.0354166666666667,11,3849.78,8.256031004164345,1,Segment_1
12664,8.821527777777778,9,4881.88,8.49349048870337,1,Segment_1
12665,325.1777777777778,1,63,4.1588830833596715,5,Segment_5
12667,58.826388888888886,1,620.13,6.431540399799522,2,Segment_2
12668,12.079166666666667,4,3807.15,8.244898785891763,1,Segment_1
12669,151.12222222222223,3,2744.0299999999997,7.917547282845659,1,Segment_1
12670,10.89375,5,2996.05,8.005383750527514,1,Segment_1
12672,330.1458333333333,1,225.9,5.424509391785796,5,Segment_5
12673,5.954861111111111,2,610.52,6.415947661051908,2,Segment_2
12674,39.02638888888889,4,1970.6,7.586600674831223,1,Segment_1
12676,25.01736111111111,6,1331.39,7.1947296010376824,1,Segment_1
12678,42.99027777777778,12,17628.46,9.777326645314199,4,Segment_4
12679,59.013888888888886,4,1113.02,7.015730373647435,1,Segment_1
12680,1,4,862.81,6.761352837213469,1,Segment_1
12681,15.053472222222222,22,13787.54,9.531593091360708,4,Segment_4
12682,4.118055555555555,31,12279.82,9.415793974716065,4,Segment_4
12683,4.846527777777778,15,8476.57,9.045179131116987,4,Segment_4
12684,8.122916666666667,7,2283.63,7.733959364615189,1,Segment_1
12685,28.961111111111112,6,2863.08,7.960002460651312,1,Segment_1
12686,372.12430555555557,1,89.14,4.501364017262502,5,Segment_5
12688,114.1673611111111,1,4873.81,8.491836408313453,1,Segment_1
12689,26.179861111111112,2,1247.61,7.1297862115656185,1,Segment_1
12690,206.15347222222223,1,389.01,5.966172379820607,5,Segment_5
12691,28.834027777777777,6,1035.8,6.94389432559801,1,Segment_1
12693,127.79097222222222,4,855.91,6.753332895580138,2,Segment_2
12694,70.9888888888889,2,869.67,6.769263030204804,2,Segment_2
12695,7.977777777777778,4,582.1,6.368358698228111,2,Segment_2
12697,29.16875,3,957.59,6.865463454791294,1,Segment_1
12700,8.085416666666667,4,4939.99,8.505320994961897,1,Segment_1
12701,80.08541666666666,2,797.71,6.682997926190526,2,Segment_2
12702,20.093055555555555,1,219,5.393627546352362,2,Segment_2
12703,71.79027777777777,1,283.55,5.650908985049133,2,Segment_2
12704,7.982638888888889,8,2340.84,7.758692224146705,1,Segment_1
12705,15.98125,9,6868.29,8.834816031986259,1,Segment_1
12707,292.175,1,603.42,6.404269320519532,5,Segment_5
12708,30.12361111111111,10,2712.91,7.906145678459555,1,Segment_1
12709,15.883333333333333,15,9706.52,9.180656121866383,4,Segment_4
12710,97.03472222222223,3,1149.02,7.047534612510416,1,Segment_1
12712,29.188194444444445,13,4396.13,8.388707334356674,1,Segment_1
12713,1.023611111111111,1,848.55,6.744706797531768,2,Segment_2
12714,9.879861111111111,5,4708.86,8.45741346257719,1,Segment_1
12715,106.89444444444445,1,343.36,5.841687621789754,2,Segment_2
12716,4.163194444444445,2,1053.49,6.960812516706486,1,Segment_1
12717,151.91875,2,1030.98,6.939234566008755,2,Segment_2
12718,71.84166666666667,1,238.25,5.477509030333064,2,Segment_2
12719,5.961805555555555,2,644.95,6.47072210140631,2,Segment_2
12720,3.1993055555555556,25,5781.73,8.662631168498326,4,Segment_4
12721,32.02569444444445,6,2656.13,7.885001871924596,1,Segment_1
12722,85.91666666666667,4,997.63,6.906384339674138,1,Segment_1
12723,4.104861111111111,5,725.07,6.587646428909591,1,Segment_1
12724,5.866666666666666,4,1031.41,6.9396511539657,1,Segment_1
12725,371.87847222222223,1,427.8,6.060990609756592,5,Segment_5
12726,28.96875,7,2609.1,7.867143813759015,1,Segment_1
12727,11.044444444444444,7,3980.7,8.2894641427604,1,Segment_1
12728,71.88819444444445,4,836.33,6.7302182580203365,2,Segment_2
12729,114.04861111111111,1,453.01,6.118119224230488,2,Segment_2
12731,24.035416666666666,12,18895.91,9.846753695617958,4,Segment_4
12732,180.0534722222222,1,236.26000000000002,5.469156586232957,5,Segment_5
12733,234.85486111111112,1,383.95,5.953113455724059,5,Segment_5
12734,353.00208333333336,1,110.39999999999999,4.713127327493184,5,Segment_5
12735,315.96736111111113,2,779.5699999999999,6.660024422032584,5,Segment_5
12736,333.2034722222222,1,234,5.459585514144159,5,Segment_5
12738,372.7659722222222,1,155.35,5.05209708390385,5,Segment_5
12739,78.99305555555556,2,1013.04,6.921697631104842,1,Segment_1
12740,64.0875,1,427.6,6.060524083039477,2,Segment_2
12743,134.85347222222222,2,540.13,6.293659545728696,2,Segment_2
12744,52.06388888888889,7,21279.29,9.965536571182271,1,Segment_1
12747,2.9277777777777776,11,4196.01,8.342127645985029,1,Segment_1
12748,1.0208333333333333,209,33053.19,10.405903614853912,3,Segment_3
12749,4.120833333333334,5,4090.88,8.316759801128319,1,Segment_1
12750,129.15069444444444,1,275.88,5.623584199327089,2,Segment_2
12752,81.97083333333333,1,4366.78,8.38201014985595,1,Segment_1
12753,23.081944444444446,6,21429.39,9.972565287088774,1,Segment_1
12754,236.15972222222223,3,3010.7400000000002,8.010273263812737,5,Segment_5
12755,281.00555555555553,2,3811.9500000000003,8.246158446737232,5,Segment_5
12756,87.13819444444445,1,112.08,4.72809553282539,2,Segment_2
12757,16.01388888888889,13,7834.6500000000005,8.966439112421154,4,Segment_4
12758,117.10277777777777,2,2791.59,7.934724759609325,1,Segment_1
12759,52.91736111111111,3,1531.44,7.334616515331031,1,Segment_1
12762,8.102083333333333,2,1898.52,7.549356501658852,1,Segment_1
12763,138.94305555555556,2,494.08,6.204719365671822,2,Segment_2
12764,317.1048611111111,1,1693.88,7.435367220848186,5,Segment_5
12766,4.169444444444444,7,6989.63,8.852325959921869,1,Segment_1
12769,239.10069444444446,1,1143.6,7.042810509975002,5,Segment_5
12770,211.13680555555555,1,1351.45,7.209673041460572,5,Segment_5
12772,60.14652777777778,1,892.47,6.795112758210396,2,Segment_2
12775,17.84513888888889,5,1386.04,7.23492725912033,1,Segment_1
12778,20.055555555555557,6,822.23,6.713235627004493,1,Segment_1
12779,38.046527777777776,8,3981.36,8.289629887368429,1,Segment_1
12781,64.09236111111112,2,826.74,6.718699095412067,2,Segment_2
12782,5.148611111111111,5,2330.92,7.754447241564618,1,Segment_1
12783,2.870833333333333,6,2225.91,7.708370253328926,1,Segment_1
12784,9.883333333333333,2,532.82,6.280058703484731,2,Segment_2
12785,364.95972222222224,1,311.95,5.74604343337071,5,Segment_5
12787,10.170833333333333,3,463.66,6.141305955347142,2,Segment_2
12789,65.96944444444445,1,91.85,4.530985287798715,2,Segment_2
12790,192.94166666666666,1,324.92,5.786651952478496,5,Segment_5
12791,374.0576388888889,1,192.6,5.265794174842477,5,Segment_5
12792,257.0513888888889,1,400.54,5.995307154825432,5,Segment_5
12793,335.0263888888889,2,545.48,6.303497710423594,5,Segment_5
12794,53.91388888888889,2,860.41,6.758570581561217,2,Segment_2
12795,19.099305555555556,1,430.48,6.067221159507229,2,Segment_2
12797,366.0798611111111,1,254.03,5.541381185297377,5,Segment_5
12798,10.873611111111112,3,6977.04,8.85052335403181,1,Segment_1
12802,187.13472222222222,1,427.58,6.060477418394936,5,Segment_5
12808,37.114583333333336,3,483.65,6.183426980938617,2,Segment_2
12809,178.08263888888888,1,489.31,6.1950378441253156,5,Segment_5
12811,261.13055555555553,3,514.85,6.245816025546385,5,Segment_5
12812,45.12222222222222,1,229.64,5.440858053330147,2,Segment_2
12814,102.02708333333334,1,125.92,4.843556966714995,2,Segment_2
12815,148.10347222222222,2,1063.46,6.970222907300612,2,Segment_2
12816,96.00625,2,572.2,6.351234695954017,2,Segment_2
12817,281.8486111111111,1,166.04,5.118233304694274,5,Segment_5
12818,262.03055555555557,1,1542.08,7.341535698070348,5,Segment_5
12820,3.901388888888889,4,942.34,6.849426769082011,1,Segment_1
12821,214.87430555555557,1,92.72,4.540311613639595,5,Segment_5
12822,71.11527777777778,2,948.88,6.856335660826602,2,Segment_2
12823,75.21875,5,1759.5,7.473353138595107,1,Segment_1
12824,60.00069444444444,1,397.12,5.986753467377863,2,Segment_2
12826,3.1006944444444446,7,1474.72,7.296901285267718,1,Segment_1
12827,6.022916666666666,3,430.15,6.066456057398334,2,Segment_2
12828,3.170138888888889,6,1018.7099999999999,6.927273552128017,1,Segment_1
12829,337.0673611111111,2,293,5.683579767338681,5,Segment_5
12830,38.03888888888889,6,6814.64,8.826975250212882,1,Segment_1
12831,262.9916666666667,1,215.05,5.3755098623779425,5,Segment_5
12832,32.97222222222222,2,383.03000000000003,5.950720674536128,2,Segment_2
12833,145.9611111111111,1,417.38,6.0363901104609745,2,Segment_2
12834,283.12569444444443,1,312.38,5.7474165116762626,5,Segment_5
12836,59.90277777777778,4,2610.36,7.867626437402386,1,Segment_1
12837,173.86319444444445,1,134.1,4.906015244966153,5,Segment_5
12838,34.020833333333336,2,671.95,6.5116710326797245,2,Segment_2
12839,3.0118055555555556,14,5591.42,8.629167388389371,4,Segment_4
12840,144.13958333333332,4,2726.77,7.911239704558553,1,Segment_1
12841,5.067361111111111,25,3991.58,8.292192917458863,4,Segment_4
12842,70.88680555555555,2,1118.99,7.0210750356778515,1,Segment_1
12843,66.02847222222222,8,1702.26,7.440299340765267,1,Segment_1
12844,29.971527777777776,2,325.96,5.7898378392560215,2,Segment_2
12845,267.96944444444443,4,354.09000000000003,5.872371278471126,5,Segment_5
12847,22.981944444444444,1,843.64,6.738910501075306,2,Segment_2
12849,31.964583333333334,2,1010.29,6.9189820225966034,1,Segment_1
12851,97.00625,1,131.81,4.8889195354121595,2,Segment_2
12852,295.16875,1,311.55,5.744764456377822,5,Segment_5
12853,135.05625,6,1957.1,7.579729894309281,1,Segment_1
12854,79.02430555555556,3,1316.25,7.183301509089395,1,Segment_1
12855,373.13402777777776,1,38.099999999999994,3.66612246699132,5,Segment_5
12856,8.081944444444444,6,2170.78,7.683302386789297,1,Segment_1
12857,211.10416666666666,2,1106.4,7.009770204388867,5,Segment_5
12863,52.94097222222222,1,521.2,6.258050656265029,2,Segment_2
12864,138.9909722222222,1,147.12,4.998022756045412,2,Segment_2
12865,26.929861111111112,2,1568.23,7.358340332174572,1,Segment_1
12866,283.94375,1,559.12,6.3281510464875765,5,Segment_5
12867,26.88888888888889,7,4009.34,8.296631304736238,1,Segment_1
12868,186.0888888888889,6,1607.06,7.3827837624756185,1,Segment_1
12871,84.90486111111112,2,380.64,5.9444777558836455,2,Segment_2
12872,327.08194444444445,2,599.97,6.398545016483998,5,Segment_5
12873,282.9111111111111,1,374,5.926926025970411,5,Segment_5
12875,143.88888888888889,2,343.23,5.841310038608051,2,Segment_2
12876,58.016666666666666,2,2218.02,7.704820935960926,1,Segment_1
12877,4.097222222222222,12,1535.77,7.337438090181038,1,Segment_1
12878,236.98819444444445,2,854.99,6.752258693830513,5,Segment_5
12879,45.018055555555556,3,573.22,6.353012598149689,2,Segment_2
12881,276.04583333333335,1,298,5.700443573390687,5,Segment_5
12882,9.855555555555556,2,1463.04,7.288955016552379,1,Segment_1
12883,25.1375,4,703.47,6.5574457470395595,2,Segment_2
12884,88.98611111111111,1,309.05,5.736733574795887,2,Segment_2
12885,63.96527777777778,3,1175.22,7.0700611857921905,1,Segment_1
12886,68.11180555555555,2,1378.4,7.229403900997191,1,Segment_1
12888,214.86666666666667,2,354.12,5.87245576052578,5,Segment_5
12890,24.808333333333334,1,376.72,5.934153180394868,2,Segment_2
12891,186.01319444444445,3,331,5.805134968916488,5,Segment_5
12893,31.011111111111113,1,176.55,5.179252259389097,2,Segment_2
12895,42.95763888888889,2,372.8,5.923720895021463,2,Segment_2
12897,205.02569444444444,2,216.5,5.382198850528739,5,Segment_5
12901,9.113194444444444,28,17654.54,9.778804894130932,4,Segment_4
12902,265.03055555555557,1,138.68,4.939354092091292,5,Segment_5
12904,18.927777777777777,2,496.06,6.208710743156108,2,Segment_2
12906,12.121527777777779,5,2919.81,7.979616254055095,1,Segment_1
12908,176.8826388888889,2,750,6.621405651764134,5,Segment_5
12909,40.00486111111111,5,2178.67,7.686928768177821,1,Segment_1
12910,23.931944444444444,8,3075.04,8.031398334442155,1,Segment_1
12912,3.1631944444444446,5,1662.3,7.416558859796489,1,Segment_1
12913,5.027083333333334,5,2483.63,7.817879034084852,1,Segment_1
12915,149.05277777777778,2,363.65,5.898937989430242,2,Segment_2
12916,139.09375,4,2944.95,7.988186624712898,1,Segment_1
12917,128.8388888888889,1,594,6.38856140554563,2,Segment_2
12919,8.960416666666667,6,1335.19,7.197577559553778,1,Segment_1
12920,17.90625,1,162.78,5.098524063842042,2,Segment_2
12921,9.852777777777778,37,16587.09,9.716440246960428,4,Segment_4
12922,161.88541666666666,1,405.38,6.007288682454868,5,Segment_5
12923,64.85416666666667,1,172.82,5.158020281009314,2,Segment_2
12924,88.95486111111111,4,933.7,6.840225622188537,1,Segment_1
12925,5.06875,2,694.05,6.5439837854231016,2,Segment_2
12928,35.93472222222222,5,2062.7,7.632255767200078,1,Segment_1
12929,312.02916666666664,1,117.85,4.777862193806203,5,Segment_5
12930,78.89722222222223,2,415.8,6.032606490439157,2,Segment_2
12931,22.007638888888888,15,42055.96,10.646780168946005,4,Segment_4
12933,24.841666666666665,3,607.53,6.411046212773516,2,Segment_2
12935,2.8090277777777777,7,2160.7,7.678650228164007,1,Segment_1
12936,17.804166666666667,4,1063.9,6.970636177021338,1,Segment_1
12937,15.90625,4,1504.27,7.316727563085719,1,Segment_1
12938,26.061805555555555,1,114.14,4.7461487792476635,2,Segment_2
12939,64.92847222222223,8,11581.8,9.357276518099342,1,Segment_1
12940,55.02847222222222,2,899.6899999999999,6.803161136252212,2,Segment_2
12942,131.92430555555555,3,675.6,6.517080256346608,2,Segment_2
12944,36.07361111111111,2,604.51,6.406071078133402,2,Segment_2
12945,288.94097222222223,1,462.95,6.139776787799188,5,Segment_5
12947,144.11388888888888,6,1603.99,7.380872805015112,1,Segment_1
12948,16.819444444444443,7,2064.95,7.63334544803145,1,Segment_1
12949,31.05902777777778,8,4167.22,8.335244365149629,1,Segment_1
12950,2.98125,3,1843,7.519692404116539,1,Segment_1
12951,9.025,6,1064.07,6.970795803683085,1,Segment_1
12952,6.09375,4,1387.79,7.236188143419333,1,Segment_1
12953,10.143055555555556,1,329.85,5.801665100458068,2,Segment_2
12955,1.8479166666666667,11,4757.16,8.46761631787212,1,Segment_1
12956,306.8625,1,108.07000000000001,4.691989877940651,5,Segment_5
12957,10.122916666666667,8,4017.54,8.298673931566155,1,Segment_1
12962,7.871527777777778,2,266.39,5.588708266810736,2,Segment_2
12963,8.996527777777779,8,1856.63,7.527056760684021,1,Segment_1
12965,89.88819444444445,1,769.8100000000001,6.647441909990047,2,Segment_2
12966,10.008333333333333,1,160.18,5.0825217528963655,2,Segment_2
12967,358.7361111111111,2,1660.8999999999999,7.415716805133478,5,Segment_5
12968,112.87916666666666,1,135.95,4.919615895709087,2,Segment_2
12970,7.930555555555555,4,405.47,6.00751012552645,2,Segment_2
12971,4.020833333333333,86,11189.91,9.322857120608939,3,Segment_3
12974,198.13680555555555,1,144.8,4.982235819574558,5,Segment_5
12976,212.12152777777777,1,738.6,6.60610949951297,5,Segment_5
12977,156.84027777777777,1,39.24,3.6948615257914836,5,Segment_5
12980,158.13611111111112,9,7374.9,8.905973207660795,1,Segment_1
12981,30.03472222222222,2,372.21999999999997,5.922168058105325,2,Segment_2
12982,243.04097222222222,1,390.53999999999996,5.970087681348397,5,Segment_5
12984,19.009027777777778,1,97.5,4.590056548178043,2,Segment_2
12985,1.086111111111111,2,1239.38,7.123173063265281,1,Segment_1
12987,74.03263888888888,2,558.7,6.327400925897314,2,Segment_2
12988,292.9298611111111,1,505.82,6.228155910967461,5,Segment_5
12989,3.890277777777778,15,6924.11,8.842909215405916,4,Segment_4
12990,31.992361111111112,3,409.5,6.017375928892483,2,Segment_2
12991,23.886111111111113,2,503.76,6.22408306878471,2,Segment_2
12993,23.875694444444445,4,414.76,6.030108170700187,2,Segment_2
12994,4.879861111111111,3,974.42,6.882868147474188,1,Segment_1
12995,85.87916666666666,1,211.32,5.358094570583897,2,Segment_2
12997,22.877083333333335,4,1226.89,7.113052528147638,1,Segment_1
12999,196.9763888888889,3,455.88,6.124420774356607,5,Segment_5
13000,107.08819444444444,3,534.85,6.283854271159006,2,Segment_2
13001,4.915972222222222,13,9785.97,9.18880718813043,4,Segment_4
13002,318.89722222222224,1,120.95,4.80361112466193,5,Segment_5
13003,106.08333333333333,3,149.05,5.010968571886377,2,Segment_2
13004,12.057638888888889,18,5655.91,8.640633085723934,4,Segment_4
13005,174.08125,2,513.7,6.243584206658709,5,Segment_5
13006,56.95902777777778,1,81.57,4.413646418429337,2,Segment_2
13008,323.9347222222222,1,229.47,5.4401207021224,5,Segment_5
13011,372.81111111111113,1,50.55,3.942552210462969,5,Segment_5
13012,9.989583333333334,8,1646.84,7.407220618377491,1,Segment_1
13013,1.9090277777777778,13,4810.94,8.478855608188903,1,Segment_1
13014,11.015972222222222,10,3466.2799999999997,8.151125703889235,1,Segment_1
13015,53.97986111111111,5,3339.64,8.113917684381065,1,Segment_1
13016,73.94583333333334,3,789.89,6.673158893621945,2,Segment_2
13017,7.872916666666667,1,204,5.3230099791384085,2,Segment_2
13018,16.97361111111111,28,7277.7,8.892707553816384,4,Segment_4
13021,4.842361111111111,9,2616.38,7.869929096421559,1,Segment_1
13023,64.84930555555556,2,689.9,6.5379950954947494,2,Segment_2
13026,1.8277777777777777,5,975.36,6.883831370862763,1,Segment_1
13027,114.13263888888889,6,6912,8.841158975945264,1,Segment_1
13028,23.069444444444443,2,661.3199999999999,6.49574882283055,2,Segment_2
13029,31.150694444444444,3,1247.5,7.129698109719828,1,Segment_1
13030,11.930555555555555,2,752.4399999999999,6.6246493864952445,2,Segment_2
13032,52.87222222222222,2,1010.1800000000001,6.918873244715984,1,Segment_1
13033,357.93541666666664,1,190.55,5.255148871146658,5,Segment_5
13034,55.02013888888889,2,642.77,6.467341519456512,2,Segment_2
13035,74.16180555555556,2,921.88,6.827499215216475,2,Segment_2
13037,138.87777777777777,3,881.07,6.782271417936915,2,Segment_2
13038,80.92569444444445,3,908.46,6.812851016782114,2,Segment_2
13040,9.091666666666667,2,676.99,6.519132538569087,2,Segment_2
13043,273.91527777777776,1,516.42,6.248854923817375,5,Segment_5
13044,291.8958333333333,1,560.47,6.330558344434147,5,Segment_5
13045,99.90694444444445,1,305.28,5.724499716244923,2,Segment_2
13046,31.176388888888887,2,629.31,6.446211761854101,2,Segment_2
13047,32.03055555555556,10,3237.54,8.082877889943946,1,Segment_1
13048,14.977083333333333,4,1819.41,7.506817029425575,1,Segment_1
13049,64.88819444444445,2,656.68,6.488718490843878,2,Segment_2
13050,15.147222222222222,17,5836.86,8.672119570311168,4,Segment_4
13052,212.94305555555556,1,348.15,5.8555016292920445,5,Segment_5
13055,78.93333333333334,3,1214.41,7.102836747411359,1,Segment_1
13058,25.00486111111111,3,271.40000000000003,5.607271574275358,2,Segment_2
13059,250.09027777777777,1,183.4,5.2171073111224935,5,Segment_5
13060,254.05069444444445,1,307.53000000000003,5.731819083350057,5,Segment_5
13061,72.86527777777778,1,248.60999999999999,5.519899699795292,2,Segment_2
13062,191.9013888888889,1,346.98,5.85214500685857,5,Segment_5
13064,13.013194444444444,4,1105.59,7.009038493734221,1,Segment_1
13065,373.83194444444445,1,205.85999999999999,5.3320422359496575,5,Segment_5
13066,24.99513888888889,2,470.8,6.1565551669735745,2,Segment_2
13067,82.96666666666667,1,115.46000000000001,4.757547866408974,2,Segment_2
13068,10.909722222222221,2,344,5.84354441703136,2,Segment_2
13069,1.1743055555555555,24,4431.44,8.396705501477726,4,Segment_4
13070,192.96180555555554,1,228.8,5.437209365414655,5,Segment_5
13072,267.19305555555553,1,177.15,5.182625892051845,5,Segment_5
13075,130.10486111111112,1,919.61,6.825036493805135,2,Segment_2
13077,1.726388888888889,4,728.02,6.5917011664745795,2,Segment_2
13078,3.8847222222222224,26,12627.94,9.443746284664895,4,Segment_4
13079,4.83125,5,220.1,5.3986150878634005,2,Segment_2
13080,179.91041666666666,1,58.08,4.078892457663179,5,Segment_5
13081,12.080555555555556,11,28337.38,10.251972348590337,4,Segment_4
13082,126.85694444444445,9,3613.63,8.192744778040643,1,Segment_1
13083,4.909027777777778,2,303.75,5.719491768361381,2,Segment_2
13085,158.02708333333334,2,416.08,6.0332780499213925,2,Segment_2
13089,3.158333333333333,97,58762.08,10.98126904552405,3,Segment_3
13090,9.00763888888889,14,8910.82,9.095133764476559,4,Segment_4
13091,28.872222222222224,1,345.82,5.848805913370403,2,Segment_2
13092,71.06388888888888,5,477.83,6.171345628362577,2,Segment_2
13093,276.025,8,7832.47,8.966160858120457,1,Segment_1
13094,21.946527777777778,12,1927.32,7.564404436501881,1,Segment_1
13095,71.03263888888888,1,74.39999999999999,4.32280727501391,2,Segment_2
13097,33.08819444444445,10,6003.22,8.70021783432055,1,Segment_1
13098,1.9416666666666667,28,28882.44,10.271023699486712,4,Segment_4
13099,99.79861111111111,1,207.36,5.339267352876991,2,Segment_2
13101,234.92569444444445,1,101.19,4.626833825624118,5,Segment_5
13102,1.9986111111111111,24,6424.09,8.767965917447414,4,Segment_4
13103,40.13333333333333,1,243.94,5.501013282593141,2,Segment_2
13104,3.986111111111111,6,1098.48,7.0025926197429715,1,Segment_1
13106,133.9013888888889,1,76.5,4.350277936359301,2,Segment_2
13107,44.915277777777774,4,1531.6200000000001,7.334733968170588,1,Segment_1
13108,373.09375,1,350.06,5.8609571490281995,5,Segment_5
13109,60.106944444444444,2,786.54,6.668914163060628,2,Segment_2
13110,31.930555555555557,7,1488.67,7.306309897899894,1,Segment_1
13113,1.0006944444444446,24,12245.96,9.413033021909968,4,Segment_4
13115,12.008333333333333,4,2294.78,7.7388279340332105,1,Segment_1
13116,138.9284722222222,1,501.14,6.218878965272838,2,Segment_2
13117,22.033333333333335,8,984.91,6.893565072546089,1,Segment_1
13118,20.002777777777776,5,1197.81,7.089084677082725,1,Segment_1
13120,239.10486111111112,1,30.6,3.4531571205928664,5,Segment_5
13121,269.8354166666667,1,283.73,5.6515413628105104,5,Segment_5
13122,94.87291666666667,2,922.39,6.828051680471256,2,Segment_2
13124,90.00347222222223,3,3756.33,8.231463877756003,1,Segment_1
13126,5.118055555555555,8,2099.64,7.6499973391858,1,Segment_1
13127,78.1,1,259.17,5.561335263505108,2,Segment_2
13130,94.88888888888889,1,64,4.174387269895637,2,Segment_2
13131,23.978472222222223,3,1073.3,6.979424565672496,1,Segment_1
13132,262.00416666666666,1,77.3,4.360547602996758,5,Segment_5
13133,274.0965277777778,2,109.8,4.707726774313183,5,Segment_5
13134,86.09375,4,1793.58,7.4925262902571115,1,Segment_1
13135,197.08194444444445,1,3096,8.038189179973203,1,Segment_1
13136,56.96458333333333,5,2607.61,7.866572791402729,1,Segment_1
13137,11.028472222222222,8,3603.29,8.189880081639725,1,Segment_1
13138,22.832638888888887,6,962.39,6.870458314237744,1,Segment_1
13139,16.955555555555556,7,5064.94,8.530294986827844,1,Segment_1
13140,108.88680555555555,3,422.47,6.048482673330305,2,Segment_2
13141,85.12222222222222,5,2388.75,7.778944036943872,1,Segment_1
13142,19.863194444444446,1,307.09000000000003,5.7303919480814,2,Segment_2
13144,333.06597222222223,1,110.95,4.718052343044764,5,Segment_5
13145,40.00347222222222,4,618.52,6.428944984648157,2,Segment_2
13146,26.889583333333334,1,228.91,5.437687927995845,2,Segment_2
13147,10.952083333333333,4,712.8,6.57060281105606,2,Segment_2
13148,29.89375,12,3683.2599999999998,8.211824970346322,1,Segment_1
13149,14.986805555555556,4,1676.06,7.424797539358498,1,Segment_1
13151,296.01458333333335,1,1257.87,7.1379697721602025,5,Segment_5
13153,6.025,1,486.22,6.188715766456242,2,Segment_2
13155,33.88125,4,971.76,6.880137391945464,1,Segment_1
13157,49.958333333333336,4,1741.22,7.462915441057162,1,Segment_1
13158,95.03611111111111,4,1201.06,7.091792030654675,1,Segment_1
13159,9.0625,4,1429.35,7.26567444855103,1,Segment_1
13160,22.988194444444446,1,91.8,4.530446639792155,2,Segment_2
13161,313.94930555555555,1,112.75,4.7340030578310595,5,Segment_5
13162,122.86875,4,1688.29,7.432063601299488,1,Segment_1
13165,46.90625,2,1021.48,6.929986327823459,1,Segment_1
13166,283.8986111111111,1,417.2,6.035959786994534,5,Segment_5
13167,19.018055555555556,4,791.33,6.674977971699642,1,Segment_1
13168,36.99583333333333,4,1299.59,7.170573286646459,1,Segment_1
13169,64.02708333333334,2,712.88,6.570714880987815,2,Segment_2
13170,27.021527777777777,1,108.81,4.698751599609622,2,Segment_2
13171,22.099305555555556,3,468.41,6.151476586982076,2,Segment_2
13173,4.874305555555556,2,353.65,5.871131387648096,2,Segment_2
13174,16.927083333333332,3,2742.82,7.917106389026516,1,Segment_1
13176,46.87986111111111,1,481.49,6.178960195175666,2,Segment_2
13177,65.12083333333334,1,282.45,5.6470357407703125,2,Segment_2
13178,26.858333333333334,11,5725.47,8.652854564021988,1,Segment_1
13182,45.96111111111111,1,121.18,4.805495367221621,2,Segment_2
13183,8.097222222222221,9,3957.7799999999997,8.283691175973804,1,Segment_1
13184,15.033333333333333,10,1668.95,7.420548964842826,1,Segment_1
13185,268.0375,1,71.4,4.282206299391671,5,Segment_5
13186,40.048611111111114,3,1575.89,7.363209831835215,1,Segment_1
13187,337.7451388888889,1,236.02,5.4681445257603025,5,Segment_5
13188,11.890277777777778,1,114.6,4.750135956238277,2,Segment_2
13189,19.090972222222224,2,260.68,5.567122383230129,2,Segment_2
13192,95.94236111111111,2,911.94,6.81667016102037,2,Segment_2
13193,61.93055555555556,1,112.08,4.72809553282539,2,Segment_2
13194,136.15902777777777,1,60.7,4.122283930911342,2,Segment_2
13196,11.955555555555556,4,1797.78,7.494863936311281,1,Segment_1
13198,10.897916666666667,6,3401.24,8.132189317204716,1,Segment_1
13199,4.013888888888889,38,9817.12,9.191984936991869,4,Segment_4
13200,19.885416666666668,4,870.09,6.769745301020691,1,Segment_1
13203,10.086805555555555,4,869.46,6.769021807549381,1,Segment_1
13207,15.915277777777778,2,250.26000000000002,5.526488259576272,2,Segment_2
13208,59.12222222222222,6,1217.65,7.105498967663615,1,Segment_1
13209,30.955555555555556,8,5891.61,8.681454302434092,1,Segment_1
13210,94.18888888888888,1,353.48,5.8706519268912345,2,Segment_2
13211,10.921527777777778,3,1095.42,6.999805605779951,1,Segment_1
13212,20.006944444444443,3,786.83,6.669282330542903,2,Segment_2
13213,57.047222222222224,5,1520.58,7.327504547645857,1,Segment_1
13216,268.02222222222224,1,333.74,5.813354111085492,5,Segment_5
13217,122.8875,3,533.98,6.282229363019668,2,Segment_2
13218,127.82708333333333,1,62.64,4.153242203469586,2,Segment_2
13220,78.96666666666667,4,819.2900000000001,6.7096579362724444,2,Segment_2
13221,240.82777777777778,2,847.41,6.743364009514037,5,Segment_5
13223,200.9909722222222,2,163.2,5.101085197018328,5,Segment_5
13224,60.91319444444444,2,2155.95,7.676450465777419,1,Segment_1
13225,3.972916666666667,7,6463.84,8.774133542253146,1,Segment_1
13226,273.9270833333333,1,108.21,4.693272634209637,5,Segment_5
13227,202.04375,1,257.7,5.5556690891919835,5,Segment_5
13228,81.93194444444444,1,358,5.883322388488279,2,Segment_2
13229,226.0298611111111,1,160.95,5.087287645617338,5,Segment_5
13230,4.865972222222222,14,2755.63,7.921764198172896,1,Segment_1
13232,13.090972222222222,7,1328.35,7.192445379947863,1,Segment_1
13233,74.97569444444444,2,605.12,6.407077986267962,2,Segment_2
13235,212.8173611111111,1,1031.07,6.939321773198559,5,Segment_5
13236,25,2,744.85,6.614524507599939,2,Segment_2
13238,17.884027777777778,4,700.73,6.553548714657728,2,Segment_2
13239,262.10069444444446,1,329.56,5.800788185931274,5,Segment_5
13240,96.94583333333334,4,663.65,6.499260586313608,2,Segment_2
13242,112.99791666666667,3,270.40000000000003,5.603593747400769,2,Segment_2
13243,203.98333333333332,1,585.12,6.373524546769825,5,Segment_5
13244,93.04444444444445,1,121.74,4.810068296960951,2,Segment_2
13245,51.048611111111114,1,430.5,6.067267510523482,2,Segment_2
13246,18.833333333333332,6,1961.52,7.581984640687438,1,Segment_1
13247,18.077083333333334,4,501.12,6.218839134950008,2,Segment_2
13248,125.00694444444444,2,465.68,6.145643797955656,2,Segment_2
13249,92.975,3,711.41,6.56865358837482,2,Segment_2
13253,157.11180555555555,2,1030.4,6.9386723816168585,2,Segment_2
13255,9.983333333333333,2,399.51,5.992738734985712,2,Segment_2
13258,12.138194444444444,3,672.83,6.512977853578813,2,Segment_2
13259,62.084722222222226,1,283.18,5.64960784020993,2,Segment_2
13260,61.97847222222222,1,557.62,6.325469456665338,2,Segment_2
13261,269.01944444444445,2,944.1,6.8512907420010105,5,Segment_5
13262,263.90555555555557,1,200.29,5.3047466543129405,5,Segment_5
13263,1.9520833333333334,35,7436.93,8.914347863308706,4,Segment_4
13265,53.90833333333333,5,2092.66,7.646669009574865,1,Segment_1
13266,11.924305555555556,12,3834.2599999999998,8.251992508113439,1,Segment_1
13267,3.0680555555555555,19,4521.49,8.416818006100614,4,Segment_4
13268,18.040972222222223,11,3174.75,8.06329910390357,1,Segment_1
13269,1.9145833333333333,15,5343.28,8.583782109053482,4,Segment_4
13270,366.9145833333333,1,590,6.3818160174060985,5,Segment_5
13271,37.92986111111111,1,211.49,5.358894928433641,2,Segment_2
13272,31.95138888888889,2,276.56,5.626037126031348,2,Segment_2
13273,113.95,1,138.98,4.941499555261394,2,Segment_2
13276,64.00416666666666,2,590.93,6.3833883846494786,2,Segment_2
13277,16.145138888888887,4,258.4,5.5583712718823435,2,Segment_2
13278,41.04236111111111,1,542.73,6.298452800117238,2,Segment_2
13279,78.80972222222222,1,137.75,4.932673752626544,2,Segment_2
13280,122.98333333333333,3,798.46,6.68393649975286,2,Segment_2
13282,18.886805555555554,3,1132.1399999999999,7.032747819149021,1,Segment_1
13283,60.125,2,93.66,4.5502915244781015,2,Segment_2
13284,331.14375,1,201.19,5.309207849379209,5,Segment_5
13285,23.979861111111113,4,2709.12,7.904748193336201,1,Segment_1
13291,156.09305555555557,1,361.11,5.8919480330707374,2,Segment_2
13292,39.11527777777778,2,578.94,6.362924649913461,2,Segment_2
13294,190.1638888888889,2,873.74,6.773926699344786,5,Segment_5
13295,360.06180555555557,1,201.2,5.309257306586371,5,Segment_5
13296,137.9611111111111,1,87.4,4.481871969643598,2,Segment_2
13297,8.1375,4,2089.85,7.645325960844005,1,Segment_1
13298,1.9854166666666666,1,360,5.8888779583328805,2,Segment_2
13299,268.99652777777777,1,142.5,4.966335035199676,5,Segment_5
13300,169.98680555555555,1,371.89,5.921283469984221,5,Segment_5
13301,104.05902777777777,4,618.09,6.428250657915328,2,Segment_2
13302,155.7875,1,63.75,4.1705337005796475,5,Segment_5
13304,351.9270833333333,1,300.42,5.7085046409915305,5,Segment_5
13305,4.899305555555555,10,2000.86,7.601832027360015,1,Segment_1
13307,120.81666666666666,1,15,2.772588722239781,2,Segment_2
13308,23.138194444444444,3,1385.51,7.23454507743516,1,Segment_1
13309,7.844444444444444,5,1456.79,7.2846768692730555,1,Segment_1
13310,28.810416666666665,3,1132.03,7.032650739053453,1,Segment_1
13311,4.996527777777778,2,598.5699999999999,6.396212731621162,2,Segment_2
13313,22.834722222222222,5,1555.32,7.35007933912113,1,Segment_1
13314,2.0145833333333334,3,775.9399999999999,6.655363127308804,2,Segment_2
13316,37.96527777777778,4,5732.93,8.654156438485995,1,Segment_1
13317,66.96875,6,2273.68,7.729594662150938,1,Segment_1
13318,1.7493055555555554,3,640.76,6.464214402021743,2,Segment_2
13319,5.969444444444444,26,10845.55,9.29160233605445,4,Segment_4
13320,78.77986111111112,4,1532.2,7.3351123335064,1,Segment_1
13321,72.89305555555555,2,567.36,6.342755020769874,2,Segment_2
13322,17.936805555555555,1,199.48,5.300714491147758,2,Segment_2
13323,3.8180555555555555,5,787.85,6.670576188703463,1,Segment_1
13324,36.84861111111111,10,7121.95,8.871077244439467,1,Segment_1
13325,82.09305555555555,1,675.3,6.516636764580894,2,Segment_2
13327,39.10347222222222,8,3627.77,8.196649026863438,1,Segment_1
13328,316.89444444444445,1,1308.48,7.17738539082617,5,Segment_5
13329,32.09791666666667,2,789,6.672032945461067,2,Segment_2
13330,93.01597222222222,3,1140.93,7.040475092365302,1,Segment_1
13332,14.972222222222221,1,350.9,5.863347044327539,2,Segment_2
13334,82.8951388888889,3,3502.32,8.161466369296502,1,Segment_1
13336,77.94791666666667,1,795.12,6.679749928251019,2,Segment_2
13338,158.15555555555557,1,487.02,6.190356388619899,2,Segment_2
13339,201.1798611111111,1,860.12,6.758233867538541,5,Segment_5
13340,45.982638888888886,7,10736.48,9.28149570365981,1,Segment_1
13341,261.125,1,775.85,6.65524728153801,5,Segment_5
13343,178.01805555555555,1,353.43,5.870510865261174,5,Segment_5
13344,68.12847222222223,3,2511.69,7.829109171398687,1,Segment_1
13345,288.1590277777778,1,389.5,5.967427969279741,5,Segment_5
13347,70.97361111111111,1,341.36,5.835862815013409,2,Segment_2
13348,64.80694444444444,1,233.76,5.458563715690134,2,Segment_2
13349,11.196527777777778,1,247.32,5.514718236994854,2,Segment_2
13350,16.84513888888889,2,979.12,6.887675013147945,1,Segment_1
13351,66.99652777777777,1,373.94,5.926766013169045,2,Segment_2
13352,60.954861111111114,1,397.98,5.988911290320265,2,Segment_2
13354,71.98125,1,743.53,6.612753146812557,2,Segment_2
13355,122.91805555555555,1,674.7,6.515749190558129,2,Segment_2
13356,80.92847222222223,1,768.24,6.645403014442647,2,Segment_2
13357,257.95416666666665,1,609.4,6.414114479970247,5,Segment_5
13358,269.04027777777776,1,439.03,6.086842906406214,5,Segment_5
13359,64.13888888888889,1,439.56,6.088046644954226,2,Segment_2
13362,9.922916666666667,4,3090.74,8.036489318202769,1,Segment_1
13363,18.006944444444443,2,992.5,6.901234061991872,1,Segment_1
13364,71.77569444444444,1,134.96,4.9123607248279155,2,Segment_2
13365,34.00972222222222,2,2225.37,7.708127735453272,1,Segment_1
13366,50.96736111111111,1,56.16,4.045854353061666,2,Segment_2
13368,257.11875,2,623.4,6.436791188641277,5,Segment_5
13369,366.05555555555554,1,308.28,5.734247015460021,5,Segment_5
13370,372.1,1,754.87,6.62786940372116,5,Segment_5
13372,90.00277777777778,1,378.64,5.939223435262291,2,Segment_2
13373,61.08263888888889,3,3312.25,8.105684859760789,1,Segment_1
13375,89.1048611111111,1,778.65,6.658845101030894,2,Segment_2
13376,99.85694444444445,3,1019.76,6.928302726869797,1,Segment_1
13379,26.961805555555557,3,572.56,6.351862551846838,2,Segment_2
13381,32.03611111111111,6,3639.31,8.199824121839633,1,Segment_1
13382,281.11597222222224,1,222.99,5.411601408001375,5,Segment_5
13384,31.073611111111113,7,4151.93,8.331569388203366,1,Segment_1
13385,330.12361111111113,1,534.57,6.283331600299074,5,Segment_5
13388,131.9986111111111,2,677.1,6.519294769689797,2,Segment_2
13389,11.950694444444444,3,797.96,6.683310881934879,2,Segment_2
13390,75.175,1,544.08,6.30093257288162,2,Segment_2
13391,204.08333333333334,1,59.8,4.107589788972121,5,Segment_5
13394,2.051388888888889,8,2520.02,7.832418860516229,1,Segment_1
13395,185.90694444444443,1,307.72,5.7324347172293635,5,Segment_5
13396,29.827083333333334,2,1360.99,7.216702144538598,1,Segment_1
13397,73.07916666666667,5,1544.13,7.342863328186895,1,Segment_1
13398,192.98125,1,457.34000000000003,6.127611266781323,5,Segment_5
13402,127.87430555555555,2,621.23,6.433309799308897,2,Segment_2
13403,18.181944444444444,1,75,4.330733340286331,2,Segment_2
13404,1.8840277777777779,2,252.49,5.5353243745214,2,Segment_2
13405,74.82569444444445,3,572.451,6.351672492640208,2,Segment_2
13408,2.15625,62,28117.04,10.244166642215127,4,Segment_4
13410,24.886805555555554,5,1003.06,6.911807059422235,1,Segment_1
13411,107.95347222222222,1,213.54999999999998,5.368542811437534,2,Segment_2
13414,134.04513888888889,3,1390.5,7.238137580965946,1,Segment_1
13416,44.1625,2,712.5,6.570182436916891,2,Segment_2
13417,5.167361111111111,2,640.83,6.4643234711171225,2,Segment_2
13418,12.102083333333333,18,6127.43,8.720693878671442,4,Segment_4
13419,64.00069444444445,1,221.06,5.40294761562612,2,Segment_2
13420,150.16805555555555,2,159.85,5.080472253685035,2,Segment_2
13421,40.93680555555556,2,1833.71,7.514641709852188,1,Segment_1
13422,64.96388888888889,1,2626.3,7.8737119818711125,1,Segment_1
13425,108.81736111111111,3,1624.21,7.393392317183492,1,Segment_1
13426,1.1604166666666667,10,3641.32,8.200376120238847,1,Segment_1
13427,19.991666666666667,3,582.6,6.369215816648631,2,Segment_2
13428,10.9375,1,201.78,5.3121216475244335,2,Segment_2
13429,11.152777777777779,4,1006.8,6.915525016246498,1,Segment_1
13430,19.188194444444445,2,679.45,6.5227543440063265,2,Segment_2
13431,67.95902777777778,2,1269.1,7.146850916510274,1,Segment_1
13434,74.93055555555556,2,534.24,6.282715244436788,2,Segment_2
13435,5.920138888888889,7,3809.89,8.245618036642021,1,Segment_1
13436,2.095138888888889,1,196.89,5.287711320760812,2,Segment_2
13437,14.95138888888889,7,3408.06,8.134191872452362,1,Segment_1
13439,255.9375,1,283.71,5.651471118359793,5,Segment_5
13441,92.13333333333334,1,296.64,5.69588470252906,2,Segment_2
13447,23.966666666666665,3,1129.14,7.030096797837492,1,Segment_1
13448,17.011805555555554,6,3534.69,8.170663750231064,1,Segment_1
13449,24.181944444444444,1,291.88,5.679762968811981,2,Segment_2
13450,27.038888888888888,6,2043.72,7.623016139787193,1,Segment_1
13451,26.869444444444444,5,2898.26,7.972210810998752,1,Segment_1
13452,259.93819444444443,2,590,6.3818160174060985,5,Segment_5
13453,166.13611111111112,2,356.98,5.880477118918354,5,Segment_5
13455,25.061805555555555,2,1058.34,6.965401351674954,1,Segment_1
13456,18.147222222222222,6,1766.72,7.477445859614847,1,Segment_1
13458,7.889583333333333,14,9646.57,9.174461349151194,4,Segment_4
13460,29.814583333333335,2,183.44,5.217324207338505,2,Segment_2
13461,39.15902777777778,3,1445,7.27655640271871,1,Segment_1
13462,253.0625,1,151.5,5.0271645960474665,5,Segment_5
13464,58.90902777777778,1,674.68,6.515719591185634,2,Segment_2
13466,184.84097222222223,1,307.9,5.733017599924536,5,Segment_5
13467,11.11736111111111,2,1071.91,6.978129862132399,1,Segment_1
13468,2.0909722222222222,37,5704.97,8.64926827413607,4,Segment_4
13470,99.91180555555556,2,165,5.111987788356544,2,Segment_2
13471,1.8791666666666667,4,2501.84,7.825181366096544,1,Segment_1
13473,61.0625,2,422.64,6.048884037975468,2,Segment_2
13474,236.95625,1,226.84,5.428643628223611,5,Segment_5
13475,191.95694444444445,4,1431.78,7.2673718919667785,5,Segment_5
13476,179.03472222222223,2,1238.47,7.122439147874555,5,Segment_5
13477,38.03194444444444,6,1454.58,7.283159725605137,1,Segment_1
13479,201.08680555555554,2,300.95,5.71026144075391,5,Segment_5
13481,46.15486111111111,5,1804.56,7.498626071957096,1,Segment_1
13482,232.82430555555555,1,184.64000000000001,5.223809314372975,5,Segment_5
13483,66.03958333333334,1,140.34,4.951168335262708,2,Segment_2
13484,241.84722222222223,1,313.8,5.751937516543248,5,Segment_5
13485,233.95277777777778,1,454.24,6.120824752413689,5,Segment_5
13486,78.98402777777778,3,1122.41,7.024123981607583,1,Segment_1
13487,58.02986111111111,3,575.4,6.356801864125367,2,Segment_2
13488,17.922916666666666,13,8968.31,9.101564029017187,4,Segment_4
13489,105.98194444444445,4,449.52,6.110402471179496,2,Segment_2
13491,52.17916666666667,10,1215.82,7.103996177364903,1,Segment_1
13492,136.93402777777777,3,1269.84,7.147433378135437,1,Segment_1
13493,275.8854166666667,2,618.63,6.429122525704993,5,Segment_5
13494,312.0361111111111,1,316.26,5.759721626980309,5,Segment_5
13495,8.061805555555555,5,2044.87,7.623578405880983,1,Segment_1
13496,11.077777777777778,2,653.33,6.483611811351871,2,Segment_2
13497,283.15694444444443,2,348.05,5.855215178416411,5,Segment_5
13499,18.061805555555555,5,1159.11,7.056270107190766,1,Segment_1
13500,23.885416666666668,3,1166.77,7.062851226189096,1,Segment_1
13501,288.74375,1,1340.32,7.201409482704207,5,Segment_5
13502,17.090972222222224,3,292,5.680172609017068,2,Segment_2
13503,71.97708333333334,1,216.85,5.383806752563451,2,Segment_2
13504,64.97916666666667,1,295.93,5.693496420787701,2,Segment_2
13505,73.0375,4,4393.63,8.388138619999735,1,Segment_1
13506,316.95625,2,458.52,6.130182466419805,5,Segment_5
13507,3.984027777777778,4,2479.16,7.816078353206984,1,Segment_1
13508,244.0361111111111,1,110.97,4.718230978272105,5,Segment_5
13509,9.11111111111111,7,979.72,6.888286995786739,1,Segment_1
13510,1.961111111111111,4,1791.56,7.491400044716921,1,Segment_1
13512,261.11597222222224,1,251.21,5.530262073815315,5,Segment_5
13513,127.04166666666667,1,205.1,5.328361487896413,2,Segment_2
13514,74.13263888888889,1,152.2,5.0317442573064906,2,Segment_2
13515,73.05833333333334,4,891.12,6.793600652679757,1,Segment_1
13516,21.98263888888889,3,1389.41,7.2373539466601775,1,Segment_1
13517,60.046527777777776,3,2128.42,7.663604921153483,1,Segment_1
13518,86.09791666666666,1,627.16,6.442794911088096,2,Segment_2
13519,78.76805555555555,1,122.75,4.8182634014487995,2,Segment_2
13520,59.104166666666664,6,3624.35,8.195706114352095,1,Segment_1
13521,1.9583333333333333,3,1071.73,6.977962080025035,1,Segment_1
13522,30.902083333333334,1,125.8,4.842611042003125,2,Segment_2
13523,33.90208333333333,5,3964.88,8.285483051435902,1,Segment_1
13524,41.01111111111111,5,680.18,6.523826588404497,2,Segment_2
13525,15.034027777777778,2,628.78,6.445370552049637,2,Segment_2
13527,34.03194444444444,7,2242.36,7.7157300209728215,1,Segment_1
13529,79.14930555555556,2,307.76,5.732564276081653,2,Segment_2
13531,205.82916666666668,2,483.8,6.1837364347551045,5,Segment_5
13532,34.017361111111114,1,210.31,5.353326249578836,2,Segment_2
13533,183.0388888888889,3,269.09,5.598755236788495,5,Segment_5
13534,2.915277777777778,25,5870.08,8.677793882270105,4,Segment_4
13536,1.8416666666666666,7,3444.39,8.144792384587438,1,Segment_1
13538,43.84444444444444,7,1280.85,7.156059625954846,1,Segment_1
13539,86.10555555555555,3,631.34,6.449427224173901,2,Segment_2
13544,40.03680555555555,2,276.06,5.624234089229733,2,Segment_2
13546,12.916666666666666,3,621.09,6.433084776805697,2,Segment_2
13548,96.91666666666667,2,678.16,6.520856740447811,2,Segment_2
13549,26.145833333333332,7,918.2,6.823503726534546,1,Segment_1
13551,319.9194444444444,1,91.80000000000001,4.530446639792155,5,Segment_5
13552,66.89652777777778,12,3740.07,8.227126945747532,1,Segment_1
13555,74.00972222222222,4,4098.88,8.318712983971391,1,Segment_1
13557,28.893055555555556,2,584.06,6.371714406075083,2,Segment_2
13558,6.059722222222222,4,594.52,6.389434973453886,2,Segment_2
13560,7.985416666666667,1,171.42000000000002,5.149933360781779,2,Segment_2
13561,216.0076388888889,1,141.85999999999999,4.961865129726826,5,Segment_5
13562,82.0826388888889,3,1799.3300000000002,7.495725260414088,1,Segment_1
13563,84.92013888888889,2,777.53,6.657407526177046,2,Segment_2
13564,144.9284722222222,3,1724.67,7.453370659852556,1,Segment_1
13565,19.928472222222222,2,240.22,5.485709380155097,2,Segment_2
13566,41.03541666666667,2,856.84,6.75441760191189,2,Segment_2
13568,173.92222222222222,1,187.05,5.2367078849163455,5,Segment_5
13569,17.988194444444446,2,338.62,5.8278273455181555,2,Segment_2
13570,243.96805555555557,1,239.49,5.482678508639762,5,Segment_5
13571,13.085416666666667,12,2088.94,7.644890636412799,1,Segment_1
13572,206.03541666666666,1,1384.25,7.233635907747459,5,Segment_5
13573,50.928472222222226,2,290.25,5.674182004879911,2,Segment_2
13575,23.983333333333334,5,732.07,6.597241195280628,2,Segment_2
13576,10.886111111111111,18,6717.34,8.812596379192264,4,Segment_4
13577,25.896527777777777,4,1687.6000000000001,7.4316550622354,1,Segment_1
13579,15.172916666666667,2,467.04,6.148553762350757,2,Segment_2
13581,309.92291666666665,1,118,4.77912349311153,5,Segment_5
13583,156.09027777777777,1,781.03,6.661893102980819,2,Segment_2
13584,307.00069444444443,1,142.4,4.96563792816552,5,Segment_5
13587,64.01319444444445,1,712.4,6.570042272924791,2,Segment_2
13588,16.08888888888889,9,2478.95,7.815993677665464,1,Segment_1
13589,15.027777777777779,2,379.65,5.941880317752221,2,Segment_2
13590,11.997222222222222,6,1981.92,7.592325784791223,1,Segment_1
13591,65.01666666666667,3,1117.1299999999999,7.019412926024925,1,Segment_1
13592,36.12569444444444,4,247.96,5.5172922409900265,2,Segment_2
13593,108.96875,5,2011.88,7.607321811344266,1,Segment_1
13594,53.10486111111111,1,396.97,5.986376625559036,2,Segment_2
13596,6.034027777777778,2,664.11,6.499952440510379,2,Segment_2
13598,47.93194444444445,1,160.04,5.081652781331536,2,Segment_2
13599,1.8611111111111112,21,5149.92,8.546930618480117,4,Segment_4
13600,312.8909722222222,1,219.52,5.395988393721483,5,Segment_5
13601,45.80486111111111,2,693.32,6.54293294933599,2,Segment_2
13602,65.04375,1,428.89,6.063529362008149,2,Segment_2
13603,26.87013888888889,1,164.34,5.108003959824529,2,Segment_2
13606,29.794444444444444,3,276.75,5.6267214285197396,2,Segment_2
13607,40.85625,1,675.51,6.516947229467592,2,Segment_2
13610,12.883333333333333,7,1082.33,6.987794909727863,1,Segment_1
13611,89.91597222222222,3,1154.4,7.052201883347165,1,Segment_1
13614,24.91875,4,1585.46,7.369260397972974,1,Segment_1
13615,319.18680555555557,1,417.69,6.037130789291114,5,Segment_5
13617,40.958333333333336,3,544.18,6.301116015363744,2,Segment_2
13618,174.0701388888889,1,177.34,5.183691840706733,5,Segment_5
13621,117.18333333333334,1,213.85,5.3699401102210045,2,Segment_2
13623,31.03472222222222,5,727.74,6.591317015443623,2,Segment_2
13626,253.11458333333334,1,257.23,5.5538506606638975,5,Segment_5
13627,59.9375,5,1638.47,7.402128297855622,1,Segment_1
13629,23.978472222222223,11,7792.36,8.961027368080067,1,Segment_1
13630,5.898611111111111,7,2031.78,7.617159593311352,1,Segment_1
13631,100.12013888888889,11,3070.42,8.029895274358873,1,Segment_1
13632,25.082638888888887,5,2118.93,7.659138348252998,1,Segment_1
13634,33.96527777777778,5,1547.36,7.344951585251755,1,Segment_1
13635,68.07986111111111,1,1071.03,6.977309326313799,1,Segment_1
13636,37.09722222222222,5,949.12,6.856588292406893,1,Segment_1
13637,52.97083333333333,3,804.3,6.6912148788015,2,Segment_2
13638,16.091666666666665,1,122.64,4.817374117263916,2,Segment_2
13639,74.96805555555555,1,1033.34,6.941518821134943,1,Segment_1
13642,216.01111111111112,1,312.28,5.7470973593421455,5,Segment_5
13643,31.884027777777778,3,519.44,6.254674607635275,2,Segment_2
13644,16.946527777777778,4,2624.2599999999998,7.87293521773988,1,Segment_1
13645,120.86041666666667,1,252.1,5.533784667551078,2,Segment_2
13647,10.034722222222221,4,1648.12,7.4079970912884825,1,Segment_1
13649,257.0409722222222,2,346.6,5.851052393391237,5,Segment_5
13650,17.019444444444446,6,1836.34,7.516074152465826,1,Segment_1
13651,35.91041666666667,2,94.2,4.55597994179732,2,Segment_2
13652,46.16597222222222,3,1095.08,6.999495457544853,1,Segment_1
13654,43.85138888888889,6,2707.33,7.90408748775984,1,Segment_1
13655,114.93402777777777,2,932.97,6.83944431779864,2,Segment_2
13656,165.09652777777777,2,379.65,5.941880317752221,5,Segment_5
13657,11.0125,2,382.14,5.948400457636955,2,Segment_2
13658,10.109027777777778,5,2639.17,7.878598588006555,1,Segment_1
13659,206.0090277777778,2,1563,7.355001921105257,5,Segment_5
13662,86.03194444444445,3,881.26,6.782486797146853,2,Segment_2
13663,179.87916666666666,1,189.47,5.249494701850468,5,Segment_5
13666,60.88263888888889,3,84.65,4.450269224770129,2,Segment_2
13667,149.88055555555556,1,299.05,5.703949127435522,2,Segment_2
13668,3.027083333333333,21,6309.83,8.750022484127467,4,Segment_4
13669,51.1375,2,218.54999999999998,5.391579997007726,2,Segment_2
13670,75.89236111111111,1,349.7,5.859931157146132,2,Segment_2
13672,301.95625,2,186.39000000000001,5.233192006587575,5,Segment_5
13673,19.027083333333334,2,387.44,5.962138717726154,2,Segment_2
13675,151.9951388888889,2,486.82,6.18994648535133,2,Segment_2
13678,152.10833333333332,1,232.6,5.453610250954072,2,Segment_2
13680,1.9604166666666667,4,3719.12,8.221511204811428,1,Segment_1
13681,18.06736111111111,4,827.83,6.720015067761323,1,Segment_1
13682,187.94722222222222,1,59.5,4.102643365036796,5,Segment_5
13684,286.1090277777778,1,65.13,4.191622501686571,5,Segment_5
13685,3.0479166666666666,7,3119.44,8.045729296501372,1,Segment_1
13686,183.15277777777777,1,72,4.290459441148391,5,Segment_5
13689,63.97847222222222,1,910,6.814542897259958,2,Segment_2
13690,59.90763888888889,1,172.25,5.1547356380700124,2,Segment_2
13692,25.064583333333335,3,1488.32,7.30607491892943,1,Segment_1
13694,4.1375,50,65039.62,11.082767276771584,4,Segment_4
13695,31.933333333333334,15,2504.13,7.826095908379989,1,Segment_1
13697,39.15,1,151.3,5.025852259901116,2,Segment_2
13699,155.83263888888888,1,308.58,5.735216540145731,2,Segment_2
13700,26.993055555555557,10,2248.63,7.718521037231551,1,Segment_1
13703,318.9861111111111,1,99.5,4.61015772749913,5,Segment_5
13704,5.9006944444444445,9,2308.06,7.744595794291895,1,Segment_1
13705,8.0125,3,711.86,6.569285047698251,2,Segment_2
13706,303.1451388888889,1,330.79,5.8045022386644325,5,Segment_5
13707,267.78263888888887,2,806.41,6.693831593776871,5,Segment_5
13708,271.9611111111111,1,285.33,5.657144991804844,5,Segment_5
13709,4.098611111111111,13,6307.65,8.749676986528248,4,Segment_4
13710,32.19027777777778,1,180.48,5.201145454795763,2,Segment_2
13711,219.09652777777777,2,252.06,5.5336266147611175,5,Segment_5
13712,247.01180555555555,1,228.84,5.437383414671034,5,Segment_5
13715,281.7284722222222,5,1077.39,6.983224467118015,5,Segment_5
13716,269.9590277777778,1,138.28,4.936486295459933,5,Segment_5
13717,32.94236111111111,6,1445.01,7.276563318324119,1,Segment_1
13718,246.9763888888889,2,306.55,5.728637675654378,5,Segment_5
13719,15.891666666666667,5,1041.68,6.949549600639115,1,Segment_1
13720,117.00277777777778,4,799.9,6.685736095329637,2,Segment_2
13721,36.947916666666664,1,524.14,6.263664893709055,2,Segment_2
13722,132.00416666666666,3,2375.41,7.773346224518516,1,Segment_1
13723,217.82361111111112,1,199.85,5.302558360805291,5,Segment_5
13725,50.115972222222226,8,1980.56,7.5916396922628975,1,Segment_1
13726,39.08402777777778,2,1079.66,6.985327244577022,1,Segment_1
13727,29.127777777777776,2,333.48,5.81257708704831,2,Segment_2
13728,37.08402777777778,6,1016.14,6.924750046357999,1,Segment_1
13730,136.17708333333334,2,752.6,6.624861723262153,2,Segment_2
13731,219.9284722222222,2,610.59,6.416062123365316,5,Segment_5
13732,28.875694444444445,1,491.86,6.200225158054739,2,Segment_2
13735,25.066666666666666,4,2883.54,7.967120720822151,1,Segment_1
13736,5.896527777777778,2,729.8,6.594139824503851,2,Segment_2
13737,200.84583333333333,1,339.6,5.830708768228588,5,Segment_5
13739,18.96875,1,216.9,5.384036241950574,2,Segment_2
13740,241.09583333333333,1,350.75,5.862920695994498,5,Segment_5
13741,72.14652777777778,3,668.43,6.506426604026369,2,Segment_2
13742,17.071527777777778,12,3107.87,8.04201459509639,1,Segment_1
13743,3.1118055555555557,7,1341.6,7.2023633115046515,1,Segment_1
13744,95.89652777777778,2,1080.52,6.9861227380561495,1,Segment_1
13745,162.83819444444444,1,300.04,5.707243146285182,5,Segment_5
13747,374.09236111111113,1,79.6,4.389498649512583,5,Segment_5
13748,96.12847222222223,5,948.25,6.855672199111912,1,Segment_1
13750,54.02361111111111,5,1647.26,7.407475465015805,1,Segment_1
13751,288.87083333333334,1,296.25,5.694573535570891,5,Segment_5
13752,124.94027777777778,6,1175.3799999999999,7.070197205515259,1,Segment_1
13753,288.00138888888887,1,741.26,6.609699586102796,5,Segment_5
13754,152.04097222222222,2,282.6,5.647564794657972,2,Segment_2
13755,4.016666666666667,9,2108.06,7.653997629576229,1,Segment_1
13756,2.8375,14,5189.5199999999995,8.55458916381921,4,Segment_4
13758,12.06875,7,3190.55,8.068261971187837,1,Segment_1
13759,33.91875,2,659.41,6.492860854269306,2,Segment_2
13760,54.859027777777776,2,286.79,5.662231047497966,2,Segment_2
13761,50.950694444444444,2,1070.65,6.976954795783142,1,Segment_1
13762,219.14930555555554,1,306.72,5.729190278590734,5,Segment_5
13763,63.90069444444445,1,1714.96,7.447727969752915,1,Segment_1
13764,71.03263888888888,3,1519.42,7.3267418914616185,1,Segment_1
13767,2.9097222222222223,37,17220.36,9.753905752795765,4,Segment_4
13769,2.904166666666667,10,2796.5099999999998,7.936485014799888,1,Segment_1
13771,64.93888888888888,4,2634.45,7.876809224383177,1,Segment_1
13772,34.046527777777776,3,1122.63,7.024319794766853,1,Segment_1
13774,82.03055555555555,1,345,5.846438775057725,2,Segment_2
13777,1.0173611111111112,33,25977.16,10.165011464005927,4,Segment_4
13778,103.89236111111111,1,178.7,5.191288793789513,2,Segment_2
13780,7.959027777777778,2,360.01,5.888905658780245,2,Segment_2
13781,251.02916666666667,1,127.84,4.858571324462998,5,Segment_5
13782,13.03888888888889,6,908.86,6.8132907415215165,1,Segment_1
13784,10.136805555555556,11,2462.79,7.809456093748633,1,Segment_1
13786,367.95625,1,230.4,5.444147814759576,5,Segment_5
13787,76.03055555555555,2,309.04,5.736701321413311,2,Segment_2
13790,4.876388888888889,1,348.8,5.857361562584502,2,Segment_2
13791,128.04583333333332,2,1516,7.324489979348532,1,Segment_1
13792,66.92986111111111,2,195.55,5.280916851867869,2,Segment_2
13798,1.8743055555555554,57,37153.85,10.522849593441716,4,Segment_4
13799,117.02986111111112,2,688.86,6.5364886784538845,2,Segment_2
13800,310.0159722222222,1,558.3199999999999,6.32672176017265,5,Segment_5
13801,67.10763888888889,1,324.8,5.786283696167945,2,Segment_2
13802,139.08055555555555,3,4599.42,8.433902882657025,1,Segment_1
13803,255.9951388888889,1,277.07,5.627872880555851,5,Segment_5
13804,31.0125,7,2588.39,7.85917760571858,1,Segment_1
13805,52.916666666666664,2,924.6,6.830442175879467,2,Segment_2
13806,64.04652777777778,1,256.38,5.550553592065519,2,Segment_2
13807,367.87638888888887,1,112.6,4.732683506287051,5,Segment_5
13808,6.022222222222222,5,1747.66,7.466605059322925,1,Segment_1
13809,305.9826388888889,1,155.05,5.0501764687167885,5,Segment_5
13810,29.178472222222222,3,1499.01,7.313227053734746,1,Segment_1
13811,184.12222222222223,3,814.5,6.703801422061068,5,Segment_5
13812,42.93263888888889,3,539,6.29156913955832,2,Segment_2
13813,40.09166666666667,4,1366.86,7.221002753764198,1,Segment_1
13814,92.95972222222223,2,1579.12,7.365256072504094,1,Segment_1
13815,22.938194444444445,4,4027.36,8.301114624224146,1,Segment_1
13816,24.175,2,571.67,6.3503096345809205,2,Segment_2
13817,29.792361111111113,2,382.98,5.950590467898009,2,Segment_2
13819,302.09166666666664,3,1140.35,7.039967051290641,5,Segment_5
13821,145.12569444444443,2,385.64,5.957494027536828,2,Segment_2
13822,6.0256944444444445,2,632,6.450470422144176,2,Segment_2
13823,19.102777777777778,2,957.66,6.865536476045727,1,Segment_1
13824,33.00625,5,1698.94,7.438348235303808,1,Segment_1
13826,176.9597222222222,1,189.5,5.249652194566756,5,Segment_5
13827,58.00833333333333,3,409.8,6.018106478054404,2,Segment_2
13828,22.866666666666667,1,209.49,5.349438146055751,2,Segment_2
13831,16.88125,6,2198.45,7.695962608091198,1,Segment_1
13832,19.884722222222223,1,52.2,3.9740583963475986,2,Segment_2
13833,159.97430555555556,1,383.85,5.9528536479803265,5,Segment_5
13835,25.884027777777778,4,834.57,6.728114126692287,1,Segment_1
13837,212.02777777777777,2,266.59,5.589455958348054,5,Segment_5
13838,6.076388888888889,4,674.82,6.515926768396882,2,Segment_2
13841,253.02777777777777,1,85,4.454347296253507,5,Segment_5
13842,59.08263888888889,9,3385.62,8.127587652841866,1,Segment_1
13844,11.978472222222223,1,361.62,5.893355453997663,2,Segment_2
13845,65.18402777777777,1,312.98,5.749329289612172,2,Segment_2
13846,25.02986111111111,3,865.06,6.763954190227071,1,Segment_1
13848,92.99444444444444,3,1255,7.135687347028144,1,Segment_1
13849,52.077083333333334,2,1537.95,7.338855644682132,1,Segment_1
13850,129.94861111111112,1,1595.48,7.375556484672672,1,Segment_1
13851,96.00972222222222,3,2651.46,7.883242790261331,1,Segment_1
13853,57.93888888888889,1,1090.1399999999999,6.994978300240205,1,Segment_1
13854,9.155555555555555,25,8109.5199999999995,9.000917263426343,4,Segment_4
13856,169.1159722222222,3,388.5,5.964863865310803,5,Segment_5
13858,57.85625,1,216.17000000000002,5.38068045697316,2,Segment_2
13859,326.85833333333335,1,201.16,5.309059463079938,5,Segment_5
13860,1.9951388888888888,5,1245.9,7.1284157500025405,1,Segment_1
13862,18.851388888888888,8,2209.36,7.700910677173299,1,Segment_1
13863,248.10416666666666,1,305.78,5.726130878319963,5,Segment_5
13865,58.97152777777778,4,501.56,6.219715035790337,2,Segment_2
13866,74.91388888888889,1,145.67,4.988185165258664,2,Segment_2
13867,31.87638888888889,3,1005.09,6.913826809878765,1,Segment_1
13868,7.845833333333333,2,3192.54,8.068885298365506,1,Segment_1
13869,123.95625,4,3083.65,8.034193477715295,1,Segment_1
13870,2.9770833333333333,8,2770.94,7.927302715053892,1,Segment_1
13871,23.084027777777777,13,6403.25,8.764717111455825,4,Segment_4
13873,120.1125,3,389.6,5.967684018442578,2,Segment_2
13874,358.7708333333333,1,540.45,6.294250726074389,5,Segment_5
13875,54.13472222222222,5,1786.79,7.488735499171278,1,Segment_1
13876,64.10277777777777,1,122.7,4.8178592793984425,2,Segment_2
13877,86.87569444444445,1,117.24,4.772716457199891,2,Segment_2
13878,55.02152777777778,1,1271.57,7.148793756734876,1,Segment_1
13880,21.9625,13,3219.77,8.077375740386112,1,Segment_1
13881,4,20,17159.52,9.75036667561313,4,Segment_4
13882,3.0652777777777778,5,1191.13,7.083496902081326,1,Segment_1
13883,11.086805555555555,5,2674.48,7.891884082485146,1,Segment_1
13884,7.847222222222222,5,787.6,6.670259221443527,1,Segment_1
13885,189.9048611111111,2,506.8,6.230087669270578,5,Segment_5
13886,71.98125,1,243.56,5.499460677582579,2,Segment_2
13887,204.8111111111111,1,349.55,5.859503349652977,5,Segment_5
13888,120.10902777777778,2,595.67,6.391364196743265,2,Segment_2
13889,93.15069444444444,1,416.9,6.03524216945387,2,Segment_2
13890,1.8847222222222222,10,1883.81,7.541582299045909,1,Segment_1
13892,27.041666666666668,4,632.97,6.4520016347056774,2,Segment_2
13893,298.05555555555554,1,821.1,6.711862042158088,5,Segment_5
13894,24.129166666666666,3,564.62,6.337922474636114,2,Segment_2
13895,28.82847222222222,4,2593.07,7.860983349863101,1,Segment_1
13897,50.93055555555556,1,311.16,5.743515876874802,2,Segment_2
13898,326.0986111111111,1,155.93,5.055799846050629,5,Segment_5
13899,16.96527777777778,2,388.52,5.9649152118744455,2,Segment_2
13900,183.725,3,740.95,6.609281855452135,5,Segment_5
13901,72.91805555555555,5,2867.2,7.961439934295112,1,Segment_1
13904,37.96458333333333,2,332.64,5.810062567373411,2,Segment_2
13908,80.0423611111111,4,2369.55,7.770877274716226,1,Segment_1
13911,57.87986111111111,9,2580.91,7.856284714098846,1,Segment_1
13914,12.09375,2,626.45,6.441663986556317,2,Segment_2
13917,50.12083333333333,2,272.04,5.609618304598452,2,Segment_2
13918,50.017361111111114,2,1212.84,7.101544167216986,1,Segment_1
13919,59.93472222222222,2,384.81,5.955345020301596,2,Segment_2
13922,352.09166666666664,1,172.25,5.1547356380700124,5,Segment_5
13923,54.011805555555554,1,351.13,5.864000425598742,2,Segment_2
13924,2.1326388888888888,6,1838.85,7.517439325540823,1,Segment_1
13925,93.00208333333333,4,678.25,6.520989248306457,2,Segment_2
13926,23.981944444444444,1,223.85,5.415433513216716,2,Segment_2
13927,75.03472222222223,1,348.99,5.857904582646717,2,Segment_2
13928,11.095138888888888,4,464.57,6.143262461351643,2,Segment_2
13929,169.89166666666668,2,842.65,6.737737716644347,5,Segment_5
13930,58.12847222222222,2,337.34,5.824051307047146,2,Segment_2
13931,96.10972222222222,2,1237.53,7.121680471486267,1,Segment_1
13932,295.03333333333336,1,307.4,5.731397641689174,5,Segment_5
13933,109.94930555555555,2,608.79,6.413114635600407,2,Segment_2
13934,264.1743055555556,1,922.1,6.8277375709961055,5,Segment_5
13936,180.16875,1,376.58,5.933782466766897,5,Segment_5
13937,169.84375,1,158.85,5.074235875505851,5,Segment_5
13938,35.925694444444446,1,71.66,4.2857910267930555,2,Segment_2
13939,23.97013888888889,3,568.55,6.344846575345921,2,Segment_2
13940,17.899305555555557,4,839.14,6.73356854461668,1,Segment_1
13941,22.12986111111111,5,5112.96,8.539729334154528,1,Segment_1
13946,79.97013888888888,3,561.57,6.332515570780452,2,Segment_2
13947,65.92222222222222,1,90.6,4.517431271680085,2,Segment_2
13948,361.10555555555555,1,102,4.634728988229636,5,Segment_5
13949,3.1354166666666665,6,2427.32,7.794954939211736,1,Segment_1
13950,11.920833333333333,4,745.0600000000001,6.61480602592395,2,Segment_2
13951,176.83819444444444,3,674.45,6.5153791354156905,5,Segment_5
13952,218.15972222222223,2,3251.071,8.087047303147697,1,Segment_1
13953,7.865277777777778,7,3515.68,8.16527264169811,1,Segment_1
13954,2,2,439.92,6.088863453095115,2,Segment_2
13955,154.81319444444443,2,322.96,5.780620051380789,2,Segment_2
13956,5.979166666666667,5,1019.27,6.927822577132249,1,Segment_1
13959,79.90555555555555,3,594.04,6.388628630176759,2,Segment_2
13960,21.89097222222222,2,230.22,5.443369638247176,2,Segment_2
13962,22.16875,2,169.54999999999998,5.139028508864655,2,Segment_2
13963,308.9215277777778,4,664.54,6.500598741212994,5,Segment_5
13967,146.03333333333333,1,80.7,4.403054001865957,2,Segment_2
13969,7.902083333333334,18,9024.17,9.107772619588772,4,Segment_4
13971,19.030555555555555,8,2758.2599999999998,7.922717806819661,1,Segment_1
13972,71.03888888888889,2,190.25,5.253581472706645,2,Segment_2
13973,287.8951388888889,1,264.7,5.582367852765768,5,Segment_5
13974,49.922916666666666,1,413.59,6.027290080077415,2,Segment_2
13975,31.979861111111113,6,2461.24,7.808826783715541,1,Segment_1
13976,207.15069444444444,1,357.98,5.8832666766299955,5,Segment_5
13978,15.051388888888889,2,196.79,5.287205861793318,2,Segment_2
13979,73.97083333333333,1,869.87,6.769492711981713,2,Segment_2
13980,60.96944444444444,1,200.14,5.304001183016334,2,Segment_2
13982,39.85138888888889,4,1871.81,7.535195255760907,1,Segment_1
13983,30.072222222222223,12,2603.43,7.864969120264265,1,Segment_1
13984,27.008333333333333,5,920.51,6.8260136289229445,1,Segment_1
13985,4.822222222222222,15,7060.13,8.862360374336811,4,Segment_4
13986,17.90972222222222,1,320.46,5.7728731191409945,2,Segment_2
13988,20.10763888888889,6,4147.96,8.330612979409075,1,Segment_1
13989,66.12708333333333,2,1266.08,7.144470319606423,1,Segment_1
13990,213.89652777777778,1,311.3,5.7439642642890325,5,Segment_5
13991,12.855555555555556,6,852.88,6.749790668692898,1,Segment_1
13992,30.89375,1,76.8,4.354141431184346,2,Segment_2
13993,43.15555555555556,9,3466.36,8.151148776464021,1,Segment_1
13994,4.072916666666667,6,2274.14,7.7297968679531754,1,Segment_1
13995,15.936111111111112,5,1393.69,7.240427447338227,1,Segment_1
13999,10.965277777777779,12,3901.81,8.269452085493503,1,Segment_1
14000,211.83333333333334,1,635.66,6.456235761113554,5,Segment_5
14001,46.09652777777778,3,2043.08,7.622703089500935,1,Segment_1
14002,134.87152777777777,2,529.73,6.274253417348632,2,Segment_2
14004,43.923611111111114,7,4582.64,8.430248721279204,1,Segment_1
14005,10.00625,5,2874.72,7.964058356660503,1,Segment_1
14006,116.13263888888889,3,962.1899999999999,6.8702506924408615,2,Segment_2
14009,198.87708333333333,2,695.61,6.546225713269575,5,Segment_5
14012,278.01666666666665,1,328.8,5.7984864101254985,5,Segment_5
14013,110.90902777777778,3,473.02,6.161249514897758,2,Segment_2
14014,77.98055555555555,1,505.18,6.226892337255411,2,Segment_2
14015,53.11666666666667,1,917.34,6.8225676924206855,2,Segment_2
14016,162.05625,4,4341.21,8.376138714077541,1,Segment_1
14019,47.109027777777776,3,1421.61,7.260248491657529,1,Segment_1
14020,17.144444444444446,2,642.8,6.467388118864708,2,Segment_2
14021,155.87777777777777,3,631.9,6.45031243178126,2,Segment_2
14022,225.92430555555555,1,440,6.089044875446846,5,Segment_5
14023,7.9527777777777775,2,584.0699999999999,6.371731498193053,2,Segment_2
14024,122.05555555555556,2,327.7,5.795145480670174,2,Segment_2
14027,61.15902777777778,1,104.82,4.661739537475985,2,Segment_2
14029,63.919444444444444,2,467.66,6.149877558850261,2,Segment_2
14030,18.834722222222222,8,2358.84,7.766349099111192,1,Segment_1
14031,7.817361111111111,19,17286.86,9.757759800051202,4,Segment_4
14032,2.89375,11,2975.59,7.998533628991687,1,Segment_1
14034,22.95,3,648.89,6.476803117799309,2,Segment_2
14035,29.115972222222222,5,1428.02,7.264744173633186,1,Segment_1
14036,285.14166666666665,1,626.65,6.441982686264217,5,Segment_5
14037,176.95347222222222,2,147.2,4.998562712861986,5,Segment_5
14038,78.96736111111112,3,1560.38,7.353325324586606,1,Segment_1
14039,33.959722222222226,1,152.2,5.0317442573064906,2,Segment_2
14040,41.00555555555555,12,3560.32,8.177886541638598,1,Segment_1
14041,266.97569444444446,1,141.41,4.958710221231336,5,Segment_5
14044,27.03125,4,646.42,6.472995233816948,2,Segment_2
14045,109.89097222222222,4,1659.75,7.415024586545351,1,Segment_1
14046,284.91805555555555,1,154.99,5.049791902630777,5,Segment_5
14047,9.046527777777778,5,1308.61,7.177484661947136,1,Segment_1
14048,305.9145833333333,1,409.93,6.018422883689063,5,Segment_5
14049,17.020833333333332,4,5578.72,8.626893874904868,1,Segment_1
14050,32.11805555555556,2,746.36,6.616546996753798,2,Segment_2
14051,1.1041666666666667,23,15610.39,9.655756055028828,4,Segment_4
14052,20.01388888888889,1,225.36,5.422126652274323,2,Segment_2
14053,124.93263888888889,2,260.25,5.565477803279021,2,Segment_2
14054,65.87569444444445,1,92.46000000000001,4.53753353727228,2,Segment_2
14055,106.90694444444445,1,725.64,6.588431169193958,2,Segment_2
14056,1.9680555555555554,23,8152.71,9.006228317380044,4,Segment_4
14057,24.095833333333335,17,6211.66,8.734344424600405,4,Segment_4
14059,267.1138888888889,1,183.6,5.218191322068752,5,Segment_5
14060,5.014583333333333,19,6140.42,8.722811264760628,4,Segment_4
14062,10.115277777777777,12,10464.85,9.255872854706382,4,Segment_4
14064,29.983333333333334,5,1334.34,7.1969412200564244,1,Segment_1
14066,267.0201388888889,1,152.55,5.034026246886832,5,Segment_5
14067,64.10347222222222,2,374.7,5.928790952579924,2,Segment_2
14068,320.8666666666667,1,265.85,5.586686702779954,5,Segment_5
14071,4.0159722222222225,8,1437.57,7.271404843608142,1,Segment_1
14073,32.87569444444444,1,151.04,5.024143644121048,2,Segment_2
14075,5.175,3,942.26,6.849341960431477,1,Segment_1
14076,129.89652777777778,1,118.67,4.784737954585425,2,Segment_2
14077,41.010416666666664,5,499.42,6.2154477458196355,2,Segment_2
14078,102.02361111111111,6,1049.3700000000001,6.956897762032364,1,Segment_1
14079,125.02777777777777,1,375.1,5.929855065476291,2,Segment_2
14080,33.07013888888889,1,45.599999999999994,3.8416005411316,2,Segment_2
14081,302.85625,2,921.62,6.827217448755657,5,Segment_5
14082,365.075,1,182.25,5.2108513407667605,5,Segment_5
14083,4.983333333333333,9,1002.9,6.911647693697481,1,Segment_1
14085,2.9611111111111112,18,4421.29,8.394412940452025,4,Segment_4
14087,3.00625,1,191.47,5.259940297427033,2,Segment_2
14088,10.856944444444444,13,50491.81,10.829586228889369,4,Segment_4
14089,57.09166666666667,1,158.75,5.073610093257644,2,Segment_2
14090,325.0826388888889,1,76.32,4.34795265434013,5,Segment_5
14092,8.025694444444444,14,4076.91,8.313339881248881,1,Segment_1
14093,12.849305555555556,1,433.86,6.075024140206913,2,Segment_2
14096,4.814583333333333,17,65164.79,11.084689916963537,4,Segment_4
14098,37.109027777777776,1,147.35,4.999574346736831,2,Segment_2
14099,16.95625,11,3104.17,8.040823743271407,1,Segment_1
14100,138.07569444444445,1,191.95,5.262431087983628,2,Segment_2
14101,74.01527777777778,6,5976.79,8.695806213421232,1,Segment_1
14102,5.883333333333334,5,1105.8799999999999,7.009300525748804,1,Segment_1
14104,155,2,216.21,5.380864627515602,5,Segment_5
14105,239.7861111111111,1,1266.23,7.144588695022355,5,Segment_5
14107,52.02638888888889,7,2703.23,7.902572492717126,1,Segment_1
14108,31.089583333333334,2,597.91,6.395111336409363,2,Segment_2
14109,73.10555555555555,1,144.2,4.978112102390695,2,Segment_2
14110,4.016666666666667,12,5683.15,8.645436878735076,1,Segment_1
14111,14.9625,4,692.85,6.54225579881702,2,Segment_2
14112,23.01388888888889,7,2915.15,7.978019532134758,1,Segment_1
14113,4.022222222222222,4,1840.42,7.518292292095946,1,Segment_1
14114,274.13055555555553,2,386.53,5.959793265151517,5,Segment_5
14116,20.097916666666666,5,1382.74,7.2325452572578,1,Segment_1
14117,144.12569444444443,1,90,4.51085950651685,2,Segment_2
14121,4.021527777777778,4,2780.15,7.930619790211972,1,Segment_1
14124,84.97083333333333,1,419.58,6.041634711020558,2,Segment_2
14125,11.002083333333333,3,2720.63,7.908986244508535,1,Segment_1
14126,8.04513888888889,3,706.13,6.561214524523949,2,Segment_2
14127,123.08402777777778,3,709.71,6.566264470368445,2,Segment_2
14128,61.03472222222222,2,637.5,6.459121675472594,2,Segment_2
14129,2.075,5,1123.86,7.025413862450224,1,Segment_1
14130,319.8645833333333,1,480.91,6.177757374624178,5,Segment_5
14132,2.96875,11,3586.0299999999997,8.185079841032296,1,Segment_1
14133,130.05277777777778,3,605.64,6.4079355343926805,2,Segment_2
14135,2.05,15,4690.31,8.453467140135627,4,Segment_4
14138,2.004166666666667,2,965.88,6.874074392613249,1,Segment_1
14139,46.96944444444444,1,415.82,6.032654473932845,2,Segment_2
14140,4.15625,2,935.05,6.841668893854277,1,Segment_1
14141,3.122916666666667,4,915.13,6.820158276001622,1,Segment_1
14142,373.84513888888887,1,311.81,5.745595977469612,5,Segment_5
14143,134.1263888888889,1,115.8,4.760463070394127,2,Segment_2
14145,47.02777777777778,4,3742.2,8.227696139552007,1,Segment_1
14146,9.105555555555556,5,4191,8.340933226000878,1,Segment_1
14147,78.77777777777777,2,483.4,6.182911011678937,2,Segment_2
14148,234.03333333333333,1,157.2,5.063860055333554,5,Segment_5
14149,221.12916666666666,1,446.62,6.103944658191983,5,Segment_5
14150,36.114583333333336,2,658.64,6.49169423166057,2,Segment_2
14152,75.99722222222222,2,621.29,6.433406222026163,2,Segment_2
14154,239.85,2,1345.62,7.205353028221294,5,Segment_5
14155,266.9423611111111,1,118.75,4.785406236291025,5,Segment_5
14156,10.080555555555556,55,117210.08,11.671731690905643,4,Segment_4
14157,20.054166666666667,2,424.89,6.054181096963448,2,Segment_2
14158,40.90416666666667,1,507.65999999999997,6.231779816930511,2,Segment_2
14159,20.009722222222223,11,4630.35,8.44060368125393,1,Segment_1
14161,216.04791666666668,3,1097.62,7.0018101257309775,5,Segment_5
14162,174.05138888888888,2,289.36,5.67112153241664,5,Segment_5
14163,87.89722222222223,4,2445.91,7.802581283035999,1,Segment_1
14164,71.01805555555555,2,1631.77,7.398033237980444,1,Segment_1
14165,276.0076388888889,1,120.44,4.79942031364732,5,Segment_5
14167,39.93125,4,562.59,6.334327036786916,2,Segment_2
14171,98.83819444444444,1,363.79,5.899321845543751,2,Segment_2
14173,11.03888888888889,4,450.84,6.1133281348648225,2,Segment_2
14174,33.98125,1,134.46,4.908676393786758,2,Segment_2
14175,60.03819444444444,3,3222.3,8.078160958464125,1,Segment_1
14176,297.9847222222222,4,576.9,6.359400843323733,5,Segment_5
14177,86.90208333333334,4,549.46,6.310754292305705,2,Segment_2
14178,9.034027777777778,7,1600.26,7.378546098312443,1,Segment_1
14179,41.02986111111111,2,701.57,6.554745040371868,2,Segment_2
14180,11.079166666666667,25,4748.5199999999995,8.465798839290947,4,Segment_4
14184,67.00486111111111,1,452.89,6.1178548779353035,2,Segment_2
14185,331.95694444444445,1,197.65,5.291544482260608,5,Segment_5
14188,31.00347222222222,6,2054.36,7.628206294069428,1,Segment_1
14189,2.8715277777777777,15,4654.08,8.44571437538519,4,Segment_4
14191,2.14375,13,4684.76,8.452283401366893,1,Segment_1
14193,68.1361111111111,2,853.39,6.750387764017586,2,Segment_2
14194,5.091666666666667,21,11349.52,9.337018836838048,4,Segment_4
14195,202.09791666666666,2,1012,6.920671504248683,5,Segment_5
14196,107.10069444444444,1,335.52,5.818657582682612,2,Segment_2
14198,18.84375,4,701.4,6.554503042320907,2,Segment_2
14199,218.9625,1,185.39999999999998,5.2278949022514904,5,Segment_5
14201,60.97430555555555,7,747.4399999999999,6.617991040326031,1,Segment_1
14204,2.966666666666667,1,150.61,5.021311434093491,2,Segment_2
14205,17.07986111111111,2,466.7,6.147827064731841,2,Segment_2
14206,239.84166666666667,1,328.15999999999997,5.796543954737512,5,Segment_5
14208,95.00138888888888,1,151.74,5.0287371294602385,2,Segment_2
14209,11.105555555555556,6,2073.43,7.637441696132993,1,Segment_1
14210,106.00972222222222,6,1905.84,7.553202700664662,1,Segment_1
14211,53.97708333333333,9,2241.1,7.715168205670426,1,Segment_1
14212,90.00347222222223,1,1070.48,6.976796149317125,1,Segment_1
14214,31.096527777777776,5,1004.38,6.913120858480547,1,Segment_1
14215,12.021527777777777,6,1789.72,7.490373052597007,1,Segment_1
14216,3.9125,4,1839.3,7.517683880791149,1,Segment_1
14217,2.0395833333333333,17,2004.98,7.603887998382448,4,Segment_4
14218,43.11805555555556,1,169.48,5.1386179877903615,2,Segment_2
14219,4.852083333333334,1,89.94,4.510199948396864,2,Segment_2
14220,247.97708333333333,2,632.4,6.45110213410454,5,Segment_5
14221,42.96388888888889,9,3432.8,8.141422798643111,1,Segment_1
14222,177.8388888888889,1,683.17,6.528206424753791,5,Segment_5
14223,92.96666666666667,3,991.13,6.89985414708588,1,Segment_1
14224,110.97638888888889,4,1009.73,6.918428121038441,1,Segment_1
14226,29.052777777777777,5,2214.79,7.703364278033695,1,Segment_1
14227,26.87638888888889,10,3350.96,8.117300528356548,1,Segment_1
14229,52.11527777777778,3,1547.2,7.344848244770613,1,Segment_1
14231,184.07291666666666,3,925.71,6.831640679513165,5,Segment_5
14232,43.07013888888889,5,2048.07,7.625141310661702,1,Segment_1
14233,49.87222222222222,4,1462.72,7.288736419398735,1,Segment_1
14234,22.789583333333333,4,754.12,6.626876677016689,2,Segment_2
14235,75.92569444444445,5,3144.86,8.053842581674434,1,Segment_1
14236,81.15069444444444,2,490.86,6.198194123153937,2,Segment_2
14237,373.9791666666667,1,161,5.087596335232384,5,Segment_5
14238,326.9236111111111,1,146.85,4.996198246298486,5,Segment_5
14239,43.923611111111114,11,2380.85,7.775632775640216,1,Segment_1
14240,30.961805555555557,2,890.34,6.792725948397371,2,Segment_2
14241,184.04444444444445,1,213.7,5.369241704884735,5,Segment_5
14242,235.04444444444445,2,280.55,5.640310051700627,5,Segment_5
14243,9.068055555555556,10,2588.77,7.859324347661553,1,Segment_1
14245,220.17361111111111,2,1693.45,7.435113483382488,5,Segment_5
14246,111.04166666666667,3,1474.06,7.296453945912696,1,Segment_1
14247,278.8951388888889,1,136.77,4.925585628056508,5,Segment_5
14248,318.9201388888889,1,302.58,5.715645167198713,5,Segment_5
14250,7.930555555555555,3,1904.05,7.552263533935522,1,Segment_1
14251,2.1791666666666667,5,2879.7,7.965788599152331,1,Segment_1
14256,260.98125,2,969.06,6.8773579252545485,5,Segment_5
14257,64.83055555555555,5,3099.72,8.039389621570026,1,Segment_1
14258,9.890972222222222,9,12669.98,9.447069618390275,1,Segment_1
14259,142.0875,1,120,4.795790545596741,2,Segment_2
14261,51.11527777777778,2,1163.45,7.060004151519799,1,Segment_1
14262,8.939583333333333,8,2618.23,7.870635660430322,1,Segment_1
14264,155.10416666666666,2,333.97,5.814040975576219,2,Segment_2
14265,109.97083333333333,2,530.18,6.275100946851013,2,Segment_2
14267,163.11180555555555,3,1516.24,7.3246481738226015,1,Segment_1
14270,332.13680555555555,1,492.65,6.201826764057459,5,Segment_5
14271,226.00208333333333,1,112.32,4.730215674962316,5,Segment_5
14272,74.1125,2,437.96,6.0844082927507195,2,Segment_2
14273,51.979166666666664,4,559.97,6.329667428156979,2,Segment_2
14276,99.12847222222223,3,1119.74,7.021744460399267,1,Segment_1
14277,15.909027777777778,3,4188,8.340217320947035,1,Segment_1
14280,197.0923611111111,1,134.04,4.905571030847647,5,Segment_5
14282,3.823611111111111,15,3701.44,8.216747340743936,4,Segment_4
14284,31.19375,2,595.25,6.390660042202551,2,Segment_2
14285,21.916666666666668,4,1910.01,7.555387177088957,1,Segment_1
14286,24.094444444444445,3,4628.75,8.440258149942116,1,Segment_1
14287,8.975694444444445,3,176.63,5.179702735211794,2,Segment_2
14288,213.9777777777778,1,426.59999999999997,6.05818817915089,5,Segment_5
14289,9.045833333333333,6,911.26,6.815925037163848,1,Segment_1
14290,11.95,5,2314.65,7.747445704647496,1,Segment_1
14291,2.1,11,3883.25,8.264685193972111,1,Segment_1
14292,8.041666666666666,9,4871.93,8.491450677872692,1,Segment_1
14293,3.8979166666666667,4,1046.56,6.954218929392177,1,Segment_1
14295,40.875,1,166.2,5.119190700650601,2,Segment_2
14297,18.155555555555555,4,1305.33,7.174976957856922,1,Segment_1
14298,8.984722222222222,44,51527.3,10.849886450287096,4,Segment_4
14299,8.864583333333334,9,3965.62,8.285669625656425,1,Segment_1
14300,19.161805555555556,1,43.2,3.7887247890836524,2,Segment_2
14301,117.88680555555555,1,640.14,6.463247841809304,2,Segment_2
14304,223.04166666666666,1,383.45,5.9518137414781895,5,Segment_5
14305,71.88958333333333,3,1858.96,7.528310261099659,1,Segment_1
14306,51.97708333333333,2,2093.32,7.646984197329087,1,Segment_1
14307,89.13333333333334,6,2995.72,8.005273636192019,1,Segment_1
14309,8.970138888888888,9,2352.53,7.763671607732549,1,Segment_1
14311,243.10833333333332,1,310.26,5.740628575776864,5,Segment_5
14312,47.12777777777778,6,1611.59,7.385596861065875,1,Segment_1
14314,107.09097222222222,1,120,4.795790545596741,2,Segment_2
14315,45.03055555555556,6,2481.13,7.816872341508149,1,Segment_1
14317,65.0875,1,508.58,6.233586857019973,2,Segment_2
14320,207.14305555555555,2,477.78999999999996,6.17126208791851,5,Segment_5
14321,11.127083333333333,5,1530.75,7.334166151605764,1,Segment_1
14323,115.05069444444445,2,605.06,6.406978991069148,2,Segment_2
14326,242.90694444444443,1,183.85,5.219544685382641,5,Segment_5
14327,163.95277777777778,1,311.65,5.745084354013307,5,Segment_5
14329,17.875,7,4975.24,8.512429864767167,1,Segment_1
14331,124.98125,2,462.65999999999997,6.139151525006747,2,Segment_2
14332,23.038888888888888,3,840.21,6.734841331537249,1,Segment_1
14333,68.09166666666667,1,415.2,6.031165913959534,2,Segment_2
14334,17.117361111111112,8,2552.21,7.845106670027843,1,Segment_1
14335,16.964583333333334,2,454.86,6.1221857448309915,2,Segment_2
14336,17.04861111111111,4,1614.91,7.387653544460817,1,Segment_1
14338,161.94583333333333,2,588.22,6.3787996283436765,5,Segment_5
14339,243.07222222222222,1,309.52,5.73824831153748,5,Segment_5
14340,219.12916666666666,1,134.7,4.9104465668408235,5,Segment_5
14341,45.87638888888889,8,2166.98,7.6815511374247345,1,Segment_1
14342,21.978472222222223,4,668.56,6.506620780234419,2,Segment_2
14344,127.9576388888889,8,889.93,6.792265860972646,1,Segment_1
14345,39.12430555555556,1,108.98,4.700298531079668,2,Segment_2
14346,121.12708333333333,2,1021.58,6.9300841244652,2,Segment_2
14348,260.8520833333333,1,409.57,6.017546438106483,5,Segment_5
14349,10.88263888888889,1,133.5,4.901564199041894,2,Segment_2
14350,274.94166666666666,1,282.93,5.6487277289070565,5,Segment_5
14351,165.0375,1,51,3.9512437185814275,5,Segment_5
14352,157.88125,4,1078.96,6.984679282395341,1,Segment_1
14353,215.86388888888888,1,90.6,4.517431271680085,5,Segment_5
14354,6.054166666666666,2,163.62,5.103639787544498,2,Segment_2
14355,366.0236111111111,1,174.4,5.1670690799380825,5,Segment_5
14356,80.14722222222223,2,701.23,6.5542609856927125,2,Segment_2
14357,43.85208333333333,1,225.12,5.42106583180709,2,Segment_2
14359,19.98125,3,912.18,6.816933013408364,1,Segment_1
14360,32.15138888888889,4,2118.03,7.658713715789601,1,Segment_1
14362,22.904166666666665,1,151.5,5.0271645960474665,2,Segment_2
14364,109.07569444444445,8,3717.35,8.221035300483413,1,Segment_1
14367,8.979861111111111,16,9227.82,9.13008647533716,4,Segment_4
14368,320.12361111111113,1,155,5.049856007249537,5,Segment_5
14371,295.84375,1,100.5,4.620058798481842,5,Segment_5
14373,358.88194444444446,1,76.55,4.350922889622548,5,Segment_5
14375,185.9625,1,235.56,5.466201875544222,5,Segment_5
14377,191.97083333333333,2,617.05,6.426569360333832,5,Segment_5
14379,44.83819444444445,2,348.1,5.855358414110991,2,Segment_2
14381,52.81944444444444,1,202.68,5.316550134809097,2,Segment_2
14382,26.855555555555554,1,615.49,6.424042101872682,2,Segment_2
14383,38.87291666666667,3,1247.69,7.129850280760371,1,Segment_1
14385,9.884722222222223,3,202.11,5.3137477042033945,2,Segment_2
14386,297.12847222222223,1,142.4,4.96563792816552,5,Segment_5
14387,33.014583333333334,3,1727.6,7.455067111318538,1,Segment_1
14388,10.970833333333333,8,3212.84,8.07522176285542,1,Segment_1
14389,65.89791666666666,2,1043.46,6.9512552844279885,1,Segment_1
14390,10.959027777777777,9,4642.57,8.443238745938231,1,Segment_1
14393,218.7736111111111,1,67.95,4.233381604239311,5,Segment_5
14395,2.9277777777777776,9,3479.91,8.15504903283773,1,Segment_1
14396,65.86180555555555,2,487.99,6.192342039368019,2,Segment_2
14397,3.1444444444444444,19,2612.96,7.868621591848266,4,Segment_4
14400,149.875,1,574.7,6.355586691681764,2,Segment_2
14401,4.972222222222222,13,4051.48,8.307084318372484,1,Segment_1
14403,130.9951388888889,4,1475.81,7.297639635123279,1,Segment_1
14404,34.013888888888886,6,1449.32,7.2795395007214125,1,Segment_1
14406,119.83055555555555,1,156.75,5.061011501421323,2,Segment_2
14407,107.95,6,2157.73,7.677275364797242,1,Segment_1
14408,11.047916666666667,7,2599.03,7.8632782624045445,1,Segment_1
14409,71.77222222222223,6,2059.45,7.630679684529584,1,Segment_1
14410,92.90416666666667,9,1100.27,7.004219338265954,1,Segment_1
14411,311.07916666666665,1,1063,6.96979066990159,5,Segment_5
14412,43.08680555555556,2,770.03,6.647727283312172,2,Segment_2
14413,362.96736111111113,1,121.05,4.804430796838969,5,Segment_5
14414,92.02847222222222,7,1496.98,7.311872812853191,1,Segment_1
14415,1.925,13,5855.57,8.675319386969873,4,Segment_4
14416,22.894444444444446,2,490.22,6.1968920926164115,2,Segment_2
14418,4.049305555555556,3,1937.25,7.569540783099068,1,Segment_1
14419,11.061111111111112,6,1051.79,6.959199062045698,1,Segment_1
14420,99.77986111111112,1,387.52,5.962344648534129,2,Segment_2
14421,57.97638888888889,2,813.11,6.702095492007746,2,Segment_2
14422,1.0583333333333333,6,4263.64,8.358113048391361,1,Segment_1
14423,218.9013888888889,1,265.2,5.5842479059610115,5,Segment_5
14424,18.043055555555554,1,322.08,5.777899970574095,2,Segment_2
14426,24.01736111111111,10,4481.67,8.407974130025062,1,Segment_1
14427,50.93541666666667,2,363.34000000000003,5.898087497602683,2,Segment_2
14428,7.98125,5,1224.06,7.110745101371203,1,Segment_1
14431,303.09027777777777,1,470.36,6.1556221332742656,5,Segment_5
14432,10.198611111111111,6,2248.5,7.7184632482812265,1,Segment_1
14434,22.1625,6,1372.8,7.225335901779781,1,Segment_1
14436,99.10902777777778,1,89.06,4.500476114873425,2,Segment_2
14437,366.1409722222222,1,63,4.1588830833596715,5,Segment_5
14438,306.9125,1,131.9,4.8895969657192,5,Segment_5
14439,320.0493055555556,1,2661.2400000000002,7.8869231526671975,5,Segment_5
14440,8.880555555555556,5,2357.68,7.765857419506838,1,Segment_1
14441,1.1548611111111111,4,1712.89,7.446520919735376,1,Segment_1
14442,205.05138888888888,2,1589.82,7.372004885545176,5,Segment_5
14443,54.111111111111114,4,1420.2,7.259256864146872,1,Segment_1
14446,1.0527777777777778,4,1010.35,6.9190413509991044,1,Segment_1
14447,19.181944444444444,5,1163.23,7.059815203273879,1,Segment_1
14448,9.958333333333334,2,375.34999999999997,5.930519561480541,2,Segment_2
14449,19.030555555555555,4,885.8,6.787619477742156,1,Segment_1
14450,181.0861111111111,3,483.25,6.182601302287106,5,Segment_5
14451,60.96666666666667,2,643.9,6.469095266016332,2,Segment_2
14452,11.030555555555555,2,259.05,5.560873920219081,2,Segment_2
14453,190.94097222222223,1,119.93,4.795211865797184,5,Segment_5
14456,5.952083333333333,9,3017.28,8.012442411697599,1,Segment_1
14457,311.1326388888889,1,113.64,4.741796783519916,5,Segment_5
14459,155.96875,1,1837.92,7.516933721754878,1,Segment_1
14460,110.93819444444445,3,434.34,6.076127334986691,2,Segment_2
14461,148.81875,3,2103.06,7.651624090561262,1,Segment_1
14462,66.87152777777777,11,1980.57,7.591644738779161,1,Segment_1
14463,98.89583333333333,3,529.62,6.2740461341708045,2,Segment_2
14465,247.00833333333333,3,1038.44,6.946437385574481,5,Segment_5
14466,29.946527777777778,7,2272.4,7.72903178725261,1,Segment_1
14467,18.00138888888889,4,596.26,6.392352529473033,2,Segment_2
14470,12.096527777777778,2,461.19,6.135976061950666,2,Segment_2
14472,104.07569444444445,8,1852.67,7.524922736755564,1,Segment_1
14473,74.90277777777777,2,234.34,5.461031277035783,2,Segment_2
14474,46.975,1,547.66,6.3074789418267985,2,Segment_2
14475,72.08611111111111,3,925.85,6.831791740175098,1,Segment_1
14476,257.8826388888889,1,193,5.267858159063328,5,Segment_5
14477,20.06875,4,1309.6,7.178240326605397,1,Segment_1
14479,254.1548611111111,2,316.25,5.759690106594497,5,Segment_5
14480,11.84375,1,279.05,5.634968158655841,2,Segment_2
14481,165.09166666666667,2,636.51,6.457569963184063,5,Segment_5
14482,18.983333333333334,6,2022.81,7.6127371524831755,1,Segment_1
14483,282.1,1,137.1,4.9279780604152466,5,Segment_5
14484,50.94375,1,321.92,5.777404614526815,2,Segment_2
14485,39.017361111111114,1,162.8,5.098646171418969,2,Segment_2
14487,27.022916666666667,6,1165.48,7.06174594600803,1,Segment_1
14488,68.13888888888889,1,1064.28,6.97099295438666,1,Segment_1
14489,207.91597222222222,1,463.38,6.14070318257422,5,Segment_5
14491,175.89444444444445,2,340.93,5.834606037750557,5,Segment_5
14493,7.858333333333333,5,2383.24,7.7766356942591806,1,Segment_1
14494,26.145138888888887,1,139.56,4.945634443878841,2,Segment_2
14495,51.015277777777776,2,123.80000000000001,4.826712455935327,2,Segment_2
14496,312.1590277777778,2,538.81,6.2912172257920815,5,Segment_5
14497,309.8256944444444,1,475.37,6.166194863206115,5,Segment_5
14498,43.02847222222222,5,1957.32,7.579842241810434,1,Segment_1
14499,26.992361111111112,3,808.44,6.696342650543626,2,Segment_2
14500,88.83680555555556,3,356.85,5.880113904184607,2,Segment_2
14501,184.03333333333333,2,251.21,5.530262073815315,5,Segment_5
14502,20.041666666666668,11,2429.83,7.795988041800972,1,Segment_1
14503,3.9722222222222223,6,3543.26,8.173084672465158,1,Segment_1
14504,47.86805555555556,4,673.26,6.513615793203887,2,Segment_2
14505,17.87847222222222,8,5859.43,8.675978258718553,1,Segment_1
14506,17.991666666666667,5,1960.65,7.5815412348134545,1,Segment_1
14507,24.020138888888887,6,1367.88,7.221748166223715,1,Segment_1
14508,22.709722222222222,2,268.05,5.594897235935429,2,Segment_2
14511,11.822916666666666,5,1314.81,7.182207724562218,1,Segment_1
14512,188.0076388888889,2,275.28,5.621414844220772,5,Segment_5
14513,101.05902777777777,3,455.59000000000003,6.1237858328484185,2,Segment_2
14514,61.864583333333336,3,990.2,6.898916330314933,1,Segment_1
14515,18.050694444444446,6,2076.89,7.63910823474312,1,Segment_1
14517,33.9375,2,330.45,5.8034769686874,2,Segment_2
14518,64.92152777777778,1,174.37,5.166898027681201,2,Segment_2
14520,2.1277777777777778,2,270.6,5.604330395684541,2,Segment_2
14522,24.976388888888888,4,974.54,6.882991163835519,1,Segment_1
14523,108.98402777777778,1,241.09,5.489309557845162,2,Segment_2
14524,32.014583333333334,9,1843.83,7.520142411307983,1,Segment_1
14525,20.050694444444446,9,4215.9,8.346855539924958,1,Segment_1
14527,3.0215277777777776,55,8507.13,9.048777455940112,4,Segment_4
14528,37.82013888888889,1,364.21999999999997,5.900499911733888,2,Segment_2
14529,60.890972222222224,3,578.61,6.362355463575814,2,Segment_2
14530,26.091666666666665,6,2862.11,7.959663725596504,1,Segment_1
14532,236.98958333333334,4,932.85,6.839315825759616,5,Segment_5
14533,25.03125,7,1949.72,7.575953814178117,1,Segment_1
14534,3.0215277777777776,18,4397.3,8.38897338161233,4,Segment_4
14535,60.88263888888889,3,2854.84,7.957121299481198,1,Segment_1
14536,260.0201388888889,1,170.95,5.147203736878275,5,Segment_5
14537,58.080555555555556,1,355.56,5.876502528638301,2,Segment_2
14538,65.09652777777778,2,388.25,5.964221810714108,2,Segment_2
14539,16.125,2,537.48,6.288750355702458,2,Segment_2
14540,10.10763888888889,3,952.66,6.860307213794826,1,Segment_1
14541,59.1125,8,1453.35,7.282314344394418,1,Segment_1
14542,186.18819444444443,1,103.25,4.646791860678911,5,Segment_5
14543,29.00347222222222,16,3599.73,8.188891881665345,4,Segment_4
14544,24.905555555555555,2,2004.3,7.603548954482988,1,Segment_1
14546,5.993055555555555,5,2573.93,7.853577628262313,1,Segment_1
14547,4.072222222222222,8,3974.75,8.287968688536026,1,Segment_1
14548,151.02152777777778,2,652.8,6.48280149429011,2,Segment_2
14549,311.9604166666667,1,289.24,5.670708166926771,5,Segment_5
14550,11.026388888888889,2,757.37,6.631171393196389,2,Segment_2
14551,18.968055555555555,2,186.23,5.232337807614061,2,Segment_2
14552,152.00069444444443,1,164.22,5.10727791913436,2,Segment_2
14553,19.979166666666668,5,859.27,6.757246293462842,1,Segment_1
14554,10.8375,4,2279.49,7.7321456111388525,1,Segment_1
14555,57.85138888888889,2,312.54,5.747926943640385,2,Segment_2
14557,85.87638888888888,1,788.38,6.671247827209794,2,Segment_2
14560,7.894444444444445,22,2237.77,7.71368188689169,4,Segment_4
14561,76.00763888888889,3,1080.76,6.986344623342368,1,Segment_1
14562,4.072916666666667,18,5006.77,8.518745985207708,4,Segment_4
14565,96.15486111111112,4,3099.12,8.039196099401456,1,Segment_1
14566,111.07291666666667,1,1432,7.267525427828172,1,Segment_1
14567,57.10347222222222,2,1530.36,7.3339115084475965,1,Segment_1
14569,1.9111111111111112,1,227.39000000000001,5.431054693986231,2,Segment_2
14570,281.0777777777778,2,218.06,5.3893456648956,5,Segment_5
14572,3.923611111111111,7,2804.54,7.93935131279746,1,Segment_1
14573,180.06597222222223,9,1639.82,7.402951395859895,1,Segment_1
14576,372.7909722222222,1,35.4,3.594568774642695,5,Segment_5
14577,13.002083333333333,4,859.71,6.757757630038034,1,Segment_1
14578,3.813888888888889,1,168.63,5.133619594507631,2,Segment_2
14581,17.007638888888888,1,138.6,4.938781190328272,2,Segment_2
14582,41.0375,1,114.11,4.74588819292697,2,Segment_2
14583,6.0125,5,986.96,6.895642211098335,1,Segment_1
14584,169.76180555555555,4,1033.06,6.941248080464172,5,Segment_5
14585,50.928472222222226,1,157.05,5.062911438661627,2,Segment_2
14586,277.1152777777778,1,237.35999999999999,5.473782135878778,5,Segment_5
14587,19.052777777777777,9,1580.29,7.365996248598568,1,Segment_1
14589,372.0472222222222,1,39.75,3.7074558396868715,5,Segment_5
14591,15.953472222222222,4,1320.21,7.18630326236477,1,Segment_1
14592,35.84375,3,557.94,6.326042132868397,2,Segment_2
14593,22.00138888888889,3,617.15,6.426731146452936,2,Segment_2
14594,7.973611111111111,2,363.33,5.898060050335743,2,Segment_2
14595,20.02638888888889,6,1740.6,7.462559509920338,1,Segment_1
14597,11.984027777777778,2,866.24,6.76531575508289,2,Segment_2
14598,44.97986111111111,1,221.97,5.40703723326228,2,Segment_2
14600,306.12638888888887,1,393.33,5.977188122189173,5,Segment_5
14601,11.126388888888888,1,213.96,5.370451964307236,2,Segment_2
14603,275.09930555555553,1,660,6.493753839851686,5,Segment_5
14606,1.7236111111111112,93,12076.15,9.399070516501299,3,Segment_3
14607,16.09375,14,16209.5,9.69341445941133,4,Segment_4
14608,4.831944444444445,4,1785.15,7.48781774447192,1,Segment_1
14609,72.99722222222222,4,601.56,6.401187245468788,2,Segment_2
14616,243.12222222222223,3,406.08,6.009009726323731,5,Segment_5
14618,9.961805555555555,3,553.44,6.317958595345153,2,Segment_2
14619,246.2173611111111,1,394.44,5.979999068998704,5,Segment_5
14620,206.0361111111111,2,412.78000000000003,6.0253344316155975,5,Segment_5
14621,1.8527777777777779,5,1788.36,7.489613293002015,1,Segment_1
14622,185.00555555555556,1,320.58,5.773246346316266,5,Segment_5
14623,32.954166666666666,5,886.7,6.788633848074274,1,Segment_1
14624,57.9625,2,225.85,5.424289006109973,2,Segment_2
14625,196.8875,2,899.63,6.803094518438584,5,Segment_5
14626,24.09236111111111,4,2791.27,7.934610164077709,1,Segment_1
14628,91.91111111111111,2,671.96,6.511685892514335,2,Segment_2
14629,4.829861111111111,2,955.26,6.863029842602406,1,Segment_1
14631,51.06458333333333,3,1006.98,6.915703607164632,1,Segment_1
14632,263.1673611111111,1,114.56,4.749789875598035,5,Segment_5
14633,266.82152777777776,1,344.9,5.846149715943123,5,Segment_5
14636,36.859722222222224,2,609.85,6.414851429850069,2,Segment_2
14638,51.111111111111114,1,443.6,6.097175001530096,2,Segment_2
14639,52.90555555555556,6,2984.49,8.001519166458744,1,Segment_1
14640,24.988194444444446,6,2107.38,7.653675159070001,1,Segment_1
14641,22.08888888888889,1,110.46,4.7136657821413905,2,Segment_2
14642,59.07083333333333,1,96.11999999999999,4.575947327311188,2,Segment_2
14643,170.92291666666668,2,693.81,6.54363842689435,5,Segment_5
14644,68.18055555555556,2,830.76,6.723543937669715,2,Segment_2
14645,157.14930555555554,2,597.09,6.393741244298632,2,Segment_2
14646,2.026388888888889,73,280206.02,12.5432839661044,3,Segment_3
14647,201.96527777777777,1,236.04,5.4682289032653095,5,Segment_5
14649,5.013888888888889,4,1402.59,7.246788519146775,1,Segment_1
14651,67.87361111111112,2,653.75,6.484253483387821,2,Segment_2
14652,77.93680555555555,1,114.17999999999999,4.7464961220785264,2,Segment_2
14653,1.9618055555555556,7,1926.65,7.56405692342126,1,Segment_1
14655,8.848611111111111,4,1932.23,7.5669474581621285,1,Segment_1
14656,169.95763888888888,2,291.05,5.676925020486318,5,Segment_5
14657,18.002083333333335,4,848.22,6.744318281129723,1,Segment_1
14658,5.885416666666667,2,247.15,5.51403340203345,2,Segment_2
14659,9.022916666666667,9,2529.93,7.836342103110113,1,Segment_1
14660,87.05277777777778,2,285.74,5.6585758818181215,2,Segment_2
14661,27.040972222222223,1,107.95,4.690889061390629,2,Segment_2
14662,29.025694444444444,4,741.37,6.609847771172747,2,Segment_2
14664,20.077083333333334,2,636.24,6.4571463507046944,2,Segment_2
14665,61.15,5,1835.7,7.5157257621344895,1,Segment_1
14666,24.99513888888889,1,195.25,5.279389356662517,2,Segment_2
14667,11.055555555555555,25,9175.04,9.124351017997613,4,Segment_4
14669,242.04652777777778,3,1259.24,7.139057457997714,5,Segment_5
14670,280.9423611111111,2,392.86,5.97599551620405,5,Segment_5
14672,235.10486111111112,2,765.55,6.641899927756463,5,Segment_5
14673,3.9298611111111112,5,1736.4,7.46014502182582,1,Segment_1
14675,16.994444444444444,1,596.36,6.392519946727447,2,Segment_2
14676,31.972916666666666,6,2548.24,7.843550554514271,1,Segment_1
14680,25.827083333333334,16,28754.11,10.266570769562204,4,Segment_4
14681,71.87361111111112,3,498.95,6.214508093421858,2,Segment_2
14682,188.0263888888889,2,52,3.970291913552122,5,Segment_5
14684,26.053472222222222,5,1201.51,7.092166317953654,1,Segment_1
14687,107.03541666666666,1,628.38,6.444735207830545,2,Segment_2
14688,8.016666666666667,21,5579.1,8.626961976361729,4,Segment_4
14689,209.0611111111111,1,112.8,4.73444252169223,5,Segment_5
14690,44.88263888888889,2,355.05,5.875071170428134,2,Segment_2
14691,31.01388888888889,5,2114.33,7.656966107678013,1,Segment_1
14692,137.90416666666667,4,591.55,6.384435257634458,2,Segment_2
14693,265,1,172.9,5.158480421360237,5,Segment_5
14696,4.9631944444444445,7,2078.95,7.640099133944896,1,Segment_1
14697,218.8826388888889,2,188.61,5.2449693310461125,5,Segment_5
14698,2.0166666666666666,5,1217.27,7.105187098580444,1,Segment_1
14699,214.9138888888889,1,109.13,4.701661486176852,5,Segment_5
14700,32.923611111111114,3,2195.1,7.694438338933248,1,Segment_1
14701,11.008333333333333,9,2526.09,7.834823722108157,1,Segment_1
14702,1.7229166666666667,17,3251.79,8.087268368594886,4,Segment_4
14703,15.14375,1,318.17,5.765723876196384,2,Segment_2
14704,11.999305555555555,9,1493.96,7.309854729614,1,Segment_1
14705,199.0076388888889,1,179,5.19295685089021,5,Segment_5
14708,3.1868055555555554,3,1126.3700000000001,7.027642765394543,1,Segment_1
14709,15.88125,13,4921.04,8.501478357695712,1,Segment_1
14710,14.914583333333333,4,599.48,6.39772933538671,2,Segment_2
14711,10.911111111111111,11,2839.62,7.951777617188277,1,Segment_1
14712,29.99375,3,917.0699999999999,6.822273640436711,1,Segment_1
14713,9.85,11,2662.2,7.887283686260815,1,Segment_1
14714,24.988194444444446,1,160.19,5.08258379340884,2,Segment_2
14715,25.02777777777778,4,867.38,6.766629406877568,1,Segment_1
14716,43.80625,2,307.51,5.73175425773095,2,Segment_2
14719,2.004861111111111,5,1581.84,7.366975980862403,1,Segment_1
14720,6.033333333333333,3,663.81,6.499501285546037,2,Segment_2
14722,147.9111111111111,1,180.42,5.200814785186798,2,Segment_2
14723,10.89375,6,1122.36,7.024079473268938,1,Segment_1
14725,25.005555555555556,1,655.58,6.487044544658406,2,Segment_2
14727,274.9201388888889,1,268.58,5.596865192310124,5,Segment_5
14729,374.0048611111111,1,313.49,5.750952279132591,5,Segment_5
14730,1.9243055555555555,8,1897.57,7.548856250206247,1,Segment_1
14731,47.87222222222222,3,380.02,5.942851867187289,2,Segment_2
14732,8.927777777777777,8,2702.4900000000002,7.902298809906397,1,Segment_1
14733,16.882638888888888,12,9585.91,9.168153905320404,4,Segment_4
14735,4.028472222222222,32,6065.69,8.710568430543226,4,Segment_4
14737,4.106944444444444,3,1164.55,7.060948357598531,1,Segment_1
14738,43.1625,7,1314.45,7.181934091396172,1,Segment_1
14739,4.830555555555556,7,3902.28,8.269572504294867,1,Segment_1
14740,197.77291666666667,3,1448.21,7.278773859355933,5,Segment_5
14741,12.168055555555556,6,1400.34,7.245184200691345,1,Segment_1
14744,16.999305555555555,7,1099.98,7.00395597125342,1,Segment_1
14745,113.11458333333333,5,1220.26,7.107638391655096,1,Segment_1
14747,249.9451388888889,1,328.2,5.796665468802915,5,Segment_5
14748,29.761805555555554,5,1415.75,7.256120795049728,1,Segment_1
14752,44.03819444444444,1,389.64,5.967786419753405,2,Segment_2
14753,87.91666666666667,1,563.15,6.335320173584455,2,Segment_2
14754,45.03402777777778,2,638.05,6.459982698577723,2,Segment_2
14755,10.059722222222222,11,5010.28,8.519446650469105,1,Segment_1
14756,15.775694444444444,1,738.96,6.606596130683188,2,Segment_2
14757,75.9263888888889,1,420.5,6.04381977744191,2,Segment_2
14758,145.18680555555557,4,1484.06,7.303210454460983,1,Segment_1
14759,5.032638888888889,3,1625.97,7.394474668204541,1,Segment_1
14760,297.84930555555553,1,89.2,4.502029427068578,5,Segment_5
14761,59.02777777777778,2,255.9,5.548686904115838,2,Segment_2
14762,264.1875,1,300.52,5.70883634895888,5,Segment_5
14764,47.03888888888889,1,278.3,5.632286472951131,2,Segment_2
14765,29.70625,3,254.11,5.541694824693056,2,Segment_2
14766,8.864583333333334,6,2473.37,7.813741097146052,1,Segment_1
14768,17.997222222222224,2,192.6,5.265794174842477,2,Segment_2
14769,3.1013888888888888,8,10416.98,9.251288438549023,1,Segment_1
14770,232.93680555555557,2,876.42,6.7769857830927895,5,Segment_5
14772,112.90694444444445,1,139.26,4.943497843108764,2,Segment_2
14775,58.890972222222224,3,1011.9,6.9205727826927514,1,Segment_1
14776,51.88611111111111,11,2538.2999999999997,7.839643731479347,1,Segment_1
14778,127.89375,2,730.86,6.595589238838791,2,Segment_2
14779,281.00555555555553,3,386.15,5.958812214832733,5,Segment_5
14780,55.00277777777778,2,447.68,6.106309938777023,2,Segment_2
14782,320.06805555555553,1,200.1,5.303802296778606,5,Segment_5
14784,26.97222222222222,2,289.99,5.673288902319859,2,Segment_2
14785,10.978472222222223,2,77.4,4.361823927356363,2,Segment_2
14788,7.822222222222222,2,679.44,6.522739647741382,2,Segment_2
14789,29.160416666666666,1,197.64,5.2914941411999115,2,Segment_2
14790,17.14027777777778,4,745.06,6.61480602592395,2,Segment_2
14792,64.14652777777778,1,6.2,1.9740810260220096,2,Segment_2
14793,21.916666666666668,1,228.99,5.438035829717119,2,Segment_2
14794,3.1104166666666666,7,1319.91,7.186076171996967,1,Segment_1
14795,166.99027777777778,1,131.45000000000002,4.886205215718078,5,Segment_5
14796,1.8881944444444445,17,7975.49,8.984253744057574,4,Segment_4
14798,53.077777777777776,3,173.74,5.163299154869948,2,Segment_2
14799,51.856944444444444,1,157.7,5.0670156275323635,2,Segment_2
14800,48.00277777777778,12,4331.79,8.373966955298872,1,Segment_1
14801,61.893055555555556,1,189.34,5.248811946644198,2,Segment_2
14803,162.95277777777778,3,845.55,6.741169266574241,2,Segment_2
14804,9.0625,1,353.27,5.8700593342813,2,Segment_2
14805,15.854166666666666,4,546.4,6.305179796606579,2,Segment_2
14806,75.8875,1,193.39,5.269866450374021,2,Segment_2
14808,40.02013888888889,8,2718.6,7.908240089652304,1,Segment_1
14810,41.06319444444444,11,2085.33,7.643161820556003,1,Segment_1
14813,370.03680555555553,2,152.88,5.0361730778840945,5,Segment_5
14815,37.05138888888889,2,778.5,6.658652688497831,2,Segment_2
14816,197.98194444444445,1,271.85,5.608922193632241,5,Segment_5
14817,200.96875,2,1110.34,7.0133217734248765,5,Segment_5
14818,74.07569444444445,3,657.8,6.490419998303485,2,Segment_2
14819,64.96458333333334,2,272.07,5.609728172573878,2,Segment_2
14820,21.88125,4,507.29,6.231052150838124,2,Segment_2
14821,367.1715277777778,1,48.8,3.9080149840306073,5,Segment_5
14823,180.98472222222222,3,321.43,5.775886058412575,5,Segment_5
14824,10.9375,4,1127.71,7.028830666672488,1,Segment_1
14825,4.05,12,2221.01,7.706167470639493,1,Segment_1
14828,197.10694444444445,3,2139.7599999999998,7.668916185155464,1,Segment_1
14829,29.856944444444444,4,697.55,6.549006758096496,2,Segment_2
14830,53.93125,1,188.88,5.246392293683117,2,Segment_2
14834,18.09722222222222,6,1720.3,7.4508350982774605,1,Segment_1
14836,10.836805555555555,3,102.45,4.639088404191552,2,Segment_2
14837,90.07777777777778,4,1649.5,7.408833551293248,1,Segment_1
14840,268.03472222222223,1,62.85,4.156536582478548,5,Segment_5
14841,53.90763888888889,6,3295.7599999999998,8.10069544697357,1,Segment_1
14842,44.009027777777774,4,2824.69,7.946507861544517,1,Segment_1
14844,64.08958333333334,4,3189.81,8.068030082042343,1,Segment_1
14847,149.08194444444445,1,309.4,5.737861788309064,2,Segment_2
14849,22.07777777777778,25,7930.54,8.978602495018041,4,Segment_4
14850,312.06180555555557,1,325.75,5.789195352504331,5,Segment_5
14851,23.9375,2,511.35,6.239007985245727,2,Segment_2
14852,58.979166666666664,6,2836.69,7.950745619900337,1,Segment_1
14853,24.829166666666666,2,475.79999999999995,6.16709711575114,2,Segment_2
14854,78.82638888888889,7,2740.03,7.916089041153508,1,Segment_1
14855,119.95,2,645.65,6.471805189861254,2,Segment_2
14856,36.91458333333333,3,1290.53,7.163582841069827,1,Segment_1
14857,60.14375,2,1173.12,7.068274209815247,1,Segment_1
14859,13.063888888888888,4,1353.74,7.211364832983292,1,Segment_1
14860,19.939583333333335,1,170.32,5.14353315274717,2,Segment_2
14861,52.99722222222222,1,125.78999999999999,4.842532174539857,2,Segment_2
14862,26.117361111111112,2,841.2,6.736017515727827,2,Segment_2
14863,29.906944444444445,1,266.76,5.590091056903071,2,Segment_2
14865,7.850694444444445,2,52.2,3.9740583963475986,2,Segment_2
14866,11.04513888888889,12,14389.9,9.574351341358595,4,Segment_4
14867,186.04930555555555,3,710.28,6.567066163812884,5,Segment_5
14868,3.917361111111111,8,2953.59,7.99111517232888,1,Segment_1
14869,9.009722222222223,2,721.45,6.5826482134396205,2,Segment_2
14870,262.0826388888889,1,327.25,5.793775513182905,5,Segment_5
14871,3.963888888888889,4,501.28000000000003,6.219157733120763,2,Segment_2
14873,210.95694444444445,1,519.68,6.25513564959826,5,Segment_5
14875,108.02083333333333,2,1465.32,7.290511139663592,1,Segment_1
14878,13.065972222222221,9,1476.09,7.297829215001296,1,Segment_1
14880,77.96388888888889,3,690.59,6.5389932944796145,2,Segment_2
14881,20.072222222222223,1,255.4,5.546738725046515,2,Segment_2
14882,27.002083333333335,2,589.7,6.38130827431319,2,Segment_2
14883,19.102083333333333,6,761.59,6.636720534303131,1,Segment_1
14885,132.03125,1,765.3199999999999,6.6415998370746365,2,Segment_2
14886,253.1625,1,364.8,5.9020867359567655,5,Segment_5
14887,79.8875,1,1862,7.529943370601589,1,Segment_1
14888,207.9111111111111,1,369.2,5.914043400139397,5,Segment_5
14889,336.8965277777778,1,135.9,4.919250732294404,5,Segment_5
14890,254.03680555555556,1,125.65,4.841427376447684,5,Segment_5
14891,148.77916666666667,2,554.38,6.319652564141498,2,Segment_2
14893,10.013194444444444,2,1237.85,7.121938808924836,1,Segment_1
14894,85.9576388888889,1,655.75,6.4873034285656495,2,Segment_2
14895,8.14375,20,11138.71,9.31827148082645,4,Segment_4
14896,205.10416666666666,2,468.77,6.152243213225462,5,Segment_5
14897,8.095833333333333,4,1366.38,7.220651779074644,1,Segment_1
14898,23.913888888888888,6,1269.31,7.147016244154614,1,Segment_1
14901,11.82013888888889,9,1421.29,7.260023527685966,1,Segment_1
14902,26.094444444444445,1,332.66,5.810122510427528,2,Segment_2
14903,21.863194444444446,5,2795.33,7.936063122140283,1,Segment_1
14904,2.9965277777777777,2,1025.44,6.933851783703411,1,Segment_1
14905,158.00625,2,616.15,6.425112106189937,2,Segment_2
14907,3.941666666666667,7,3501.1,8.161118067549472,1,Segment_1
14908,74.99583333333334,1,277.8,5.630494678886369,2,Segment_2
14910,3.113888888888889,4,434.35,6.076150305274624,2,Segment_2
14911,1.8722222222222222,201,143711.17,11.875567758808163,3,Segment_3
14912,17.145833333333332,2,867.85,6.767170498168263,2,Segment_2
14913,36.18125,4,1227.43,7.113492210280829,1,Segment_1
14915,91.96944444444445,2,307.48,5.731657011422181,2,Segment_2
14916,71.14583333333333,4,1268.98,7.146756431297139,1,Segment_1
14918,116.04166666666667,2,1610.15,7.384703488712166,1,Segment_1
14920,213.09583333333333,2,977.77,6.886296681323568,5,Segment_5
14921,30.98125,2,1316.07,7.1831648514317985,1,Segment_1
14923,51.04097222222222,1,749.1,6.620206530975591,2,Segment_2
14924,246.14236111111111,1,310.05,5.739953670961029,5,Segment_5
14929,32.81180555555556,1,223.88,5.415566926598276,2,Segment_2
14930,109.09652777777778,3,2362.96,7.768093457909063,1,Segment_1
14931,5.104861111111111,5,1257.68,7.137818831761513,1,Segment_1
14932,366.04305555555555,1,363.53,5.89860885258863,5,Segment_5
14934,82.11111111111111,2,1890.94,7.5453580366354,1,Segment_1
14935,297.92083333333335,1,1784.71,7.487571374232199,5,Segment_5
14936,34.09722222222222,8,8137.0199999999995,9.004302186164907,1,Segment_1
14937,57.014583333333334,3,1621.88,7.3919576276276855,1,Segment_1
14944,30.15277777777778,12,5900.25,8.682919471860496,1,Segment_1
14946,14.970138888888888,1,100.9,4.623991940228679,2,Segment_2
14947,72.87638888888888,2,290.82,5.676137173835876,2,Segment_2
14948,23.815277777777776,6,1101.97,7.005761820334205,1,Segment_1
14950,19.959722222222222,1,371.2,5.91943134420815,2,Segment_2
14951,79.89930555555556,1,311.69,5.745212284419341,2,Segment_2
14952,60.09513888888889,11,8099.49,8.999679832658012,1,Segment_1
14953,25.910416666666666,1,285.67,5.658331728418817,2,Segment_2
14954,12.930555555555555,1,294.85,5.689852569122703,2,Segment_2
14957,253.78541666666666,1,58.49,4.085808231199814,5,Segment_5
14958,147.9375,3,483.73,6.183592034891002,2,Segment_2
14959,64.76875,4,695.42,6.545952926608586,2,Segment_2
14960,8.997222222222222,2,221.27,5.4038928590966755,2,Segment_2
14961,11.130555555555556,9,7044.68,8.860169942031078,1,Segment_1
14962,271.13055555555553,1,126.7,4.8496837630384935,5,Segment_5
14963,10.02361111111111,5,1472.34,7.295287211280274,1,Segment_1
14964,247.9423611111111,1,206.21,5.333732771768991,5,Segment_5
14965,96.97916666666667,2,596.09,6.3920678557992385,2,Segment_2
14966,15.020833333333334,1,183.02,5.215044447354215,2,Segment_2
14967,50.07222222222222,1,463.8,6.141607205537701,2,Segment_2
14968,30.95277777777778,1,147.59,5.001190835268256,2,Segment_2
14970,68.9625,4,1592.06,7.373411973984176,1,Segment_1
14971,35.821527777777774,3,1097.98,7.002137755875882,1,Segment_1
14972,128.9138888888889,1,114.77,4.751605464217637,2,Segment_2
14973,107.87430555555555,3,1314.45,7.181934091396172,1,Segment_1
14974,37.99236111111111,1,89.94,4.510199948396864,2,Segment_2
14975,57.94583333333333,1,279.94,5.638141123402764,2,Segment_2
14976,57.84236111111111,7,790.86,6.674384608512411,1,Segment_1
14978,72.98819444444445,5,1921.3700000000001,7.561314078807358,1,Segment_1
14981,246.96180555555554,1,102.12,4.635893358630932,5,Segment_5
14984,19.931944444444444,2,202.37,5.315026980110984,2,Segment_2
14985,198.93125,2,292.01,5.680206738127495,5,Segment_5
14987,16.11875,2,326.4,5.791182664937034,2,Segment_2
14988,212.03125,1,334.54,5.8157411743422545,5,Segment_5
14995,39.049305555555556,2,231.98,5.450952612971631,2,Segment_2
14997,46.97361111111111,3,546.2,6.3048143663083405,2,Segment_2
14998,170.80555555555554,2,414.87,6.030372711422963,5,Segment_5
15000,48.047222222222224,1,490.52,6.197502630519253,2,Segment_2
15002,116.0875,4,1641.76,7.404133033112973,1,Segment_1
15004,147.94791666666666,1,1220.77,7.108055905977399,1,Segment_1
15005,16.01736111111111,28,6295.37,8.74772855584191,4,Segment_4
15006,51.90416666666667,1,480.38,6.17665697899362,2,Segment_2
15007,159.86805555555554,1,156.91,5.062025250478552,5,Segment_5
15009,12.96875,3,1259.43,7.139208211567486,1,Segment_1
15010,36.00555555555555,1,308.94,5.736378730359189,2,Segment_2
15012,54.019444444444446,2,405.04,6.00645167691623,2,Segment_2
15014,43.696527777777774,2,257.67,5.555553118030016,2,Segment_2
15016,173.03055555555557,1,170.04,5.141897447276735,5,Segment_5
15017,34.09513888888889,1,125.58,4.840874519347159,2,Segment_2
15018,39.00208333333333,3,496.21,6.209012472065032,2,Segment_2
15019,267.0104166666667,1,252.81,5.536585955607315,5,Segment_5
15021,9.039583333333333,9,1871.77,7.535173897253012,1,Segment_1
15022,12.010416666666666,4,852.39,6.749216652850701,1,Segment_1
15023,3.810416666666667,11,6720.41,8.81305323293633,1,Segment_1
15024,10.030555555555555,10,1636.43,7.400883218504078,1,Segment_1
15025,33.895833333333336,1,361.96,5.894292635355709,2,Segment_2
15026,80.95694444444445,3,469,6.152732694704104,2,Segment_2
15027,31.106944444444444,4,1066.15,6.972746822489577,1,Segment_1
15028,8.947222222222223,4,627.13,6.442747151414763,2,Segment_2
15030,72.08333333333333,2,518.28,6.252443236725213,2,Segment_2
15031,4.938194444444444,4,653.19,6.483397829142147,2,Segment_2
15032,256.90763888888887,3,4959.1,8.50918118080606,5,Segment_5
15033,5.006944444444445,10,2557.18,7.847051347137703,1,Segment_1
15034,16.027083333333334,8,4274.16,8.360576807571077,1,Segment_1
15035,90.07083333333334,1,252.73,5.536270709515726,2,Segment_2
15036,72.88055555555556,3,429.56,6.065086686978596,2,Segment_2
15038,59.053472222222226,6,685.74,6.531955763529723,2,Segment_2
15039,10.05486111111111,47,19766.59,9.891799006862502,4,Segment_4
15041,170.85694444444445,1,179.93,5.198110216131005,5,Segment_5
15042,199.85069444444446,1,135.93,4.919469846344143,5,Segment_5
15043,31.933333333333334,1,537,6.2878585601617845,2,Segment_2
15044,19.979166666666668,17,7634.7300000000005,8.94059382539389,4,Segment_4
15045,152.0534722222222,2,735.66,6.602126456028984,2,Segment_2
15046,9.875,15,5090.42,8.535312049026333,4,Segment_4
15047,270.0840277777778,1,343.62,5.842442360714953,5,Segment_5
15048,65.91319444444444,4,381,5.945420608606575,2,Segment_2
15049,274.02569444444447,1,121.17,4.8054135174159684,5,Segment_5
15050,25.85625,3,1737.69,7.460887235093727,1,Segment_1
15051,23.883333333333333,3,1383.36,7.232993217960352,1,Segment_1
15052,319.87361111111113,1,207.73000000000002,5.341041550757815,5,Segment_5
15053,5.029166666666667,3,693.95,6.5438399005307675,2,Segment_2
15054,12.908333333333333,2,302.1,5.714062784063757,2,Segment_2
15057,275.8979166666667,2,1489.5,7.306866913118126,5,Segment_5
15058,25.911805555555556,11,2102.54,7.651376918775613,1,Segment_1
15059,41.052083333333336,9,1337.72,7.199469212547289,1,Segment_1
15060,8.960416666666667,4,294.25,5.687822455077471,2,Segment_2
15061,4.030555555555556,48,54534.14,10.906600543518254,4,Segment_4
15062,71.8326388888889,4,987.86,6.896552764474143,1,Segment_1
15063,213.97569444444446,1,370.8,5.918356075287344,5,Segment_5
15065,38.12847222222222,4,3158.13,8.058051952218728,1,Segment_1
15066,53.97569444444444,1,893.59,6.796365512756079,2,Segment_2
15067,78.97916666666667,3,1744.76,7.464945269906789,1,Segment_1
15068,46.91875,2,553.36,6.317814295200602,2,Segment_2
15069,179.94027777777777,1,1109.53,7.012592657827759,5,Segment_5
15070,373.06041666666664,1,106.2,4.674696248636701,5,Segment_5
15071,94.04652777777778,2,982.07,6.890680328191671,2,Segment_2
15073,10.0875,3,1043.41,6.951207411654662,1,Segment_1
15074,105.92013888888889,1,735.67,6.60214003072033,2,Segment_2
15075,78.01597222222222,1,773.03,6.651610632528512,2,Segment_2
15076,173.18541666666667,1,880.85,6.782021973516374,5,Segment_5
15078,7.88125,32,9743.11,9.184418278884316,4,Segment_4
15079,213.00347222222223,4,895.61,6.798620984904737,5,Segment_5
15081,22.820833333333333,5,504.8,6.226141334235865,2,Segment_2
15083,257.02222222222224,1,88.2,4.490881039585964,5,Segment_5
15087,282.09444444444443,1,306.94,5.7299049588017725,5,Segment_5
15088,21.983333333333334,2,1160.07,7.057097272731341,1,Segment_1
15089,10.846527777777778,6,2420.84,7.7922828608243835,1,Segment_1
15090,308.94930555555555,1,381.32,5.946257954269902,5,Segment_5
15091,68.00208333333333,1,480.71,6.177342273229703,2,Segment_2
15092,215.94444444444446,2,457.81,6.1286361810072245,5,Segment_5
15093,18.986805555555556,6,4597.0199999999995,8.433381055030935,1,Segment_1
15095,104.03402777777778,4,1370.6,7.223733220588765,1,Segment_1
15096,43.09930555555555,1,219.39,5.3953987041986,2,Segment_2
15097,4.949305555555555,1,248.07999999999998,5.517774130004251,2,Segment_2
15098,182.88680555555555,3,39916.5,10.594570103213856,1,Segment_1
15099,84.98402777777778,1,410.48,6.019760416262829,2,Segment_2
15100,334.09375,3,876,6.776506992372183,5,Segment_5
15101,9.105555555555556,2,317.53000000000003,5.763716662099238,2,Segment_2
15103,31.914583333333333,2,703.36,6.557289589092577,2,Segment_2
15104,197.01458333333332,2,993.54,6.902280318701867,5,Segment_5
15105,18.830555555555556,7,2298.93,7.740633966671485,1,Segment_1
15106,18.148611111111112,5,1422.52,7.2608879564964575,1,Segment_1
15107,311.9194444444444,6,319.5,5.7698822763607245,5,Segment_5
15108,142.1013888888889,4,1300.25,7.171080619929179,1,Segment_1
15109,246.11944444444444,1,484.95,6.18610573794948,5,Segment_5
15110,24.065277777777776,4,996.1,6.904851065834747,1,Segment_1
15111,29.82777777777778,3,1567.48,7.357862276513416,1,Segment_1
15113,10.185416666666667,3,3509.43,8.163493816079034,1,Segment_1
15114,30.90625,10,2760.56,7.923551016427315,1,Segment_1
15115,18.910416666666666,1,340.11,5.832205005910728,2,Segment_2
15116,18.01736111111111,4,1352.75,7.2106337983152,1,Segment_1
15117,15.193055555555556,5,1551.78,7.347802151813069,1,Segment_1
15118,134.9138888888889,1,244.8,5.504518197131935,2,Segment_2
15119,246.15416666666667,1,266.4,5.588745664667843,5,Segment_5
15120,134.1263888888889,1,358.82,5.885603906408473,2,Segment_2
15121,50.91597222222222,2,457.71999999999997,6.12844000213506,2,Segment_2
15122,114.83472222222223,3,1633.78,7.399263517702882,1,Segment_1
15123,7.9847222222222225,2,2199.31,7.696353538510563,1,Segment_1
15124,23.111805555555556,2,184.19,5.221382325073915,2,Segment_2
15125,25.95347222222222,15,11528.48,9.35266251250627,4,Segment_4
15127,66.09722222222223,1,406.53,6.010114549603027,2,Segment_2
15128,60.955555555555556,4,1471,7.294377299288821,1,Segment_1
15129,50.923611111111114,11,3447.4,8.14566563433577,1,Segment_1
15130,170.10763888888889,1,330.11,5.802450646452902,5,Segment_5
15132,18.819444444444443,5,977.93,6.886460138441978,1,Segment_1
15133,128.0875,3,982.42,6.891036292375263,2,Segment_2
15134,15.163194444444445,8,1387.99,7.236332143304382,1,Segment_1
15135,239.73194444444445,1,139.05,4.941999501706118,5,Segment_5
15136,3.0166666666666666,4,1286.7,7.160612960279738,1,Segment_1
15139,240.04930555555555,2,178.95999999999998,5.192734603972972,5,Segment_5
15140,52.946527777777774,7,2354.25,7.764402157928777,1,Segment_1
15142,46.99930555555556,1,498.74,6.214087963175304,2,Segment_2
15143,226.0326388888889,1,259.45,5.562410904191201,5,Segment_5
15144,8.901388888888889,17,6580.44,8.792008845361094,4,Segment_4
15145,4.811805555555556,4,1194.73,7.0865121565162825,1,Segment_1
15146,165.02847222222223,2,1327.1599999999999,7.1915498047067254,1,Segment_1
15147,240.8701388888889,1,623.5,6.436951329565632,5,Segment_5
15148,11.186805555555555,1,301.29,5.711386821516136,2,Segment_2
15149,134.07777777777778,1,520.8,6.257284372702628,2,Segment_2
15150,17.99861111111111,10,5291.33,8.574013881567295,1,Segment_1
15152,10.0125,13,4745.69,8.465202812016113,1,Segment_1
15153,31.820138888888888,1,329.25,5.799849943402434,2,Segment_2
15154,75.86458333333333,1,254.28,5.542360981969988,2,Segment_2
15156,1.7694444444444444,3,961.49,6.869523676497577,1,Segment_1
15157,4.0569444444444445,3,1936.07,7.568931801112307,1,Segment_1
15158,45.95625,1,401.4,5.9974466187855295,2,Segment_2
15159,2.03125,30,18641.01,9.83317291504409,4,Segment_4
15160,357.94097222222223,1,158.16,5.069909985558728,5,Segment_5
15163,18.98611111111111,2,304.46999999999997,5.721851574117078,2,Segment_2
15164,69.03125,3,824.58,6.716086169627672,2,Segment_2
15165,373.94930555555555,1,487.75,6.1918511112995755,5,Segment_5
15167,321.00625,1,158.8,5.073923033332174,5,Segment_5
15168,26.058333333333334,1,106.56,4.678048831400664,2,Segment_2
15171,331.8847222222222,1,1289.5,7.162785019158669,5,Segment_5
15172,9.040972222222223,5,1624.05,7.393293863521244,1,Segment_1
15174,323.15555555555557,1,135.75,4.91815444130209,5,Segment_5
15175,72.05486111111111,1,224.14,5.416722430926658,2,Segment_2
15178,260.9013888888889,1,40.5,3.7256934272366524,5,Segment_5
15179,18.997916666666665,5,2206.95,7.69981976221305,1,Segment_1
15180,367.91180555555553,1,87.5,4.483002552013883,5,Segment_5
15181,66.95277777777778,3,689.48,6.537387007911402,2,Segment_2
15182,154.9673611111111,2,622.85,6.43590995485703,2,Segment_2
15184,29.964583333333334,2,402.2,5.999432716757159,2,Segment_2
15185,70.94722222222222,1,310.62,5.741784496789209,2,Segment_2
15186,14.911111111111111,2,411.41,6.022018000151438,2,Segment_2
15187,2.0375,16,4777.18,8.471814999842545,4,Segment_4
15189,1.9777777777777779,41,16225.39,9.694394208164745,4,Segment_4
15192,120.04791666666667,3,1044.32,6.952078337618801,1,Segment_1
15193,61.18541666666667,1,499.32,6.215247893709531,2,Segment_2
15194,3.9027777777777777,15,7616.53,8.938207449152076,4,Segment_4
15195,3.0208333333333335,1,3861,8.258940462988459,1,Segment_1
15197,11.118055555555555,3,1079.61,6.985280975485229,1,Segment_1
15198,92.92222222222222,2,193.64,5.2711516984752675,2,Segment_2
15199,59.90138888888889,4,1268.7,7.1465359310757455,1,Segment_1
15201,87.91458333333334,5,1236.54,7.120880817152784,1,Segment_1
15203,26.190277777777776,6,1827.8,7.511415293040546,1,Segment_1
15204,357.9590277777778,1,316.58,5.760729755097951,5,Segment_5
15205,85.71805555555555,2,653.24,6.483474256616332,2,Segment_2
15206,10.964583333333334,4,420.3,6.043345168984971,2,Segment_2
15208,1.8097222222222222,5,870.12,6.769779740037806,1,Segment_1
15210,225.86041666666668,1,331.18,5.805676990670853,5,Segment_5
15211,60.97152777777778,2,894.41,6.797281713937488,2,Segment_2
15212,241.96180555555554,1,101.8,4.632785353021065,5,Segment_5
15213,319.0201388888889,2,328.34999999999997,5.797121015086701,5,Segment_5
15214,2.029861111111111,8,1661.44,7.416041681653177,1,Segment_1
15215,47.047916666666666,3,734.94,6.601148593666668,2,Segment_2
15216,88.04791666666667,1,96.6,4.580877493419047,2,Segment_2
15218,11.043055555555556,11,5756.89,8.658326367134135,1,Segment_1
15219,176.82847222222222,1,305.75,5.7260330835910205,5,Segment_5
15220,52.00763888888889,6,1778.96,7.484346171123521,1,Segment_1
15221,366.9875,1,403.25,6.002033498457216,5,Segment_5
15222,319.19930555555555,1,585,6.373319789577012,5,Segment_5
15223,226.0548611111111,2,755.75,6.629032947901828,5,Segment_5
15224,358.90833333333336,2,322.08,5.777899970574095,5,Segment_5
15225,234.91597222222222,1,409.4,6.01713229385656,5,Segment_5
15226,311.04791666666665,1,154.41,5.04606678592752,5,Segment_5
15227,37.03541666666667,5,1219.4,7.106933952842515,1,Segment_1
15228,66.95416666666667,4,3386.71,8.127909455886419,1,Segment_1
15230,239.92430555555555,2,429.6,6.065179584930263,5,Segment_5
15232,113.84930555555556,2,612.06,6.418462810428566,2,Segment_2
15234,277.1645833333333,1,197,5.288267030694535,5,Segment_5
15235,218.12916666666666,12,2247.51,7.718023053610256,1,Segment_1
15236,299.08194444444445,1,321.05,5.7747068129929,5,Segment_5
15237,2.1277777777777778,4,1412.32,7.253696825551129,1,Segment_1
15238,29.931944444444444,3,1071.99,6.978204422922778,1,Segment_1
15239,10.941666666666666,2,780.59,6.661330306378558,2,Segment_2
15240,45.125,5,1706.57,7.442826586212262,1,Segment_1
15241,67.15625,8,1756.44,7.471613483699497,1,Segment_1
15243,74.94305555555556,1,316.68,5.7610445868229965,2,Segment_2
15244,65.9798611111111,2,631.57,6.449790886414747,2,Segment_2
15245,134.74583333333334,3,2515.84,7.83075942537543,1,Segment_1
15246,238.92013888888889,2,514.15,6.244458120391077,5,Segment_5
15247,122.99861111111112,1,356,5.877735781779639,2,Segment_2
15249,32.045138888888886,13,6688.46,8.808288432375653,4,Segment_4
15251,9.908333333333333,11,10484.99,9.257795359479534,4,Segment_4
15252,36.97222222222222,2,740.78,6.60905270324689,2,Segment_2
15253,16.852777777777778,5,918.1999999999999,6.823503726534546,1,Segment_1
15254,127.90694444444445,1,300.36,5.708305563383786,2,Segment_2
15255,67.00486111111111,1,890.85,6.793297957004312,2,Segment_2
15256,149.04375,1,98.45,4.599655005299981,5,Segment_5
15257,283.99444444444447,1,317.15,5.762522969678801,5,Segment_5
15258,169.01388888888889,2,623.16,6.4364067457583465,5,Segment_5
15260,100.95486111111111,7,1810.77,7.502059546979103,1,Segment_1
15261,135.89583333333334,1,254.82,5.544474072171247,2,Segment_2
15262,324.0236111111111,1,178.95,5.19267903452504,5,Segment_5
15263,107.1,1,156.51,5.059488948313644,2,Segment_2
15264,64.95902777777778,1,393.74,5.978227320325962,2,Segment_2
15265,151.91944444444445,2,1506.12,7.317955823857119,1,Segment_1
15266,338.96527777777777,1,119.3,4.789988622980633,5,Segment_5
15267,22.86875,5,1717.36,7.449125626576209,1,Segment_1
15269,24.1375,1,408.8,6.0156692358048,2,Segment_2
15270,16.143055555555556,7,2379.49,7.775061627827598,1,Segment_1
15271,7.94375,15,2493.34,7.8217794441335204,1,Segment_1
15272,57.99375,2,721.94,6.58332623116324,2,Segment_2
15274,4.8284722222222225,2,716.5699999999999,6.5758705038506235,2,Segment_2
15275,38.0625,1,615.14,6.4234742104382585,2,Segment_2
15276,66.84097222222222,1,128.63,4.864684238611951,2,Segment_2
15277,47.1125,1,255.9,5.548686904115838,2,Segment_2
15279,355.08472222222224,1,290.51,5.675074310519458,5,Segment_5
15280,172.81666666666666,1,113.12,4.737250526345299,5,Segment_5
15281,59.15277777777778,9,2332.15,7.754974564853873,1,Segment_1
15286,50.07083333333333,1,240.55,5.4870764910004155,2,Segment_2
15287,22.886111111111113,2,486.69,6.189679958097341,2,Segment_2
15288,43.827777777777776,5,2306.52,7.743928633728395,1,Segment_1
15289,29.959027777777777,3,939.78,6.846709318414996,1,Segment_1
15290,5.049305555555556,18,7943.22,8.98019989919854,4,Segment_4
15291,26.075,15,4668.3,8.448764446494256,4,Segment_4
15292,201.90972222222223,1,178.39,5.189562206710999,5,Segment_5
15296,51.04375,6,3672.86,8.208998159442066,1,Segment_1
15297,10.845833333333333,3,641.94,6.466051407286527,2,Segment_2
15298,2.814583333333333,12,4799.9,8.476558679320053,1,Segment_1
15299,67.93819444444445,7,4507.01,8.413611093435822,1,Segment_1
15300,64.82083333333334,1,496.44,6.2094749463104435,2,Segment_2
15301,51.12013888888889,12,5049.95,8.527331623389161,1,Segment_1
15303,290.95208333333335,1,574.02,6.354404822801145,5,Segment_5
15304,61.10208333333333,8,694.4,6.544487219573761,1,Segment_1
15306,64.99583333333334,3,1174.35,7.069321254563527,1,Segment_1
15307,96.05,1,205.3,5.329331420077207,2,Segment_2
15308,274.9875,1,310.46999999999997,5.741303025403381,5,Segment_5
15311,1.0347222222222223,91,60632.75,11.012606947722134,3,Segment_3
15312,75.98611111111111,4,924.85,6.830712234483825,1,Segment_1
15313,110.86666666666666,1,52,3.970291913552122,2,Segment_2
15314,199.92430555555555,1,327.96999999999997,5.795966561197395,5,Segment_5
15315,64.99930555555555,2,570.5,6.348264483234865,2,Segment_2
15316,327.0527777777778,1,165,5.111987788356544,5,Segment_5
15318,4.055555555555555,1,312.62,5.748182061952885,2,Segment_2
15319,284.00138888888887,1,204.5,5.32544603393629,5,Segment_5
15320,44.97430555555555,1,267.13,5.591471937527057,2,Segment_2
15321,71.13194444444444,3,2748.31,7.919105250086756,1,Segment_1
15322,86.1361111111111,1,679.68,6.523092298503236,2,Segment_2
15325,104.03819444444444,1,161.74,5.092153835268511,2,Segment_2
15326,334.05,1,311.71,5.74527624348556,5,Segment_5
15327,53.03819444444444,1,208.75,5.345916345347316,2,Segment_2
15329,39.88472222222222,3,1049.7,6.957211887694729,1,Segment_1
15330,32.791666666666664,2,714.96,6.5736242994783,2,Segment_2
15332,366.9215277777778,4,1661.06,7.415813075846797,5,Segment_5
15333,208.97430555555556,1,1028.56,6.936886805488385,5,Segment_5
15334,157.0611111111111,3,350.82,5.863119681170759,2,Segment_2
15335,54,1,170.22,5.142949279314339,2,Segment_2
15339,66.99930555555555,2,574.07,6.354491772518179,2,Segment_2
15341,81.13194444444444,1,2020.52,7.611604982675218,1,Segment_1
15342,130.10486111111112,1,406.09,6.0090342912180414,2,Segment_2
15343,87.95486111111111,1,364.5,5.901266279189834,2,Segment_2
15344,1.0868055555555556,3,563.9399999999999,6.33671953081712,2,Segment_2
15345,46.05694444444445,1,393.54,5.9777205293157225,2,Segment_2
15346,333.06388888888887,1,252.42,5.5350481913707625,5,Segment_5
15347,366.8923611111111,1,201.6,5.311233591814583,5,Segment_5
15348,72.98125,1,158.04,5.069155742908264,2,Segment_2
15349,158.86388888888888,2,463.91,6.141843838467353,2,Segment_2
15350,373.97013888888887,1,115.64999999999999,4.759177998467439,5,Segment_5
15351,12.998611111111112,7,1934.66,7.568203632578843,1,Segment_1
15353,255.02430555555554,2,770.12,6.647844003475713,5,Segment_5
15355,29.9625,2,277.05,5.627800953633573,2,Segment_2
15356,31.985416666666666,10,2718.03,7.908030478039789,1,Segment_1
15358,5.156944444444444,22,8347.2,9.029801225744318,4,Segment_4
15360,40.135416666666664,1,427.93,6.061293735451147,2,Segment_2
15361,362.12361111111113,1,418.92,6.040064216944044,5,Segment_5
15363,373.0152777777778,1,326,5.7899601708972535,5,Segment_5
15364,96.12777777777778,2,913.1899999999999,6.818038427312331,2,Segment_2
15365,26.18125,7,2314.32,7.74730318590928,1,Segment_1
15366,75.90902777777778,2,602.51,6.40276261040859,2,Segment_2
15367,57.94236111111111,4,1877.59,7.538276774433291,1,Segment_1
15368,21.92222222222222,1,446.94,6.104659294874325,2,Segment_2
15370,41.077777777777776,7,2386.05,7.77781357291459,1,Segment_1
15372,137.84097222222223,1,2007.4,7.605093664160551,1,Segment_1
15373,8.90625,12,2415.91,7.79024514376692,1,Segment_1
15374,129.11875,1,168,5.1298987149230735,2,Segment_2
15376,40.90694444444444,3,1221.56,7.108702299899257,1,Segment_1
15379,169.98402777777778,7,3703.29,8.217246886437776,1,Segment_1
15380,9.025694444444444,5,1690.26,7.433229092253918,1,Segment_1
15381,214.03819444444446,2,596.85,6.393339886365589,5,Segment_5
15382,15.077777777777778,6,5955.71,8.692273594221074,1,Segment_1
15384,170.07847222222222,2,642.41,6.46678215711498,5,Segment_5
15385,40.90208333333333,1,316.88,5.761673953071979,2,Segment_2
15386,186.96041666666667,1,394.14,5.979240132485259,5,Segment_5
15388,270.95625,1,140.54,4.952582362647639,5,Segment_5
15389,172.85555555555555,1,500,6.2166061010848646,5,Segment_5
15392,5.075694444444444,4,1535.53,7.337281906274171,1,Segment_1
15393,16.834722222222222,2,231.85999999999999,5.45043741460887,2,Segment_2
15394,10.042361111111111,4,2183.54,7.6891605590501255,1,Segment_1
15395,326.00694444444446,1,107.45,4.6862892372728835,5,Segment_5
15396,113.07916666666667,1,288.18,5.66704933159998,2,Segment_2
15397,290.1423611111111,1,94,4.553876891600541,5,Segment_5
15398,16.835416666666667,2,1345.53,7.205286191988605,1,Segment_1
15399,1.9902777777777778,3,815.77,6.705357537478585,1,Segment_1
15400,92.95347222222222,5,716.2,6.575354741730978,2,Segment_2
15402,149.02291666666667,2,626.77,6.4421738573469876,2,Segment_2
15405,189.92083333333332,1,349.1,5.85821882796062,5,Segment_5
15406,31.977777777777778,2,510.71,6.237758058320892,2,Segment_2
15407,34.03819444444444,4,1046.74,6.954390742498122,1,Segment_1
15408,264.90833333333336,1,267.18,5.591658396851496,5,Segment_5
15410,84.91875,8,3450.84,8.146662701187065,1,Segment_1
15411,26.896527777777777,4,1348.93,7.207808018236269,1,Segment_1
15412,171.89305555555555,1,190.53,5.25504445431457,5,Segment_5
15414,10.125,3,774.9,6.654023645899904,2,Segment_2
15415,313.9423611111111,1,559.61,6.329025476602274,5,Segment_5
15416,65.13333333333334,4,3984.32,8.290372889129587,1,Segment_1
15417,85.89166666666667,1,508.8,6.234018491942015,2,Segment_2
15419,25.14375,1,135.85999999999999,4.918958505524351,2,Segment_2
15421,59.145833333333336,4,950.36,6.857892539809733,1,Segment_1
15422,323.85625,2,97.7,4.592084946439436,5,Segment_5
15423,38.950694444444444,1,43.5,3.7954891891721947,2,Segment_2
15424,254.99166666666667,2,383.34,5.951527577504281,5,Segment_5
15426,19.884722222222223,5,1404.07,7.247842402590825,1,Segment_1
15427,33.93125,3,1430.54,7.266506066865208,1,Segment_1
15428,15.830555555555556,1,93.78,4.551558416539442,2,Segment_2
15429,27.01527777777778,2,397.35,5.987331015826375,2,Segment_2
15432,23.84722222222222,1,171.19,5.148598518298095,2,Segment_2
15433,214.08680555555554,2,533.3,6.2809574789637255,5,Segment_5
15434,8.970138888888888,5,1041.48,6.94935776883665,1,Segment_1
15435,22.840972222222224,1,149.29,5.012566760946003,2,Segment_2
15436,12.864583333333334,3,1067.75,6.97424502025097,1,Segment_1
15437,262.98541666666665,1,200.16,5.304100611303764,5,Segment_5
15438,131.93819444444443,1,156.58,5.059933265817542,2,Segment_2
15440,55.02361111111111,3,383.68,5.952411819844281,2,Segment_2
15442,249.01805555555555,1,594,6.38856140554563,5,Segment_5
15443,2.0902777777777777,7,3213.59,8.075455101323259,1,Segment_1
15444,9.800694444444444,2,1411.21,7.252911132207154,1,Segment_1
15445,264.90555555555557,1,113.5,4.740574822994295,5,Segment_5
15447,331.05833333333334,1,155.17,5.050945157499754,5,Segment_5
15448,313.0888888888889,1,494.64,6.2058498567482925,5,Segment_5
15449,26.908333333333335,3,974.52,6.882970662159506,1,Segment_1
15450,30.81875,1,429.84,6.0657367914825695,2,Segment_2
15452,30.025694444444444,3,528.48,6.27189539284557,2,Segment_2
15453,2.0770833333333334,7,1371.77,7.224585875348061,1,Segment_1
15454,362.93680555555557,1,179.1,5.19351225218191,5,Segment_5
15456,283.9576388888889,3,434.59,6.076701433954154,5,Segment_5
15457,262.8881944444444,1,237.07,5.472564748074418,5,Segment_5
15458,25.9875,1,161.64,5.091539169320091,2,Segment_2
15460,354.8625,1,214.26,5.371846599836152,5,Segment_5
15462,94.98541666666667,3,234.6,5.462135451777431,2,Segment_2
15463,29.99513888888889,1,126.14,4.845288841508263,2,Segment_2
15464,338.87083333333334,1,1044.65,6.952393980600518,5,Segment_5
15465,20.110416666666666,18,7354.62,8.903219925879805,4,Segment_4
15466,85.94583333333334,1,334.53,5.815711371192059,2,Segment_2
15467,9.939583333333333,3,524.88,6.265073049828404,2,Segment_2
15468,51.95902777777778,2,467.51,6.149557446167864,2,Segment_2
15469,50.85347222222222,2,538.55,6.290735458809743,2,Segment_2
15471,2.9430555555555555,1,454.48,6.121351807942404,2,Segment_2
15472,113.89791666666666,1,371.56,5.920398098674122,2,Segment_2
15473,14.899305555555555,7,1771.2,7.479976991613202,1,Segment_1
15475,77.89583333333333,1,454.11,6.120539147973894,2,Segment_2
15478,40.93819444444444,2,1399.92,7.244884442636672,1,Segment_1
15480,116.92916666666666,1,905.5,6.809591030194905,2,Segment_2
15482,16.086111111111112,12,10879.76,9.294751370911507,4,Segment_4
15483,161.98819444444445,4,225.26,5.421684780498321,5,Segment_5
15484,1.9076388888888889,4,3590.41,8.186300162033392,1,Segment_1
15485,30.929861111111112,3,2564.5,7.849908670382019,1,Segment_1
15488,93.11041666666667,1,91.32,4.52526080275979,2,Segment_2
15489,23.164583333333333,3,1134.28,7.034634595526282,1,Segment_1
15491,95.87083333333334,6,3100.09,8.039508941575132,1,Segment_1
15492,28.914583333333333,2,659.46,6.492936561946857,2,Segment_2
15493,33.03194444444444,5,1953.41,7.577843636590285,1,Segment_1
15494,21.915972222222223,2,1280.58,7.155848970699195,1,Segment_1
15497,18.040972222222223,2,1262.2,7.141403462941432,1,Segment_1
15498,3.001388888888889,27,13316.4,9.496826729846124,4,Segment_4
15500,8.960416666666667,4,1131.56,7.032235836086242,1,Segment_1
15502,16.00138888888889,12,10384.93,9.248207284539456,4,Segment_4
15503,363.0784722222222,1,141.04,4.956108708074887,5,Segment_5
15504,81.96180555555556,1,52.83,3.985830932572866,2,Segment_2
15505,53.204166666666666,5,3610.96,8.192005840278435,1,Segment_1
15506,23.027083333333334,3,972.08,6.880466298744467,1,Segment_1
15507,172.06319444444443,1,475.86,6.167222946760261,5,Segment_5
15508,189.8798611111111,6,1000.27,6.909024473214282,5,Segment_5
15510,331.02777777777777,1,250,5.5254529391317835,5,Segment_5
15511,12.129861111111111,5,900.53,6.804093319959892,1,Segment_1
15512,156.10416666666666,2,121,4.804021044733257,5,Segment_5
15513,33.92638888888889,19,14758.22,9.599623251229634,4,Segment_4
15514,12.92361111111111,11,4023.72,8.3002106222155,1,Segment_1
15516,45.08263888888889,3,62.43,4.149936935645806,2,Segment_2
15517,233.95,1,267.03,5.591098914544516,5,Segment_5
15518,64.98958333333333,8,1921.55,7.561407708843943,1,Segment_1
15520,2.077777777777778,1,343.5,5.842094090453713,2,Segment_2
15521,40.96388888888889,8,3000.2,8.006767487671574,1,Segment_1
15522,33.05833333333333,2,397.99,5.988936353919148,2,Segment_2
15523,84.84791666666666,1,412.01,6.023471805742962,2,Segment_2
15524,25.028472222222224,1,440,6.089044875446846,2,Segment_2
15525,2.921527777777778,3,734.37,6.600373773909423,2,Segment_2
15526,33.90694444444444,2,148.44,5.006894974480533,2,Segment_2
15527,19.022916666666667,8,2428.53,7.7954531019895175,1,Segment_1
15528,254.85833333333332,1,229.33,5.4395130632148145,5,Segment_5
15529,23.05625,11,3962.6,8.284907982184745,1,Segment_1
15530,22.01736111111111,4,1497.31,7.3120930852576205,1,Segment_1
15531,8.754861111111111,2,1972.39,7.587508155013856,1,Segment_1
15532,25.915972222222223,4,1564.73,7.356107447892678,1,Segment_1
15533,19.885416666666668,3,807.57,6.695267255355902,2,Segment_2
15535,173.86666666666667,4,502.9,6.222377835686553,5,Segment_5
15537,163.98611111111111,1,110.92,4.717784330357226,5,Segment_5
15539,7.968055555555556,1,538.46,6.290568639224737,2,Segment_2
15540,11.957638888888889,1,213.3,5.367376902479531,2,Segment_2
15541,114.91111111111111,1,85.13,4.455857782801083,2,Segment_2
15543,288.89166666666665,1,127.86,4.858726543710496,5,Segment_5
15544,9.838194444444444,9,3546.71,8.174057603899483,1,Segment_1
15545,54.97638888888889,2,288.97,5.669777469353516,2,Segment_2
15547,7.998611111111111,14,4910.6,8.499355033286358,4,Segment_4
15549,77.85277777777777,3,1681.46,7.428012287090657,1,Segment_1
15550,4.883333333333334,4,575.63,6.357200812987149,2,Segment_2
15551,37.009027777777774,1,436.06,6.080070485442007,2,Segment_2
15552,217.91875,1,90.12,4.512177319138927,5,Segment_5
15553,60.95,1,428.93,6.06362240473809,2,Segment_2
15554,278.15972222222223,1,217.2,5.38541207339897,5,Segment_5
15555,12.854861111111111,16,4794.86,8.475508324728846,4,Segment_4
15556,24.8625,1,279.77,5.637535828837275,2,Segment_2
15557,29.002777777777776,1,468.91,6.152541187005974,2,Segment_2
15561,12.071527777777778,4,800.59,6.686597255202886,1,Segment_1
15562,352.12152777777777,1,134.55,4.909340575944674,5,Segment_5
15563,22.916666666666668,4,1400.44,7.245255558414779,1,Segment_1
15565,50.928472222222226,2,173.16,5.159974416926292,2,Segment_2
15567,19.084722222222222,1,186.01,5.231162091360629,2,Segment_2
15568,3.057638888888889,3,758.29,6.6323837861074395,2,Segment_2
15569,104.10763888888889,5,1375.71,7.227451873789157,1,Segment_1
15570,7.91875,12,4148.82,8.33082023879011,1,Segment_1
15571,12.116666666666667,4,650.43,6.47916994643317,2,Segment_2
15572,5.111805555555556,7,2533.42,7.837720093003111,1,Segment_1
15573,32.05,2,591.19,6.383827529337819,2,Segment_2
15574,178.03402777777777,4,675.64,6.517139373724178,5,Segment_5
15576,38.03263888888889,1,921.37,6.826946444575113,2,Segment_2
15577,151.82430555555555,3,258.88,5.5602199860123305,2,Segment_2
15578,162.9909722222222,1,127.10000000000001,4.852811208902689,5,Segment_5
15579,69.00347222222223,2,327.6,5.794841205603168,2,Segment_2
15581,121.13333333333334,13,3675.77,8.20978992835222,1,Segment_1
15582,25.12152777777778,3,682.91,6.527826330017913,2,Segment_2
15584,24.07986111111111,4,720.86,6.581831214273488,2,Segment_2
15585,177.175,1,455.3,6.123150487933357,5,Segment_5
15587,50.96736111111111,4,913.6800000000001,6.818574277330894,1,Segment_1
15589,256.1222222222222,3,478.53,6.172806457538428,5,Segment_5
15592,47.16041666666667,1,388.58,5.965069235748451,2,Segment_2
15593,71.04444444444445,1,199.8,5.302309387817574,2,Segment_2
15594,16.164583333333333,5,1771.78,7.48030421490088,1,Segment_1
15596,101.07986111111111,5,1406.59,7.249634301131203,1,Segment_1
15597,35.975,1,324.57,5.785577492291319,2,Segment_2
15598,53.86527777777778,1,240.68,5.487614537078416,2,Segment_2
15599,27.045833333333334,2,761.74,6.636917213055248,2,Segment_2
15601,11.899305555555555,14,6776.56,8.821372434155471,4,Segment_4
15602,8.941666666666666,9,1297.87,7.16924993468027,1,Segment_1
15603,79.11527777777778,1,48.480000000000004,3.9015685475242874,2,Segment_2
15604,52.91875,1,216.39,5.381692975469088,2,Segment_2
15605,36.93958333333333,5,1198.23,7.089434963153261,1,Segment_1
15606,61.87708333333333,9,2920.16,7.9797360766493295,1,Segment_1
15607,337.00416666666666,1,104.75999999999999,4.661172376103376,5,Segment_5
15608,28.979166666666668,4,1093.68,6.998217362097996,1,Segment_1
15609,184.99305555555554,1,298.48,5.702047637362485,5,Segment_5
15610,52.09305555555556,1,112.46000000000001,4.731450351898421,2,Segment_2
15611,10.009722222222223,13,1591.45,7.373028989779162,1,Segment_1
15612,36.915277777777774,2,195.15,5.278879672655561,2,Segment_2
15615,10.922222222222222,23,10399.74,9.249632236444302,4,Segment_4
15618,33.17777777777778,4,776.851,6.656534989127213,2,Segment_2
15619,11.191666666666666,1,336.4,5.821269170111868,2,Segment_2
15620,57.00625,3,1553.18,7.348703354335633,1,Segment_1
15621,4.950694444444444,4,1293.03,7.165516658717914,1,Segment_1
15622,43.8375,9,3709.56,8.2189380876069,1,Segment_1
15623,141.80833333333334,1,301.03,5.7105263501895465,2,Segment_2
15624,117.05,4,588.13,6.3786468723710446,2,Segment_2
15625,104.10347222222222,4,1534.26,7.336455026785429,1,Segment_1
15626,75.11597222222223,2,675.8,6.517375808292013,2,Segment_2
15628,5.101388888888889,9,2870.24,7.962499271193586,1,Segment_1
15630,45.88472222222222,2,1186.35,7.079479212140812,1,Segment_1
15632,16.124305555555555,8,3285.31,8.097520633770152,1,Segment_1
15634,17.84861111111111,1,243.55,5.499419786985366,2,Segment_2
15636,90.06458333333333,2,724.76,6.587219381659278,2,Segment_2
15637,53.18194444444445,1,223.35999999999999,5.413251904640136,2,Segment_2
15639,134.93055555555554,1,425.32,6.055190237988527,2,Segment_2
15640,4.927083333333333,15,12416.11,9.426830639200185,4,Segment_4
15641,105.9486111111111,4,1887.2,7.543379273298417,1,Segment_1
15643,192.21666666666667,3,664,6.499787040655854,5,Segment_5
15644,166.9138888888889,4,803.54,6.6902706855196055,5,Segment_5
15645,19.038194444444443,1,612.01,6.418381249016855,2,Segment_2
15646,158.12291666666667,3,447.64,6.106220784406171,2,Segment_2
15648,204.87291666666667,2,639.5,6.4622491213367885,5,Segment_5
15649,336.96944444444443,2,816,6.705639094860003,5,Segment_5
15651,37.172916666666666,3,646.3,6.472809865551464,2,Segment_2
15652,91.93611111111112,1,337.74,5.825232851462975,2,Segment_2
15653,93.08402777777778,2,877.44,6.7781476070590925,2,Segment_2
15654,9.9875,2,922.53,6.828203284222655,1,Segment_1
15655,243.89236111111111,1,560.67,6.330914488818843,5,Segment_5
15656,45.9125,4,748.5,6.619406317542652,2,Segment_2
15657,23.021527777777777,1,30,3.4339872044851463,2,Segment_2
15658,190.89444444444445,5,1024.1,6.932545447789356,5,Segment_5
15659,44.14375,1,306.45,5.7283124723994785,2,Segment_2
15660,25.82777777777778,9,1600.86,7.378920733047961,1,Segment_1
15661,317.95416666666665,2,309.8,5.739149618493492,5,Segment_5
15663,106.875,1,138.14,4.935480620495495,2,Segment_2
15664,51.078472222222224,1,386.43,5.959535187313809,2,Segment_2
15665,168.91180555555556,2,2222.21,7.706707376439049,1,Segment_1
15667,40.079166666666666,1,301.32,5.711486059041233,2,Segment_2
15668,218.09097222222223,1,76.32,4.34795265434013,5,Segment_5
15669,40.865972222222226,4,684.34,6.529915065486092,2,Segment_2
15670,297.0833333333333,1,173.05,5.159342614257448,5,Segment_5
15671,19.00486111111111,7,2657.13,7.885378147031288,1,Segment_1
15673,88.85972222222222,4,2726.23,7.911041721056532,1,Segment_1
15674,73.89791666666666,5,2446.6,7.802863231588385,1,Segment_1
15675,81.95972222222223,3,323.69,5.782870880975165,2,Segment_2
15676,19.006944444444443,3,3435.7599999999998,8.142284446073054,1,Segment_1
15677,49.88472222222222,1,657.23,6.489554414321968,2,Segment_2
15678,53.142361111111114,1,352.7,5.868449096211435,2,Segment_2
15679,24.854861111111113,4,781.28,6.6622127327244485,2,Segment_2
15680,9.96111111111111,3,1333.68,7.1964468417270915,1,Segment_1
15681,25.84722222222222,5,1426.16,7.263441734527154,1,Segment_1
15683,117.99583333333334,1,193.75,5.271716684750857,2,Segment_2
15687,9.178472222222222,9,2993.1,8.004398964555403,1,Segment_1
15689,120.13402777777777,2,254.1,5.541655625147766,2,Segment_2
15690,4.86875,2,239.76,5.48380058667957,2,Segment_2
15691,252.90069444444444,1,136.8,4.925803358579558,5,Segment_5
15692,28.943055555555556,1,191.04,5.25770368366274,2,Segment_2
15694,1.1291666666666667,14,6479.4,8.776537515836264,4,Segment_4
15695,267.1791666666667,2,409.98,6.018544551511725,5,Segment_5
15696,33.95,8,2711.11,7.905482208709709,1,Segment_1
15699,18.183333333333334,1,309.65,5.738666876509702,2,Segment_2
15700,172.83125,2,696.6800000000001,6.54776054491873,5,Segment_5
15701,2.9243055555555557,4,1529,7.333023014386481,1,Segment_1
15703,265.0826388888889,1,211.5,5.358941988364472,5,Segment_5
15704,140.96875,4,2293.62,7.738322531443156,1,Segment_1
15705,201.8840277777778,1,143.1,4.970507503005476,5,Segment_5
15706,64.11180555555555,4,1060.56,6.967494803332995,1,Segment_1
15707,35.927083333333336,4,916.98,6.822175603890787,1,Segment_1
15708,41.080555555555556,7,3235.25,8.082170531065747,1,Segment_1
15709,284.09166666666664,1,133.25,4.899703733388974,5,Segment_5
15712,9.94513888888889,5,1072.36,6.978549194282216,1,Segment_1
15713,143.96944444444443,2,356.7,5.879694646264972,2,Segment_2
15714,12.058333333333334,2,330.03,5.802209005711098,2,Segment_2
15716,146.03541666666666,4,1101.11,7.00498180324312,1,Segment_1
15717,234.97847222222222,1,150.3,5.01926462079431,5,Segment_5
15719,33.014583333333334,13,5030.07,8.523387964129368,1,Segment_1
15720,24.918055555555554,1,598.73,6.3964795539357615,2,Segment_2
15721,12.025,1,471.4,6.157826084323207,2,Segment_2
15722,36.046527777777776,5,2211.21,7.701747294844882,1,Segment_1
15723,365.06805555555553,1,190.70000000000002,5.255931650051599,5,Segment_5
15724,201.92361111111111,2,218.25,5.390212631252292,5,Segment_5
15725,15.915972222222223,1,415.25,6.031286041294654,2,Segment_2
15727,17.009722222222223,7,5159.06,8.548703486314981,1,Segment_1
15729,213.00972222222222,1,85,4.454347296253507,5,Segment_5
15730,66.01319444444445,3,1120.88,7.022761128491225,1,Segment_1
15732,212.93472222222223,2,294.12,5.68738205328842,5,Segment_5
15733,283.15625,1,162.3,5.095588999976419,5,Segment_5
15734,115.08333333333333,2,1339.45,7.200760657465263,1,Segment_1
15737,15.061805555555555,8,1188.12,7.080968816745364,1,Segment_1
15738,19.183333333333334,16,4812.42,8.479163129156776,4,Segment_4
15739,66.96388888888889,1,449.12,6.109514213881797,2,Segment_2
15740,49.93125,1,154.88,5.049086480470509,2,Segment_2
15743,16.813194444444445,4,775.96,6.655388868991024,2,Segment_2
15744,78.12361111111112,1,34.8,3.5779478934066544,2,Segment_2
15745,19.961805555555557,4,1094.59,6.999048309928502,1,Segment_1
15746,134.89513888888888,1,196.88,5.287660786359508,2,Segment_2
15747,13.016666666666667,3,946.64,6.85397468329749,1,Segment_1
15748,40.99930555555556,1,144.36,4.979213424087916,2,Segment_2
15749,235.97916666666666,3,44534.3,10.70403741211812,1,Segment_1
15750,3.011111111111111,8,2463.05,7.809561616655318,1,Segment_1
15752,40.050694444444446,7,2626.6,7.873826161018318,1,Segment_1
15753,305.00625,1,79.2,4.384523514872469,5,Segment_5
15754,51.923611111111114,3,458.57,6.130291269692714,2,Segment_2
15755,10.911805555555556,6,2364.25,7.768639003584553,1,Segment_1
15756,61.97222222222222,4,528.01,6.271007335271311,2,Segment_2
15757,66.025,2,714.42,6.572869782822179,2,Segment_2
15758,25.084722222222222,1,205.25,5.32908902521479,2,Segment_2
15759,218.90069444444444,3,253.04,5.537491734934774,5,Segment_5
15762,65.85763888888889,2,583.75,6.371184405464288,2,Segment_2
15763,32.12916666666667,2,1086.92,6.992022895300703,1,Segment_1
15764,88.78611111111111,6,3279.97,8.095894389365505,1,Segment_1
15766,64.82430555555555,1,315.06,5.755932068980957,2,Segment_2
15768,116.08472222222223,3,621.83,6.434273608356568,2,Segment_2
15769,7.956944444444445,26,56252.72,10.937627451213288,4,Segment_4
15773,6.001388888888889,1,635.6800000000001,6.4562671745616536,2,Segment_2
15774,69.03194444444445,1,270.8,5.605066501717044,2,Segment_2
15775,245.99583333333334,1,104.9,4.662495252607361,5,Segment_5
15776,133.9611111111111,1,241.62,5.491496433342773,2,Segment_2
15777,241.83819444444444,4,1047.11,6.954743821204941,5,Segment_5
15780,184.03402777777777,3,475.28000000000003,6.166005916582974,5,Segment_5
15781,25.911805555555556,3,345.46,5.847767371850795,2,Segment_2
15782,10.084027777777777,3,2614.74,7.869302319258532,1,Segment_1
15783,11.125,1,246.29999999999998,5.510602174527371,2,Segment_2
15785,33.053472222222226,5,2328.97,7.753610670940375,1,Segment_1
15786,46.94236111111111,3,4919,8.501063809486354,1,Segment_1
15787,26.913194444444443,3,933.26,6.839754772081388,1,Segment_1
15789,358.9270833333333,1,351.3,5.864483085347192,5,Segment_5
15790,10.914583333333333,1,218.75,5.392490536565286,2,Segment_2
15791,44.108333333333334,2,1612.69,7.386278760989393,1,Segment_1
15793,15.138194444444444,3,965.61,6.873795104898541,1,Segment_1
15795,150.08819444444444,1,610.01,6.415113325649775,2,Segment_2
15796,1.7048611111111112,8,2708.61,7.904559992078387,1,Segment_1
15797,113.8236111111111,4,2207.4,7.70002355040989,1,Segment_1
15799,76.00277777777778,3,884.14,6.785745824587275,2,Segment_2
15800,107.93541666666667,2,696.89,6.548061497220062,2,Segment_2
15801,46.956944444444446,3,1063.95,6.97068312868461,1,Segment_1
15802,143.05,1,451.42,6.11461095192969,2,Segment_2
15803,51.9125,1,415.82,6.032654473932845,2,Segment_2
15804,1.0131944444444445,13,4206.39,8.344597781932357,1,Segment_1
15805,23.845833333333335,17,5488.18,8.61053416087066,4,Segment_4
15806,46.927083333333336,3,784.58,6.666422298467717,2,Segment_2
15807,50.94444444444444,3,903.9,6.807824440357088,1,Segment_1
15808,306.92847222222224,4,3651.27,8.20310417107402,5,Segment_5
15809,36.84027777777778,5,515.77,6.247597901247849,2,Segment_2
15810,79.13333333333334,4,1391.98,7.239200616174941,1,Segment_1
15811,22.888194444444444,6,2218.62,7.705091289043697,1,Segment_1
15812,107.93819444444445,5,1801.14,7.496730126604398,1,Segment_1
15813,208.1923611111111,2,1303.91,7.173889351861322,5,Segment_5
15814,17.189583333333335,4,1945.33,7.573700826991937,1,Segment_1
15815,64.00555555555556,5,2100.6,7.65045423837133,1,Segment_1
15819,49.916666666666664,4,1905.45,7.552998152884997,1,Segment_1
15820,320.03472222222223,1,206.98,5.337441921232086,5,Segment_5
15821,44.87638888888889,2,570.96,6.349069058864647,2,Segment_2
15822,3.9166666666666665,2,885.47,6.787247283994098,1,Segment_1
15823,372.90416666666664,1,15,2.772588722239781,5,Segment_5
15825,172.97430555555556,1,532.94,6.2802834730968256,5,Segment_5
15826,56.864583333333336,3,1654.31,7.411743581448863,1,Segment_1
15827,73.88541666666667,14,1836.09,7.515938076938256,1,Segment_1
15829,99.83680555555556,2,636.14,6.456989411643809,2,Segment_2
15830,38.09027777777778,1,576,6.3578422665081,2,Segment_2
15831,58.983333333333334,3,794.64,6.67914682223686,2,Segment_2
15832,254.88958333333332,1,836.79,6.7307674724187825,5,Segment_5
15834,70.92291666666667,4,2225.15,7.708028915009937,1,Segment_1
15835,44.87708333333333,4,954.09,6.861805576878038,1,Segment_1
15836,50.81736111111111,1,137.37,4.929931256681293,2,Segment_2
15837,65.15902777777778,1,391.98,5.97375871998905,2,Segment_2
15838,11.95138888888889,19,33643.08,10.423592390918046,4,Segment_4
15839,33.955555555555556,3,1048.49,6.9560596108684605,1,Segment_1
15840,59.15416666666667,2,355.56,5.876502528638301,2,Segment_2
15841,73.02430555555556,4,1224.06,7.110745101371203,1,Segment_1
15843,304.1048611111111,1,118.95,4.787074989285704,5,Segment_5
15844,46.89652777777778,1,130.73999999999998,4.880830283212546,2,Segment_2
15845,18.130555555555556,8,3711.77,8.219533507739182,1,Segment_1
15847,38.922916666666666,2,389.27,5.966838807281578,2,Segment_2
15850,19.941666666666666,2,234.88,5.463323201132304,2,Segment_2
15852,187.0611111111111,2,160.71,5.085804607589853,5,Segment_5
15853,52.09166666666667,1,110.8,4.716711560720999,2,Segment_2
15854,4.965972222222222,12,2969.12,7.996357635020928,1,Segment_1
15855,137.10416666666666,5,712.24,6.569817969665846,2,Segment_2
15856,4.820138888888889,27,16143.64,9.689343385018718,4,Segment_4
15857,19.022222222222222,1,297,5.697093486505405,2,Segment_2
15858,16.00138888888889,5,1427.57,7.264429222920369,1,Segment_1
15860,41.05902777777778,8,965.16,6.87332945196712,1,Segment_1
15861,12.86875,8,3146.92,8.054497196253768,1,Segment_1
15862,8.973611111111111,4,832.88,6.726089507114236,1,Segment_1
15863,26.000694444444445,2,68.84,4.246206911531347,2,Segment_2
15864,22.970833333333335,6,1936.32,7.569060853685923,1,Segment_1
15865,41.00486111111111,3,895.13,6.798085491736212,1,Segment_1
15866,101.94513888888889,1,211.89,5.3607756003876466,2,Segment_2
15867,5.970833333333333,15,3810.14,8.24568363596401,4,Segment_4
15869,277.81041666666664,2,149.64,5.014892884348897,5,Segment_5
15870,33.077777777777776,1,351.44,5.864880394998529,2,Segment_2
15872,15.038194444444445,2,316.25,5.759690106594497,2,Segment_2
15874,64.01319444444445,7,4405.88,8.390922235063499,1,Segment_1
15877,2.0395833333333333,2,490.33,6.197115999797643,2,Segment_2
15880,369.99305555555554,1,329.03,5.799183559419454,5,Segment_5
15881,312.82708333333335,5,501.39,6.2193767104972935,5,Segment_5
15882,199.05208333333334,4,516.36,6.248738957138337,5,Segment_5
15883,2.8229166666666665,2,396.48,5.9851446183631625,2,Segment_2
15885,93.08819444444444,3,379.35,5.9410918814433105,2,Segment_2
15886,60.93402777777778,1,181.09,5.204501070343752,2,Segment_2
15888,81.01388888888889,1,168.31,5.131731354140141,2,Segment_2
15889,157.06944444444446,2,420.07,6.042799090644775,2,Segment_2
15891,227.01041666666666,1,511.68,6.239651868861623,5,Segment_5
15894,253.95833333333334,2,258.25,5.557792847109637,5,Segment_5
15895,150.09930555555556,1,179.17,5.1939008496276085,2,Segment_2
15897,194.95833333333334,2,208.59,5.345153241385068,5,Segment_5
15898,1.89375,5,1383.83,7.233332667405506,1,Segment_1
15899,369.09305555555557,1,56.25,4.047427642434349,5,Segment_5
15900,24.021527777777777,1,337.28000000000003,5.8238739549140215,2,Segment_2
15901,17.00486111111111,3,351.73,5.86570289174782,2,Segment_2
15903,10.195833333333333,7,5126.76,8.54242419563319,1,Segment_1
15904,8.916666666666666,1,164.68,5.110058217087329,2,Segment_2
15906,20.018055555555556,7,1567.69,7.357996155136706,1,Segment_1
15907,4.020138888888889,3,882.72,6.784140270382827,1,Segment_1
15909,174.09166666666667,1,191.94,5.262379259742407,5,Segment_5
15910,1.082638888888889,8,1228.8799999999999,7.114671882631471,1,Segment_1
15912,178.93125,2,264.62,5.582066715972105,5,Segment_5
15916,16.961111111111112,8,1502.86,7.3157904150707145,1,Segment_1
15917,248.09027777777777,1,123.1,4.821087692210561,5,Segment_5
15918,191.04722222222222,2,334.23,5.814816863409831,5,Segment_5
15919,20.056944444444444,2,525.69,6.266612140168987,2,Segment_2
15920,154.88819444444445,4,167.5,5.126935749792416,5,Segment_5
15921,173.07430555555555,1,323.03000000000003,5.780836104098492,5,Segment_5
15922,373.9576388888889,1,369.5,5.914853444736141,5,Segment_5
15923,373.0236111111111,1,127.08,4.852655068688459,5,Segment_5
15925,194.88541666666666,1,207.15,5.3382589736409845,5,Segment_5
15930,67.91527777777777,1,426.63,6.058258335716989,2,Segment_2
15932,4.817361111111111,8,2495.87,7.822793226449505,1,Segment_1
15933,21.983333333333334,3,1107.46,7.010726943606016,1,Segment_1
15935,239.97430555555556,2,416.86,6.035146448194105,5,Segment_5
15937,64.87638888888888,1,145.35,4.986001013137895,2,Segment_2
15938,112.99583333333334,5,404.58,6.0053181413965175,2,Segment_2
15939,90.05555555555556,15,6115.01,8.7186652021032085,4,Segment_4
15940,311.85555555555555,1,35.8,3.6054978451748854,5,Segment_5
15942,134.15902777777777,1,337.44,5.8243468240563,2,Segment_2
15944,277.09513888888887,1,325.09999999999997,5.787204082795274,5,Segment_5
15945,365.98333333333335,1,181,5.204006687076795,5,Segment_5
15947,83.08611111111111,1,1708.24,7.443804106257556,1,Segment_1
15948,8.8875,2,955.24,6.863008927569726,1,Segment_1
15949,17.153472222222224,2,364.71999999999997,5.901868013296226,2,Segment_2
15950,32.07013888888889,4,1744.71,7.464916628675443,1,Segment_1
15951,9.177777777777777,2,708.22,6.56416577459204,2,Segment_2
15952,34.06388888888889,4,781.91,6.663017746855669,2,Segment_2
15953,15.8875,8,1657.28,7.413536199603394,1,Segment_1
15955,24.94097222222222,14,4416.26,8.393274873346142,4,Segment_4
15957,32.025,1,428.89,6.063529362008149,2,Segment_2
15958,74.96458333333334,1,104.35000000000001,4.657288140250198,2,Segment_2
15963,20.053472222222222,2,470.76,6.156470381692249,2,Segment_2
15965,17.8375,4,808.87,6.696873740958812,1,Segment_1
15967,23.88125,2,397.68,5.988159090099256,2,Segment_2
15969,3.0722222222222224,3,666.1,6.502939959715469,2,Segment_2
15970,304.02916666666664,1,314.09999999999997,5.752890048763229,5,Segment_5
15971,18,12,4199.85,8.343042164747578,1,Segment_1
15973,367.0472222222222,1,307.82,5.732758582892719,5,Segment_5
15974,39.984027777777776,7,3442.15,8.14414202904651,1,Segment_1
15975,84.97013888888888,1,371.01,5.91892073563227,2,Segment_2
15976,165.99305555555554,2,427.64,6.0606174057962985,5,Segment_5
15977,17.972916666666666,2,1054.73,6.961987749755856,1,Segment_1
15978,77.8951388888889,1,1098.78,7.002865438783795,1,Segment_1
15980,89.13125,3,2398.86,7.783165681301249,1,Segment_1
15981,25.20138888888889,8,3408.48,8.134315065980752,1,Segment_1
15983,22.802777777777777,4,1465.12,7.29037473448544,1,Segment_1
15984,3.0236111111111112,10,2780.63,7.930792365795113,1,Segment_1
15985,123.84652777777778,2,1142.42,7.04177905036834,1,Segment_1
15986,30.897916666666667,1,168.12,5.1306085221219275,2,Segment_2
15987,12.883333333333333,7,1432.77,7.268062617779592,1,Segment_1
15988,19.977083333333333,1,156.78,5.061201657666944,2,Segment_2
15990,44.86944444444445,2,792.11,6.675961925760257,2,Segment_2
15992,4.076388888888889,1,41.989999999999995,3.76096753050819,2,Segment_2
15993,9.086805555555555,7,2777.67,7.929727674940442,1,Segment_1
15994,55.015277777777776,1,414.27,6.028928911090341,2,Segment_2
15996,88.9,6,1032.58,6.940783782995926,1,Segment_1
15998,37.00347222222222,5,3080.22,8.033080901435286,1,Segment_1
16000,3.0229166666666667,3,12393.7,9.4250242408686,1,Segment_1
16003,30.12013888888889,5,2735.37,7.914387503517288,1,Segment_1
16005,12.960416666666667,4,578.71,6.3625279784987825,2,Segment_2
16006,211.98472222222222,1,101.4,4.628886712605407,5,Segment_5
16007,48.072916666666664,4,1693.81,7.435325919136224,1,Segment_1
16008,24.095833333333335,3,478.78000000000003,6.173327665501776,2,Segment_2
16009,22.832638888888887,4,972.11,6.880497128211273,1,Segment_1
16010,246.10833333333332,3,392.4,5.974826905954958,5,Segment_5
16011,8.846527777777778,16,3352.96,8.1178970162536,4,Segment_4
16012,35.97569444444444,3,1415.29,7.255796055544432,1,Segment_1
16013,4.093055555555556,47,37130.6,10.522223638082181,4,Segment_4
16014,38.03194444444444,3,646.83,6.473628316254615,2,Segment_2
16015,4.0777777777777775,3,704.55,6.55897764050377,2,Segment_2
16016,3.9270833333333335,8,1465.51,7.290640707350956,1,Segment_1
16017,47.99583333333333,1,211.88,5.360728626669434,2,Segment_2
16018,39.94236111111111,2,408.9,6.015913227510292,2,Segment_2
16019,47.04097222222222,9,3786.24,8.239392800596635,1,Segment_1
16020,17.06388888888889,3,851.01,6.747598263849638,1,Segment_1
16022,260.9819444444444,1,602.63,6.402961427447865,5,Segment_5
16023,46.84444444444444,3,719.81,6.58037557967181,2,Segment_2
16024,12.975,1,251.03,5.5295481280448655,2,Segment_2
16025,30.04513888888889,1,439.65999999999997,6.0882736030360425,2,Segment_2
16026,43.95625,1,236.09,5.468439815884993,2,Segment_2
16027,92.08541666666666,6,934.62,6.841209411138237,1,Segment_1
16029,39.09930555555555,63,80850.84,11.300373622940477,4,Segment_4
16030,310.05694444444447,1,331.24,5.805857599322498,5,Segment_5
16031,92.98819444444445,2,547.9,6.3079162755558436,2,Segment_2
16033,6.004166666666666,20,8778.82,9.080211185280058,4,Segment_4
16034,196.85625,3,437.7,6.083815808172168,5,Segment_5
16036,87.91458333333334,2,758.9200000000001,6.633213164581927,2,Segment_2
16037,270.15069444444447,3,855.02,6.752293740354778,5,Segment_5
16038,8.006944444444445,3,471.78,6.1586301640127346,2,Segment_2
16040,65.96041666666666,3,1313.55,7.181249680723068,1,Segment_1
16041,31.01736111111111,3,3166.4,8.060666341057626,1,Segment_1
16042,22.791666666666668,5,1177.47,7.071972265963926,1,Segment_1
16043,38,4,773.99,6.652850126044293,2,Segment_2
16045,120.00625,4,1340.7,7.201692745596426,1,Segment_1
16048,373.8902777777778,2,256.44,5.550786683244073,5,Segment_5
16049,40.97986111111111,3,1074.81,6.980829145204009,1,Segment_1
16050,174.04583333333332,1,137.9,4.933754249760298,5,Segment_5
16052,54.90069444444445,1,362.06,5.894568109862285,2,Segment_2
16053,33.06180555555556,2,1511.95,7.321816666315659,1,Segment_1
16054,145.9875,1,783.9,6.665556321132768,2,Segment_2
16055,221.14166666666668,1,134.8,4.911183215124596,5,Segment_5
16056,45.89652777777778,1,650.75,6.479661052813611,2,Segment_2
16057,16.89375,7,2263.12,7.724941441452005,1,Segment_1
16059,66.12083333333334,6,1453.16,7.282183693304844,1,Segment_1
16062,10.024305555555555,4,1153.62,7.051526564493091,1,Segment_1
16063,260.9125,1,335.32,5.818063087688587,5,Segment_5
16065,365.99097222222224,1,367.14,5.908463300604576,5,Segment_5
16066,17.038888888888888,5,1521.04,7.327806819285222,1,Segment_1
16070,22.875,2,852.15,6.748935381973274,2,Segment_2
16071,45.06666666666667,1,326.24,5.790693846645498,2,Segment_2
16072,288.9291666666667,1,584.3199999999999,6.3721587062242255,5,Segment_5
16073,297.88125,1,122.4,4.8154311114712876,5,Segment_5
16076,3.910416666666667,10,2234.73,7.712323075642278,1,Segment_1
16078,284.12708333333336,1,79.2,4.384523514872469,5,Segment_5
16079,17.00138888888889,3,1352,7.210079628170788,1,Segment_1
16080,82.08888888888889,2,217.16,5.385228738537333,2,Segment_2
16081,56.98888888888889,5,2799.42,7.93752468491442,1,Segment_1
16083,101.08541666666666,2,1317.6200000000001,7.184341014166175,1,Segment_1
16084,299.8645833333333,1,436.18,6.0803450096018565,5,Segment_5
16085,23.976388888888888,5,981.51,6.890110521808668,1,Segment_1
16086,59.986805555555556,5,1121.39,7.023215619268875,1,Segment_1
16091,155.17013888888889,2,315.06,5.755932068980957,2,Segment_2
16092,115.08611111111111,3,817.86,6.707913129070193,2,Segment_2
16093,107.07013888888889,1,17,2.8903717578961645,2,Segment_2
16094,12.003472222222221,4,1078.23,6.984003102876341,1,Segment_1
16096,264.96666666666664,1,320.62,5.773370724425878,5,Segment_5
16097,240.96041666666667,1,185.04999999999998,5.226015454792631,5,Segment_5
16098,88.11875,7,2005.6299999999999,7.604211977042565,1,Segment_1
16099,50.984027777777776,3,731.9,6.597009266931805,2,Segment_2
16101,71.10555555555555,1,1290.7,7.16371445923797,1,Segment_1
16102,42.97986111111111,3,1842.1399999999999,7.519225917888408,1,Segment_1
16103,7.940277777777778,6,1429.64,7.265877175579781,1,Segment_1
16104,62.10208333333333,1,298.21000000000004,5.701145668001697,2,Segment_2
16105,249.10902777777778,1,336.96,5.822927545284644,5,Segment_5
16106,66.09236111111112,1,108.38,4.694828057918627,2,Segment_2
16107,18.131944444444443,7,3204.16,8.072517290105589,1,Segment_1
16108,85.04305555555555,1,842.5,6.737559901986023,2,Segment_2
16109,219.14791666666667,2,611.88,6.418169158208565,5,Segment_5
16110,45.927083333333336,3,1320.95,7.186863198213779,1,Segment_1
16112,143.93194444444444,4,195.74,5.281883060084612,2,Segment_2
16113,183.85694444444445,1,161.38,5.089939267434301,5,Segment_5
16114,171.10902777777778,1,135.75,4.91815444130209,5,Segment_5
16115,10.054166666666667,8,1660.8799999999999,7.415704770642627,1,Segment_1
16116,212.03402777777777,1,612.78,6.419636557751217,5,Segment_5
16117,190.04722222222222,1,232.21,5.451939335203601,5,Segment_5
16119,8.902083333333334,2,423.36,6.050582151591071,2,Segment_2
16120,59.93611111111111,4,1309.14,7.1778892807139885,1,Segment_1
16121,57.99375,2,854.66,6.751873100976731,2,Segment_2
16122,73.8861111111111,4,684.42,6.530031789055632,2,Segment_2
16123,52.147222222222226,1,307.78,5.732629049213781,2,Segment_2
16124,317.9201388888889,1,249,5.521460917862246,5,Segment_5
16125,367.87638888888887,1,289.35,5.671087091818059,5,Segment_5
16126,29.865972222222222,4,6287.77,8.74652078208272,1,Segment_1
16127,39.952777777777776,1,656.25,6.488064463609991,2,Segment_2
16128,18.066666666666666,5,1880.22,7.53967578152618,1,Segment_1
16131,52.03958333333333,6,3506.54,8.162670216045587,1,Segment_1
16133,4.059722222222222,33,14589.04,9.588094383116912,4,Segment_4
16134,22.114583333333332,2,618.09,6.428250657915328,2,Segment_2
16135,263.0138888888889,1,517.55,6.251036455035743,5,Segment_5
16136,60.15277777777778,3,709.38,6.5658000381285,2,Segment_2
16139,19.175694444444446,3,635.41,6.455843009727984,2,Segment_2
16140,66.02430555555556,2,725.18,6.587797917978567,2,Segment_2
16141,88.98541666666667,1,620.4,6.431974996958947,2,Segment_2
16142,250.10694444444445,1,535.34,6.284768288327816,5,Segment_5
16143,3.942361111111111,6,2424.94,7.793974357128903,1,Segment_1
16144,247.11180555555555,1,175.2,5.171619713502079,5,Segment_5
16145,9.095138888888888,11,3799.49,8.242885284769901,1,Segment_1
16146,157.9375,3,734.13,6.600047354321349,2,Segment_2
16147,134.1201388888889,1,375,5.929589143389895,2,Segment_2
16148,296.9506944444444,1,76.32,4.34795265434013,5,Segment_5
16149,5.05625,2,280.52,5.640203493013329,2,Segment_2
16150,43.00763888888889,5,2053.02,7.627554127539443,1,Segment_1
16152,269.12708333333336,1,1829.04,7.512093103520083,5,Segment_5
16153,50.083333333333336,5,1824.23,7.5094612854730665,1,Segment_1
16156,9.005555555555556,9,3092.04,8.03690970502951,1,Segment_1
16157,16.047916666666666,3,656.6899999999999,6.488733695691184,2,Segment_2
16159,282.0159722222222,1,348.2,5.855644823965447,5,Segment_5
16160,65.93819444444445,2,1025.44,6.933851783703411,1,Segment_1
16161,2.0277777777777777,19,5533.67,8.618787222769154,4,Segment_4
16162,252.9076388888889,1,37.4,3.648057459593681,5,Segment_5
16163,232.89930555555554,2,856.6,6.754137790316538,5,Segment_5
16164,17.906944444444445,3,822.48,6.713539262741108,2,Segment_2
16168,11.003472222222221,27,3787.6,8.239751836694179,4,Segment_4
16169,8.890277777777778,4,1822.97,7.5087707231305965,1,Segment_1
16170,51.18680555555556,6,1885.05,7.542239973976665,1,Segment_1
16171,59.91597222222222,1,73.19999999999999,4.3067641501733345,2,Segment_2
16172,95.97777777777777,5,1140.21,7.039844382006876,1,Segment_1
16173,16.08125,6,1418.32,7.257933162659462,1,Segment_1
16174,126.975,3,1009.55,6.918250016074778,1,Segment_1
16175,94.92916666666666,4,1037.59,6.945619303018016,1,Segment_1
16177,50.99513888888889,1,331.95,5.807992328556631,2,Segment_2
16178,138.86458333333334,1,197.9,5.292802185859927,2,Segment_2
16179,61.13125,1,215.83,5.379113636376126,2,Segment_2
16180,100.84861111111111,8,10254.18,9.235538222765896,1,Segment_1
16181,73.96666666666667,1,305.54,5.725348252570762,2,Segment_2
16182,72.97708333333334,4,6617.65,8.797646700642568,1,Segment_1
16183,67.91041666666666,1,338.71000000000004,5.828092312472438,2,Segment_2
16184,64.79652777777778,6,1158.79,7.055994233228931,1,Segment_1
16185,17.13125,2,529.41,6.273650292389248,2,Segment_2
16186,23.00486111111111,12,4006.94,8.296032672592768,1,Segment_1
16187,32.125,15,6911.44,8.841077965865253,4,Segment_4
16188,45.02152777777778,4,981.86,6.890466688844595,1,Segment_1
16189,16.04375,2,215.48,5.3774981644224775,2,Segment_2
16190,40.86875,1,215.07999999999998,5.37564870948436,2,Segment_2
16191,3.058333333333333,13,5180.5199999999995,8.552853728502956,1,Segment_1
16193,237.04513888888889,1,314.45,5.754000190816819,5,Segment_5
16198,75.91111111111111,1,400.681,5.995658241267266,2,Segment_2
16200,4.923611111111111,2,1068.8700000000001,6.975292424747694,1,Segment_1
16201,3.8666666666666667,4,1863.47,7.530732109384843,1,Segment_1
16202,361.08819444444447,1,365.27,5.903370766348874,5,Segment_5
16203,59.013194444444444,4,592.9,6.386710955021814,2,Segment_2
16204,23.96527777777778,1,384.18,5.953710757496066,2,Segment_2
16205,31.1375,4,757.63,6.631514175005942,2,Segment_2
16206,55.08958333333333,4,537.06,6.287970078106996,2,Segment_2
16207,25.957638888888887,1,394.38,5.979847327767791,2,Segment_2
16208,45.05138888888889,2,664.26,6.500177941687698,2,Segment_2
16209,89.03611111111111,5,2262.62,7.724720580712637,1,Segment_1
16210,2.0097222222222224,18,21086.3,9.956426242517606,4,Segment_4
16211,89.02708333333334,1,547.02,6.306311782632405,2,Segment_2
16212,19.993055555555557,2,690.34,6.538631743276411,2,Segment_2
16213,79.11597222222223,1,159,5.075173815233827,2,Segment_2
16214,171.05555555555554,3,1062.75,6.969555679887584,5,Segment_5
16215,81.10555555555555,1,242.35,5.494500736279464,2,Segment_2
16216,267.8861111111111,1,914.93,6.819939942540059,5,Segment_5
16217,235.97152777777777,2,304.25,5.721131112990814,5,Segment_5
16218,30.11875,7,3084.68,8.034527333444103,1,Segment_1
16221,37.046527777777776,3,860.86,6.759092844480235,1,Segment_1
16222,318.96666666666664,1,773.55,6.652282215552372,5,Segment_5
16224,57.79097222222222,4,1295.3,7.167269331605997,1,Segment_1
16225,45.18055555555556,5,1096.32,7.000626122386744,1,Segment_1
16226,203.92291666666668,3,255.12,5.545646084650602,5,Segment_5
16227,225.9701388888889,1,314.22,5.753270807747395,5,Segment_5
16229,87.81527777777778,2,1010.6,6.91928851479581,1,Segment_1
16230,190.11388888888888,2,542.03,6.297164567026571,5,Segment_5
16232,44.02361111111111,4,990.88,6.89960213222575,1,Segment_1
16233,71.80763888888889,3,536.68,6.287263587661711,2,Segment_2
16235,41.079166666666666,5,867.31,6.766548793757163,1,Segment_1
16236,78.94444444444444,1,432.2,6.071199515126835,2,Segment_2
16239,57.18125,2,414.2,6.028760331851679,2,Segment_2
16240,24.930555555555557,2,3718.8,8.221425182381026,1,Segment_1
16241,10.070833333333333,13,2590.31,7.859918818329966,1,Segment_1
16242,8.901388888888889,7,3579.86,8.183358274009397,1,Segment_1
16243,34.0125,2,409.1,6.016401032398013,2,Segment_2
16244,212.10555555555555,2,1522.75,7.328929680795481,5,Segment_5
16245,24.108333333333334,3,1413.66,7.254644498519316,1,Segment_1
16247,170.93541666666667,1,114.56,4.749789875598035,5,Segment_5
16248,62.05416666666667,1,152.94,5.036562916106171,2,Segment_2
16249,53.113194444444446,5,1800.07,7.496136211716589,1,Segment_1
16250,261.90486111111113,2,389.44,5.967274308306765,5,Segment_5
16253,67.15347222222222,2,3683.86,8.21198781204284,1,Segment_1
16255,17.006944444444443,8,2619.91,7.871276864694926,1,Segment_1
16256,267.02222222222224,1,752.4300000000001,6.624636113950167,5,Segment_5
16257,177.11041666666668,1,46.95,3.8701588013294472,5,Segment_5
16258,45.97222222222222,5,5203.51,8.557280836367838,1,Segment_1
16260,51.13194444444444,1,1035.45,6.9435566914455205,1,Segment_1
16261,17.810416666666665,4,728.54,6.592414198536382,2,Segment_2
16265,9.839583333333334,9,5447,8.60300384782935,1,Segment_1
16266,74.02916666666667,7,861.89,6.760287220618741,1,Segment_1
16268,71.76388888888889,2,667.65,6.5052607543188055,2,Segment_2
16270,353.93333333333334,1,1141.24,7.040746525754151,5,Segment_5
16271,3.0034722222222223,5,1404.64,7.248247994066157,1,Segment_1
16272,117.08055555555555,1,411.7,6.022720936758536,2,Segment_2
16274,373.8854166666667,1,351.75,5.865759590732924,5,Segment_5
16275,197.00625,1,559.87,6.329489149614112,5,Segment_5
16276,177.13611111111112,1,810.5999999999999,6.69900760795166,5,Segment_5
16278,100.81805555555556,1,566.38,6.34102927325157,2,Segment_2
16279,21.90972222222222,3,1502.78,7.315737217214576,1,Segment_1
16281,72.91180555555556,1,2062.06,7.6319455965067835,1,Segment_1
16282,340.0472222222222,1,168.3,5.13167228913909,5,Segment_5
16283,6.029166666666667,5,1570.81,7.359983100544423,1,Segment_1
16284,31.85972222222222,2,812.68,6.70156716831734,2,Segment_2
16287,170.15416666666667,1,142.5,4.966335035199676,5,Segment_5
16292,122.01805555555555,1,302.25,5.7145575478241595,2,Segment_2
16293,22.119444444444444,10,2248.99,7.718681050744145,1,Segment_1
16295,10.189583333333333,4,1328.55,7.192595818099261,1,Segment_1
16297,269.18125,1,301.9,5.713402718033191,5,Segment_5
16298,23.035416666666666,3,598.2,6.3955954322030095,2,Segment_2
16302,127.12916666666666,1,233.22,5.4562608446139915,2,Segment_2
16303,26.084027777777777,3,5360.63,8.587023312312065,1,Segment_1
16305,139.0222222222222,1,361.22,5.8922517620363895,2,Segment_2
16306,214.0263888888889,6,632.27,6.450896871486089,5,Segment_5
16308,38.05972222222222,4,2560,7.848153086199526,1,Segment_1
16309,106.88541666666667,2,706.57,6.56183656455249,2,Segment_2
16311,18.163888888888888,2,616.26,6.425290328985104,2,Segment_2
16313,3.9916666666666667,2,274.15,5.617316403505768,2,Segment_2
16315,331.03680555555553,1,226.37,5.426578646492048,5,Segment_5
16316,64.95972222222223,8,2938.91,7.986134247619265,1,Segment_1
16317,120.00277777777778,3,1341.65,7.202400551985058,1,Segment_1
16318,35.989583333333336,1,328.15,5.796513573913885,2,Segment_2
16319,218.0576388888889,1,404.40000000000003,6.004874234017899,5,Segment_5
16320,172.89236111111111,2,1038.46,6.946456626519212,5,Segment_5
16321,72.91319444444444,5,373.65,5.92599225681032,2,Segment_2
16322,1.88125,2,326.75,5.792251122643809,2,Segment_2
16323,196.91805555555555,1,207.5,5.339939041238856,5,Segment_5
16324,128.99444444444444,3,408.59,6.01515665936477,2,Segment_2
16325,47.168055555555554,3,594.24,6.38896468556185,2,Segment_2
16326,6.110416666666667,14,3039.22,8.019685160202853,1,Segment_1
16327,14.977083333333333,6,3820.27,8.248338107080782,1,Segment_1
16330,18.018055555555556,3,251.91,5.533033694214862,2,Segment_2
16332,28.93611111111111,7,1582.8,7.367582301776312,1,Segment_1
16333,8.021527777777777,22,26626.8,10.189711061801596,4,Segment_4
16337,37.115972222222226,1,151.05,5.024209414123374,2,Segment_2
16338,157.95416666666668,1,214.8,5.374352052824034,5,Segment_5
16339,284.96458333333334,1,94.05,4.554403068934438,5,Segment_5
16340,107.91458333333334,1,534.31,6.28284601833824,2,Segment_2
16341,25.15138888888889,4,1971.87,7.587244614343444,1,Segment_1
16342,75.9263888888889,4,322.41,5.778920868124441,2,Segment_2
16343,16.79513888888889,2,328.58,5.797819116582584,2,Segment_2
16344,158.875,1,101.10000000000001,4.62595272517062,5,Segment_5
16345,44.865972222222226,1,565.46,6.33940646897248,2,Segment_2
16347,11.983333333333333,2,847.45,6.743411155418835,2,Segment_2
16348,32.87916666666667,7,1415.65,7.256050208475266,1,Segment_1
16349,291.00694444444446,1,53.5,3.9982007016691985,5,Segment_5
16350,21.872916666666665,4,1116.47,7.018822480489789,1,Segment_1
16351,333.1,1,153.9,5.042779747422823,5,Segment_5
16352,18.095833333333335,2,494.44,6.205446256629806,2,Segment_2
16353,4.01875,23,6675.71,8.806380630235296,4,Segment_4
16354,63.93194444444445,2,395.8,5.983432375410718,2,Segment_2
16356,198.04097222222222,3,211.77,5.360211770085627,5,Segment_5
16357,33.86527777777778,3,658.88,6.492058000307724,2,Segment_2
16358,1.9034722222222222,4,2027.5,7.615051882646502,1,Segment_1
16359,7.823611111111111,9,1750.92,7.468467608353334,1,Segment_1
16360,5.023611111111111,6,3450.41,8.146538122184259,1,Segment_1
16361,10.0125,4,891.21,6.793701530880624,1,Segment_1
16362,32.99236111111111,5,709.99,6.566658365006723,2,Segment_2
16363,53.94166666666667,1,109.36,4.703747749349085,2,Segment_2
16364,12.057638888888889,2,705.79,6.560733592071543,2,Segment_2
16365,18.059722222222224,9,1540.42,7.340459348477051,1,Segment_1
16366,19.188194444444445,1,327.3,5.793927824507547,2,Segment_2
16367,37.984027777777776,2,800.67,6.686697051867266,2,Segment_2
16368,2.984722222222222,2,479.90999999999997,6.175680142411356,2,Segment_2
16369,18.850694444444443,3,1545.41,7.343691394505391,1,Segment_1
16370,82.87152777777777,4,1301.91,7.172355503365555,1,Segment_1
16372,33.9875,2,355.73,5.876979193117597,2,Segment_2
16374,66.8951388888889,2,466.73,6.14789120635657,2,Segment_2
16376,9.05,2,974.96,6.883421601966684,1,Segment_1
16377,267.88125,1,676.2,6.51796665025898,5,Segment_5
16378,247.9048611111111,3,362.95,5.897016495564267,5,Segment_5
16379,4.883333333333334,4,2157.4,7.677122485453491,1,Segment_1
16380,61.88194444444444,1,1743.15,7.46402260994466,1,Segment_1
16383,75.00347222222223,2,643.76,6.46887815452873,2,Segment_2
16384,90.06319444444445,2,584.5,6.372466183037772,2,Segment_2
16385,60.984722222222224,3,554.86,6.320516463982851,2,Segment_2
16386,29.01527777777778,2,302.57,5.715612226409778,2,Segment_2
16387,323.0527777777778,1,94.36,4.55765920331704,5,Segment_5
16389,53.922916666666666,4,1382.07,7.2320609449898114,1,Segment_1
16392,270.02708333333334,1,217.89000000000001,5.388569320525063,5,Segment_5
16393,2.9993055555555554,13,3040.96,8.020257323488867,1,Segment_1
16394,57.12638888888889,5,1555.34,7.350092189866152,1,Segment_1
16395,61,5,1482.06,7.3018627998495145,1,Segment_1
16398,154.8986111111111,2,1705.8,7.4423755513138445,1,Segment_1
16399,19.85972222222222,2,408.02,6.013764054602749,2,Segment_2
16400,95.01597222222222,1,303.93,5.720082242069654,2,Segment_2
16401,1.7743055555555556,12,4098.32,8.318576385278623,1,Segment_1
16402,265.0173611111111,2,293.45,5.685109209390579,5,Segment_5
16403,312.9659722222222,1,177.5,5.184588601219693,5,Segment_5
16404,70.91319444444444,1,443.05,6.095937168704513,2,Segment_2
16405,302.8930555555556,2,167.25,5.125450968524837,5,Segment_5
16406,19.036805555555556,1,154.35,5.045680635839056,2,Segment_2
16407,13.072916666666666,10,2079.68,7.640450042344582,1,Segment_1
16409,36.83680555555556,5,2022.98,7.61282114893561,1,Segment_1
16411,19.977083333333333,2,211.7,5.3598827222061916,2,Segment_2
16412,54.010416666666664,1,135.99,4.919907930463299,2,Segment_2
16413,57.02916666666667,1,262.2,5.572914199451162,2,Segment_2
16414,22.130555555555556,2,126.25,4.846153655430632,2,Segment_2
16415,44.96875,1,200.27,5.304647290242906,2,Segment_2
16416,27,3,1051.4,6.958828549166138,1,Segment_1
16418,45.00763888888889,3,631.12,6.449079249540903,2,Segment_2
16419,113.01180555555555,6,958.71,6.866631155492188,1,Segment_1
16422,17.95138888888889,51,34684.4,10.454074128115597,4,Segment_4
16423,25.145138888888887,1,346.12,5.849670541490095,2,Segment_2
16424,191.96527777777777,1,133.56,4.902010196224638,5,Segment_5
16425,302.93055555555554,1,302.7,5.716040372051703,5,Segment_5
16426,2.9506944444444443,10,1863.76,7.530887637470042,1,Segment_1
16427,263.81944444444446,2,241.06,5.489185629310458,5,Segment_5
16429,106.95555555555555,1,284.55,5.654417145110872,2,Segment_2
16430,57.91875,1,300.85,5.709930205242435,2,Segment_2
16431,213.9451388888889,3,623.28,6.436598985674353,5,Segment_5
16432,64.95208333333333,1,287.4,5.664348405410794,2,Segment_2
16433,28.945138888888888,1,184.26,5.221760243825881,2,Segment_2
16434,29.931944444444444,7,1511.8,7.321717517344248,1,Segment_1
16438,6.082638888888889,5,798.35,6.683798897410901,1,Segment_1
16440,8.033333333333333,5,3640.67,8.20019764662707,1,Segment_1
16441,67.79305555555555,2,381.2,5.945944031806173,2,Segment_2
16442,2.046527777777778,3,609.3,6.413950639550449,2,Segment_2
16444,46.958333333333336,4,654.67,6.485657613592114,2,Segment_2
16445,34.0125,1,230.51,5.444623069137621,2,Segment_2
16446,1.1493055555555556,2,168472.5,12.034533746376653,4,Segment_4
16447,136.00347222222223,1,255.91,5.548725829010259,2,Segment_2
16448,198.8486111111111,1,182.99,5.214881408306002,5,Segment_5
16449,198.10069444444446,2,707.69,6.563418195373777,5,Segment_5
16450,150.04375,1,311.92,5.74594756681688,2,Segment_2
16451,88.14791666666666,1,266.96999999999997,5.590875033946566,2,Segment_2
16454,45.048611111111114,2,6.9,2.066862759472976,2,Segment_2
16455,64.02291666666666,7,1841.18,7.518704931910683,1,Segment_1
16456,99.95833333333333,5,2158.18,7.677483798971011,1,Segment_1
16457,218.97986111111112,1,208.36,5.34405525822189,5,Segment_5
16458,3.136111111111111,18,3482.7400000000002,8.155861708321998,4,Segment_4
16460,28.961111111111112,3,811.23,6.699783551285148,2,Segment_2
16461,178.0298611111111,1,142.92,4.969257589642278,5,Segment_5
16462,74.10138888888889,3,136,4.919980925828125,2,Segment_2
16463,21.950694444444444,4,1422.4,7.260803654865171,1,Segment_1
16464,20.027083333333334,3,1298.66,7.169857970780942,1,Segment_1
16466,34.052083333333336,7,1595.96,7.375857100938276,1,Segment_1
16468,74.94236111111111,1,74.9,4.3294166844015844,2,Segment_2
16469,24.01736111111111,4,625.42,6.440021072647094,2,Segment_2
16470,52.02708333333333,4,752.77,6.625087281686058,2,Segment_2
16471,275.13125,1,223.95,5.4158781552871815,5,Segment_5
16473,165.15277777777777,3,316.11,5.759248716840184,5,Segment_5
16474,7.991666666666666,7,1810.65,7.5019933112128685,1,Segment_1
16475,88.92569444444445,4,544.3,6.301336101932016,2,Segment_2
16477,64.12916666666666,7,2494.46,7.822228359929267,1,Segment_1
16478,25.874305555555555,3,331,5.805134968916488,2,Segment_2
16479,10.965277777777779,2,300.83,5.709863944972069,2,Segment_2
16480,76.04861111111111,1,769.29,6.646767067319571,2,Segment_2
16482,16.011805555555554,1,220.62,5.400964203508179,2,Segment_2
16483,192.9875,1,139.35,4.9441393028078915,5,Segment_5
16484,174.03055555555557,2,404.3,6.004627533634263,5,Segment_5
16485,77.875,1,363.65,5.898937989430242,2,Segment_2
16488,33.96388888888889,3,498.8,6.214208018400852,2,Segment_2
16491,47.105555555555554,1,731.5,6.596463340891223,2,Segment_2
16493,80.06944444444444,4,1351.6299999999999,7.209806124401014,1,Segment_1
16494,297.00069444444443,1,826.53,6.7184453603705006,5,Segment_5
16495,3.9791666666666665,3,648.26,6.475833252811612,2,Segment_2
16496,9.096527777777778,3,1599.52,7.378083855426812,1,Segment_1
16497,50.079861111111114,6,2965.69,7.99520213218973,1,Segment_1
16498,161.9048611111111,2,100.97,4.624678652376135,5,Segment_5
16499,360.9715277777778,2,365.45,5.903862086371859,5,Segment_5
16500,5.031944444444444,6,400.86,5.996103769256407,2,Segment_2
16503,107.04444444444445,4,1431.93,7.267476578065607,1,Segment_1
16504,25.897222222222222,1,465.88,6.14607226533442,2,Segment_2
16505,32.025,1,777.6,6.657497435176356,2,Segment_2
16506,20.022916666666667,2,90.3,4.514150787600923,2,Segment_2
16509,297.1423611111111,1,363.7,5.8990750978146345,5,Segment_5
16510,372.9659722222222,1,248.1,5.517854422268135,5,Segment_5
16511,22.089583333333334,3,918.33,6.8236451438627554,1,Segment_1
16513,5.105555555555555,4,874.59,6.774897944843427,1,Segment_1
16515,52.986111111111114,5,1624.14,7.393349244898962,1,Segment_1
16516,30.910416666666666,1,101.7,4.631812116934513,2,Segment_2
16517,277.9583333333333,1,162.7,5.098035484377089,5,Segment_5
16518,61.90694444444444,2,484.32,6.1848084671836725,2,Segment_2
16519,25.88125,2,215.08,5.37564870948436,2,Segment_2
16520,186.9763888888889,3,1046.57,6.954228475339207,5,Segment_5
16523,2.1555555555555554,21,9418.47,9.150534102717932,4,Segment_4
16525,2.904861111111111,26,13027.45,9.474890706788237,4,Segment_4
16526,172.03333333333333,1,290.36,5.674559615979298,5,Segment_5
16527,81.85347222222222,1,228.06,5.43398397796957,2,Segment_2
16528,4.003472222222222,1,244.41,5.502930281242811,2,Segment_2
16529,190.81041666666667,1,455.25,6.123040904896701,5,Segment_5
16531,22.847916666666666,7,1244.59,7.127364592228089,1,Segment_1
16532,18.070833333333333,3,6748.8,8.81726815379798,1,Segment_1
16533,19.9875,3,1082.81,6.988237889884059,1,Segment_1
16535,5.897222222222222,1,593.75,6.388141149183067,2,Segment_2
16536,110.87222222222222,1,548.12,6.308316996859543,2,Segment_2
16539,3.1729166666666666,4,1388.81,7.236922326134238,1,Segment_1
16542,54.08541666666667,1,119.62,4.792645108022841,2,Segment_2
16545,165.0923611111111,1,339.3,5.82982758150686,5,Segment_5
16546,291.0625,2,787.15,6.669688427072551,5,Segment_5
16549,10.905555555555555,10,4034.9,8.302984604159606,1,Segment_1
16550,109.06805555555556,5,2298.97,7.740651358353913,1,Segment_1
16551,96.13333333333334,3,922.12,6.827759236886412,2,Segment_2
16552,243.11527777777778,2,379.73,5.9420904624901825,5,Segment_5
16553,163.88055555555556,12,5719.82,8.651867430742618,1,Segment_1
16554,42.91597222222222,3,837.1,6.73113742510486,2,Segment_2
16555,35.92986111111111,2,285.89,5.659098867029561,2,Segment_2
16556,67.0513888888889,7,3313.79,8.106149552197078,1,Segment_1
16557,24.948611111111113,2,281.85,5.644916721789165,2,Segment_2
16558,1.1041666666666667,20,8338.49,9.028757342403852,4,Segment_4
16560,27.09375,2,841.41,6.736266831594512,2,Segment_2
16561,6.041666666666667,2,511.12,6.238558972577978,2,Segment_2
16563,54.04097222222222,1,1077.74,6.9835489723662585,1,Segment_1
16565,364.8951388888889,1,173.7,5.163070217140011,5,Segment_5
16566,15.844444444444445,5,614.66,6.422694863102173,2,Segment_2
16567,194.95347222222222,2,865.6,6.764577509305809,5,Segment_5
16569,3.8875,1,124.2,4.829912458665998,2,Segment_2
16570,15.825,10,3738.4,8.226680449731173,1,Segment_1
16571,27.044444444444444,3,1421.69,7.260304724743686,1,Segment_1
16572,127.84444444444445,3,1009.6,6.918299492857808,1,Segment_1
16573,85.15069444444444,2,663.61,6.499200402451892,2,Segment_2
16574,71.96597222222222,1,451.44,6.11465515766318,2,Segment_2
16581,183.11458333333334,1,105.84,4.67133238824176,5,Segment_5
16582,113.825,1,313.62,5.751365561394358,2,Segment_2
16583,374.03263888888887,1,233.45,5.457242345535596,5,Segment_5
16584,80.96180555555556,2,936.08,6.842768657462584,2,Segment_2
16586,249.1375,1,463.95,6.141929872924206,5,Segment_5
16587,232.87430555555557,1,225.15,5.421198495923853,5,Segment_5
16589,71.91666666666667,3,459.24,6.131748092555038,2,Segment_2
16591,69.08819444444444,1,213.5,5.368309738368072,2,Segment_2
16592,4.959027777777778,16,4113.68,8.322316345810338,4,Segment_4
16593,51.00625,3,330.03,5.802209005711098,2,Segment_2
16594,75.94583333333334,1,181.09,5.204501070343752,2,Segment_2
16595,61.982638888888886,1,360.15999999999997,5.8893210734392785,2,Segment_2
16596,16.116666666666667,2,250.15,5.526050370196054,2,Segment_2
16597,4.879166666666666,1,90.03999999999999,4.511298970378021,2,Segment_2
16598,286.0472222222222,1,145.05,4.9839490288337505,5,Segment_5
16600,4.868055555555555,6,813.52,6.702598982682314,1,Segment_1
16601,41.07013888888889,1,242.7,5.495937960631161,2,Segment_2
16602,36.87222222222222,1,528.08,6.271139649157846,2,Segment_2
16603,75.1138888888889,2,482.46999999999997,6.180989265398515,2,Segment_2
16607,18.101388888888888,14,3347.71,8.116330476031974,1,Segment_1
16609,15.970833333333333,7,5493.46,8.611495590853199,1,Segment_1
16610,219.98402777777778,1,75.66,4.339380059952409,5,Segment_5
16611,186.87777777777777,1,129.49,4.871296595474155,5,Segment_5
16612,33.21666666666667,4,1187.66,7.08058190121429,1,Segment_1
16613,70.87361111111112,1,618.59,6.429057968967668,2,Segment_2
16614,183.05138888888888,1,506.19,6.228885686840323,5,Segment_5
16616,15.846527777777778,2,500.42,6.2174440732414,2,Segment_2
16617,236.09375,1,151.85,5.029457048336844,5,Segment_5
16618,31.956944444444446,5,2647.59,7.881782701906185,1,Segment_1
16619,264.18888888888887,1,226.21,5.425874699962912,5,Segment_5
16620,4.021527777777778,2,178.96,5.192734603972972,2,Segment_2
16621,52.05,4,813.48,6.70254987279894,2,Segment_2
16623,246.11180555555555,1,129.45000000000002,4.870990011582737,5,Segment_5
16624,81.00763888888889,2,810.5699999999999,6.6989706432467875,2,Segment_2
16625,275,1,333.08,5.811380485254219,5,Segment_5
16626,1.0375,17,4413.1,8.392559241748096,4,Segment_4
16627,79.925,1,322.8,5.780126041243535,2,Segment_2
16628,30.00347222222222,5,2188.05,7.691222938742128,1,Segment_1
16629,74.09444444444445,2,408.63,6.01525431323072,2,Segment_2
16633,17.964583333333334,6,2883.1,7.966968171867508,1,Segment_1
16634,223.02847222222223,2,217.9,5.388615004528817,5,Segment_5
16637,32.98125,4,1154.47,7.052262466590724,1,Segment_1
16638,23.070138888888888,10,1680.72,7.427572358185583,1,Segment_1
16639,31.979166666666668,3,1257.51,7.137683760511223,1,Segment_1
16641,106.00069444444445,1,231.1,5.447168313280391,2,Segment_2
16642,5.054861111111111,2,688.33,6.535720111358577,2,Segment_2
16643,246.18472222222223,1,487.51,6.191359942102381,5,Segment_5
16644,178.0076388888889,2,833.78,6.72716821708184,5,Segment_5
16647,170.04375,2,214.06,5.37091705896238,5,Segment_5
16648,43.16111111111111,1,290.66,5.675588740285419,2,Segment_2
16650,72.12430555555555,1,518.42,6.252712804455737,2,Segment_2
16652,59.13333333333333,7,6773.97,8.820990217693817,1,Segment_1
16653,16.915972222222223,2,1212.66,7.101395866495808,1,Segment_1
16654,141.89375,4,601.27,6.400705849743913,2,Segment_2
16655,18.05902777777778,6,3789.52,8.240258491831206,1,Segment_1
16656,22.92152777777778,15,8625.8,9.062628915777825,4,Segment_4
16657,10.043055555555556,4,874.43,6.774715194217569,1,Segment_1
16658,368.9604166666667,1,123.24,4.822215178840431,5,Segment_5
16659,189.9076388888889,1,39.12,3.691874963093735,5,Segment_5
16660,16.914583333333333,4,1267.65,7.145708621949827,1,Segment_1
16665,362.94930555555555,1,135.4,4.915591745409362,5,Segment_5
16666,19.950694444444444,1,118.98,4.787325062224947,2,Segment_2
16667,68.89166666666667,2,567.18,6.342438269926957,2,Segment_2
16668,15.796527777777778,6,306.72,5.729190278590734,2,Segment_2
16669,24.016666666666666,3,1348.88,7.207770978592735,1,Segment_1
16670,17.136111111111113,11,4095.9,8.317985869145499,1,Segment_1
16671,28.96527777777778,3,1692.27,7.434416849630159,1,Segment_1
16672,2.847916666666667,20,8134.94,9.004046563069934,4,Segment_4
16674,55.05486111111111,2,304.24,5.721098352421432,2,Segment_2
16676,34.03402777777778,4,1592.12,7.373449636639774,1,Segment_1
16678,3.0229166666666667,12,3109.99,8.042696282491956,1,Segment_1
16679,366.9576388888889,1,129.75,4.873287102945032,5,Segment_5
16680,43.802083333333336,1,183.7,5.218732887205194,2,Segment_2
16681,73.06875,6,1770.34,7.479491601287773,1,Segment_1
16682,5.0256944444444445,5,1028,6.9363427358340495,1,Segment_1
16684,4.947222222222222,28,66653.56,11.107278740370788,4,Segment_4
16685,61.952777777777776,2,324.24,5.784563371339637,2,Segment_2
16686,47.95902777777778,7,2959.88,7.993241800431319,1,Segment_1
16688,1.8930555555555555,4,1260.86,7.1403421019236415,1,Segment_1
16689,76.04930555555555,2,422.6,6.048789613727251,2,Segment_2
16690,72.90833333333333,2,225.58,5.423098083445343,2,Segment_2
16692,256.9194444444444,2,1276,7.152268856032539,5,Segment_5
16693,69.06944444444444,2,477.86,6.171408279115973,2,Segment_2
16696,135.93541666666667,4,657.9,6.490571777919774,2,Segment_2
16697,241.81805555555556,1,112.75,4.7340030578310595,5,Segment_5
16698,227.08194444444445,2,1998,7.6004023345004,5,Segment_5
16700,9.07638888888889,13,5076.55,8.532584140771885,1,Segment_1
16701,9.069444444444445,13,5398.3,8.59402459452009,1,Segment_1
16705,1.0291666666666666,20,14034.99,9.549380024249162,4,Segment_4
16706,37.958333333333336,3,531.35,6.277301167760616,2,Segment_2
16708,46.020833333333336,1,656.63,6.488642463139346,2,Segment_2
16709,85.07916666666667,5,3029.87,8.016604986002726,1,Segment_1
16710,19.916666666666668,10,2467.99,7.811564439114215,1,Segment_1
16711,3.845833333333333,5,1651.03,7.4097601137223315,1,Segment_1
16712,9.959722222222222,11,3611.31,8.192102735881804,1,Segment_1
16713,19.009722222222223,15,6910.78,8.8409824812736435,4,Segment_4
16714,219.0701388888889,3,1129.06,7.030026007641905,5,Segment_5
16715,78.77430555555556,1,301.71999999999997,5.712808285863513,2,Segment_2
16716,267.11597222222224,2,901.2,6.804836224974296,5,Segment_5
16717,24.023611111111112,6,3843.08,8.25428958152815,1,Segment_1
16718,369.99097222222224,1,606.05,6.408611159989984,5,Segment_5
16719,15.140972222222222,7,1770.22,7.479423853670205,1,Segment_1
16720,26.852777777777778,1,152.95,5.0366278743705095,2,Segment_2
16721,262.8625,1,292.47,5.681775419393111,5,Segment_5
16722,17.97361111111111,13,4730.81,8.46206307213662,1,Segment_1
16723,91.99236111111111,2,576.4,6.3585352672288344,2,Segment_2
16725,302.83194444444445,7,758.27,6.632357445363575,5,Segment_5
16726,26.914583333333333,5,1358.74,7.215048783982959,1,Segment_1
16727,364.95972222222224,1,256.32,5.550320446542799,5,Segment_5
16728,46.92638888888889,4,1048.28,6.955859493656283,1,Segment_1
16729,38.93125,21,7205.33,8.882715085430164,4,Segment_4
16730,52.94375,3,743.11,6.612188873366803,2,Segment_2
16732,32.12222222222222,1,603.75,6.404815149490137,2,Segment_2
16734,52.9625,3,646.76,6.473520257377859,2,Segment_2
16735,79.0423611111111,5,2247.41,7.717978578725217,1,Segment_1
16737,53.990972222222226,1,417.6,6.0369158100119,2,Segment_2
16738,298.1277777777778,1,3.75,1.55814461804655,5,Segment_5
16739,177.14791666666667,1,323,5.780743515792329,5,Segment_5
16742,47.03333333333333,1,464.9,6.143971018822751,2,Segment_2
16743,29.98402777777778,7,2213.13,7.702614828798631,1,Segment_1
16744,11.988888888888889,7,1291.91,7.164650770780832,1,Segment_1
16745,87.03611111111111,17,7180.7,8.87929140281919,4,Segment_4
16746,5.011805555555555,18,6680.11,8.807039420391044,4,Segment_4
16747,38.050694444444446,2,836.0600000000001,6.729895752508072,2,Segment_2
16748,18.10625,5,1515.9,7.324424057597627,1,Segment_1
16750,45.00138888888889,5,623.93,6.437639643463933,2,Segment_2
16751,31.084722222222222,1,1764.72,7.476313818197086,1,Segment_1
16752,373.02222222222224,1,207.5,5.339939041238856,5,Segment_5
16753,58.983333333333334,1,223.92000000000002,5.415744783424001,2,Segment_2
16754,372.8,1,2002.4,7.602601016177664,5,Segment_5
16755,114.97847222222222,3,1475.43,7.2973822906459604,1,Segment_1
16756,215.13680555555555,1,239.4,5.4823042026610525,5,Segment_5
16757,319.03541666666666,1,106.83,4.680555912893981,5,Segment_5
16758,65.91875,1,369.34,5.914421502609669,2,Segment_2
16759,8.005555555555556,3,789.79,6.673032445794151,2,Segment_2
16761,97.06597222222223,1,316.62,5.760855699682501,2,Segment_2
16762,20.04652777777778,3,1207.24,7.096920034258086,1,Segment_1
16763,199.0402777777778,1,611.85,6.418120207787174,5,Segment_5
16764,4.047916666666667,13,2790.95,7.934495555412452,1,Segment_1
16765,294.88125,1,34,3.5553480614894135,5,Segment_5
16766,273.89444444444445,2,1145.6,7.044556320474283,5,Segment_5
16767,31.130555555555556,11,5575.56,8.626327377813633,1,Segment_1
16768,48.09166666666667,3,478.09000000000003,6.17188847120203,2,Segment_2
16769,260.96458333333334,1,361.54,5.893134813034773,5,Segment_5
16770,58.02013888888889,5,757.1,6.630815303062258,2,Segment_2
16771,33.97361111111111,5,2242.61,7.715841454746731,1,Segment_1
16773,57.925694444444446,1,171.59,5.150918839543312,2,Segment_2
16774,68.00625,4,661.52,6.496050746083953,2,Segment_2
16775,10.894444444444444,11,1691.51,7.433967913188473,1,Segment_1
16776,60.99027777777778,1,371.54,5.920344414604856,2,Segment_2
16777,80.96458333333334,2,222.62,5.409948182719222,2,Segment_2
16778,74.95972222222223,2,245.94,5.509145392139597,2,Segment_2
16779,2.9138888888888888,22,10611.72,9.26980856067564,4,Segment_4
16780,100.86180555555555,2,422.24,6.047939394035961,2,Segment_2
16781,372.93333333333334,1,311.25,5.743804149005687,5,Segment_5
16782,10.979166666666666,13,2267.95,7.727072448397774,1,Segment_1
16784,20.020833333333332,1,107.6,4.687671407499835,2,Segment_2
16788,123.91458333333334,2,594.39,6.3892166530089884,2,Segment_2
16789,8.901388888888889,1,80.8,4.404277243608702,2,Segment_2
16790,4.039583333333334,6,1545.62,7.343827183683202,1,Segment_1
16791,29.73472222222222,7,1705.78,7.4423638334106466,1,Segment_1
16792,282.92291666666665,2,110.38,4.7129477781615225,5,Segment_5
16793,57.90416666666667,1,243.84,5.500604935982869,2,Segment_2
16794,1.788888888888889,10,1196.5,7.08799132928507,1,Segment_1
16795,365.9458333333333,1,414.88,6.030396757109769,5,Segment_5
16796,89.95069444444445,1,305.62,5.725609195882308,2,Segment_2
16800,11.947222222222223,1,1162.65,7.0593168957906745,1,Segment_1
16801,163.88680555555555,4,1594.23,7.374773205449993,1,Segment_1
16803,65.93194444444444,1,332.3,5.8090429853136945,2,Segment_2
16804,23.838194444444444,3,536.99,6.287839972628443,2,Segment_2
16805,174.06041666666667,2,460.59,6.134677051181064,5,Segment_5
16806,103.89097222222222,4,762.16,6.63746770785911,2,Segment_2
16807,143.03472222222223,3,1121.59,7.02339379457603,1,Segment_1
16808,99.71944444444445,2,288.42,5.667878920309847,2,Segment_2
16809,23.87847222222222,5,914.69,6.81967787944687,1,Segment_1
16810,192.8875,1,309.54,5.738312717553024,5,Segment_5
16811,5.049305555555556,2,547.0699999999999,6.306403016016588,2,Segment_2
16812,361.0104166666667,1,479.34999999999997,6.174515004855747,5,Segment_5
16813,8.949305555555556,10,1652.18,7.410455984814581,1,Segment_1
16814,14.974305555555556,21,6416.7,8.766815077043479,4,Segment_4
16816,103.94027777777778,4,417.06,6.035624962893636,2,Segment_2
16817,3.0743055555555556,9,1604.75,7.381346216137902,1,Segment_1
16818,11.089583333333334,11,3349.57,8.116885759599102,1,Segment_1
16820,96.03055555555555,1,497.61,6.211824227045576,2,Segment_2
16823,227.90972222222223,1,358.38,5.8843803244983075,5,Segment_5
16824,16.008333333333333,2,460.64,6.134785366552204,2,Segment_2
16825,39.04097222222222,2,775.18,6.654384452047831,2,Segment_2
16826,51.947916666666664,1,341.7,5.836855428880563,2,Segment_2
16828,93.90277777777777,2,128.5,4.863680881139593,2,Segment_2
16829,157.0847222222222,1,197.22,5.289377524978562,5,Segment_5
16830,39.052083333333336,1,325.91,5.789684903656904,2,Segment_2
16832,184.88472222222222,3,199.15,5.299067085438582,5,Segment_5
16833,1.9243055555555555,4,1106.53,7.0098875895885335,1,Segment_1
16834,228.1340277777778,1,413.46,6.026976468109342,5,Segment_5
16835,128.95833333333334,2,180.85,5.203182171432998,2,Segment_2
16836,40.114583333333336,2,251.87,5.5328755226775,2,Segment_2
16837,31.93263888888889,11,3170.98,8.062111277564622,1,Segment_1
16838,197.98402777777778,2,588.85,6.3798682672878515,5,Segment_5
16839,9.157638888888888,34,16594.35,9.716877814621636,4,Segment_4
16841,37.04097222222222,6,1869.82,7.534132116408228,1,Segment_1
16842,101.08888888888889,3,1264.19,7.142977587511544,1,Segment_1
16843,43.15555555555556,16,10196.57,9.22990473559571,4,Segment_4
16846,50.954861111111114,1,214.32,5.372125293692757,2,Segment_2
16847,43.97291666666667,1,193.44,5.270123632177254,2,Segment_2
16848,53.172222222222224,1,281.42,5.643395324641106,2,Segment_2
16849,187.1486111111111,1,124.57,4.8328633720008725,5,Segment_5
16850,334.0701388888889,1,332.40999999999997,5.809372963868082,5,Segment_5
16851,4.970833333333333,3,342.45,5.839041540659891,2,Segment_2
16852,10.977777777777778,2,144.91,4.982989993275931,2,Segment_2
16855,24.03263888888889,2,328.4,5.79727281774354,2,Segment_2
16856,15.160416666666666,1,35.4,3.594568774642695,2,Segment_2
16858,369.12361111111113,1,375.69,5.931422568022302,5,Segment_5
16859,145.02152777777778,2,747.81,6.618485279775063,2,Segment_2
16861,60.15625,2,173.76,5.163413604083235,2,Segment_2
16863,31.891666666666666,2,502.8,6.22217936391851,2,Segment_2
16866,141.11388888888888,3,207.74,5.341089458391906,2,Segment_2
16869,23.033333333333335,4,817.12,6.707009025109966,1,Segment_1
16871,22.724305555555556,6,2812.34,7.942127668587332,1,Segment_1
16872,77.86458333333333,3,680.02,6.523591674293888,2,Segment_2
16873,5.03125,6,7123.62,8.871311670381246,1,Segment_1
16875,67.96597222222222,5,2095.53,7.648038876071995,1,Segment_1
16877,12.960416666666667,6,846.62,6.742432422151628,1,Segment_1
16878,84.79930555555555,1,13.3,2.6602595372658615,2,Segment_2
16880,31.053472222222222,7,1491.43,7.308160942994333,1,Segment_1
16881,67.09513888888888,1,432,6.07073772800249,2,Segment_2
16882,67.08888888888889,3,705.12,6.559785194721083,2,Segment_2
16883,187.99930555555557,2,272.48,5.611228493045593,5,Segment_5
16884,38.040277777777774,2,429.84,6.0657367914825695,2,Segment_2
16885,15.965277777777779,3,450.41,6.112376017438897,2,Segment_2
16887,35.946527777777774,1,192.33,5.264398573344411,2,Segment_2
16889,195.07291666666666,3,1578.67,7.364971243447073,5,Segment_5
16891,2.0659722222222223,5,742.4300000000001,6.6112746121740065,1,Segment_1
16892,1.9805555555555556,5,518.19,6.25226990480378,2,Segment_2
16893,367.03055555555557,1,145.93,4.989956282887855,5,Segment_5
16895,65.02430555555556,1,202.27,5.31453514457087,2,Segment_2
16897,299.90833333333336,2,289.78000000000003,5.67256696750328,5,Segment_5
16898,26.879166666666666,3,501.03,6.218659878862289,2,Segment_2
16899,8.032638888888888,6,1271.06,7.148392912598927,1,Segment_1
16900,17.095833333333335,3,887.11,6.789095609194309,1,Segment_1
16902,116.93958333333333,1,1706.88,7.443008114269093,1,Segment_1
16903,29.8875,1,363.2,5.897703167293508,2,Segment_2
16904,4.986111111111111,16,3653.75,8.203782970391725,4,Segment_4
16905,5.950694444444444,7,3037.6,8.019152162009666,1,Segment_1
16906,82.0423611111111,4,559.59,6.328989800540907,2,Segment_2
16907,29.781944444444445,5,928.76,6.834926488326795,1,Segment_1
16909,72.83680555555556,1,379.14,5.940539605922692,2,Segment_2
16910,4.999305555555556,8,1508.96,7.3198384393918765,1,Segment_1
16912,29.022222222222222,11,2555.58,7.846425706813547,1,Segment_1
16913,290.99583333333334,1,113.44,4.74005066818191,5,Segment_5
16914,36.890972222222224,1,183.76,5.2190576855624045,2,Segment_2
16915,9.840972222222222,6,621.68,6.4340327431676485,2,Segment_2
16916,24.029166666666665,2,562.41,6.334007604663525,2,Segment_2
16917,277.03819444444446,1,391.52,5.972587491338293,5,Segment_5
16918,50,6,1068.82,6.975245689005592,1,Segment_1
16919,156.96875,11,2592.25,7.8606671943119375,1,Segment_1
16921,61.852777777777774,1,154.18,5.044585733465803,2,Segment_2
16923,12.993055555555555,19,7069.08,8.863627074243855,4,Segment_4
16924,21.997916666666665,3,829.89,6.722497415455896,2,Segment_2
16926,371.9638888888889,1,230.25,5.443499376392535,5,Segment_5
16927,116.06944444444444,3,543.05,6.299041154397021,2,Segment_2
16928,80.90277777777777,17,2814.7,7.942966177511865,4,Segment_4
16929,4.175694444444445,7,1295.39,7.167338757569021,1,Segment_1
16930,26.85902777777778,3,378.89,5.9398817371306265,2,Segment_2
16931,5.982638888888889,21,4554.87,8.424171790358395,4,Segment_4
16932,53.94305555555555,1,150.23,5.018801856762649,2,Segment_2
16933,1.9972222222222222,2,563.23,6.335461969788099,2,Segment_2
16934,55.00694444444444,2,931.03,6.837365003008744,1,Segment_1
16936,26.073611111111113,1,261.9,5.571773731735836,2,Segment_2
16938,9.104166666666666,4,2711.68,7.905692355094029,1,Segment_1
16940,52.982638888888886,3,3049.88,8.023185352576407,1,Segment_1
16942,13.006944444444445,9,1904.99,7.5527568376106675,1,Segment_1
16943,212.03680555555556,3,816.73,6.706532208766916,5,Segment_5
16945,22.049305555555556,19,4345.5,8.377126202519118,4,Segment_4
16947,236.13333333333333,1,406.48,6.009991851721866,5,Segment_5
16948,139.00277777777777,3,435.02,6.0776881138566,2,Segment_2
16949,4.071527777777778,6,1286.27,7.160278975803028,1,Segment_1
16950,57.15555555555556,3,1178.56,7.072896766566239,1,Segment_1
16951,135.03125,3,1277.75,7.153638317265837,1,Segment_1
16952,109.99097222222223,2,167.60999999999999,5.127588355789889,2,Segment_2
16953,30.872222222222224,1,20.8,3.0819099697950434,2,Segment_2
16954,1.1277777777777778,9,2085.08,7.643041985736175,1,Segment_1
16955,185.09305555555557,4,518.67,6.25319399473728,5,Segment_5
16956,18.1625,1,308.74,5.735733235888028,2,Segment_2
16957,239.95416666666668,2,416.64,6.03461981742191,5,Segment_5
16959,87.90763888888888,1,117.35,4.7736463359599925,2,Segment_2
16960,39.052083333333336,3,507.05,6.2305798679318904,2,Segment_2
16961,116.96111111111111,1,234.17,5.46030865686874,2,Segment_2
16963,187.9597222222222,1,110.55,4.714472920878541,5,Segment_5
16965,227.02916666666667,1,201.19,5.309207849379209,5,Segment_5
16966,8.965277777777779,7,2154.97,7.675996017275306,1,Segment_1
16967,189.93472222222223,1,319.02,5.768383493840728,5,Segment_5
16968,4.908333333333333,2,439.43,6.087751522419478,2,Segment_2
16969,39.984722222222224,3,650.41,6.479139244274806,2,Segment_2
16971,38.90555555555556,1,357.21,5.881119406601529,2,Segment_2
16976,267.84513888888887,1,251.51999999999998,5.5314904534994245,5,Segment_5
16978,78,1,344.33,5.84450048159508,2,Segment_2
16979,4.020138888888889,6,1852,7.52456122628536,1,Segment_1
16980,255.84305555555557,2,1028.46,6.936789671900485,5,Segment_5
16982,61.015277777777776,1,384.06,5.95339916630119,2,Segment_2
16983,13.027777777777779,7,1905.87,7.5532184333763785,1,Segment_1
16984,88.96319444444444,2,4459.52,8.40302063014605,1,Segment_1
16985,17.97013888888889,10,5464.12,8.606141358283566,1,Segment_1
16986,30.038194444444443,2,1873.2,7.535937180689723,1,Segment_1
16987,3.808333333333333,7,1616.8,7.388822480583852,1,Segment_1
16988,5.866666666666666,1,126.12,4.845131522228461,2,Segment_2
16989,7.840972222222222,6,1133.25,7.033726918544073,1,Segment_1
16990,219.18055555555554,1,179,5.19295685089021,5,Segment_5
16992,11.041666666666666,5,1614.31,7.38728216770102,1,Segment_1
16996,30.838194444444444,6,1456.96,7.284793477350012,1,Segment_1
16997,288.80694444444447,3,702,6.555356891810665,5,Segment_5
16998,150.12916666666666,4,295,5.69035945432406,2,Segment_2
16999,23.95625,2,484.82,6.185838184926078,2,Segment_2
17001,1.1333333333333333,11,3989.57,8.291689356823657,1,Segment_1
17002,86.00694444444444,3,1493.73,7.309700867507591,1,Segment_1
17004,46.93402777777778,2,1312.14,7.180176494665863,1,Segment_1
17006,5.028472222222222,4,781.78,6.6628516858853635,1,Segment_1
17007,51.08541666666667,6,889.93,6.792265860972646,1,Segment_1
17010,18.917361111111113,1,195.35999999999999,5.279949709189852,2,Segment_2
17011,30.97222222222222,1,270.9,5.605434351638425,2,Segment_2
17014,8.94513888888889,3,583.43,6.370637013261223,2,Segment_2
17015,29.086805555555557,3,1838.61,7.517308871615334,1,Segment_1
17017,3.1375,20,8694.26,9.070533328583988,4,Segment_4
17018,41.047222222222224,2,920.1,6.82556860799419,1,Segment_1
17019,11.988888888888889,4,1258.08,7.138136574519652,1,Segment_1
17022,31.820138888888888,1,71,4.276666119016055,2,Segment_2
17024,45.96041666666667,3,95.85,4.573163389853005,2,Segment_2
17025,61.15555555555556,3,357.77,5.882681514648826,2,Segment_2
17026,185.93194444444444,2,154.83,5.048765669457524,5,Segment_5
17027,79.01805555555555,6,877.5600000000001,6.778284203530562,1,Segment_1
17029,111.07222222222222,2,716,6.57507584059962,2,Segment_2
17030,64.1673611111111,1,146.87,4.996333509385396,2,Segment_2
17031,12.102083333333333,2,380.35,5.943717588610248,2,Segment_2
17033,86.92777777777778,3,1030.14,6.9384202652929305,1,Segment_1
17034,16.9,3,745.52,6.615422408314929,2,Segment_2
17035,246.06041666666667,2,433.53,6.07426498720113,5,Segment_5
17037,88.00069444444445,1,1267.32,7.145448469088846,1,Segment_1
17038,30.958333333333332,1,112.4,4.730921391293652,2,Segment_2
17040,138.10486111111112,1,449.72999999999996,6.110868490605405,2,Segment_2
17041,27.061805555555555,3,1071.49,6.977738326749379,1,Segment_1
17042,3.0166666666666666,5,1036.58,6.944646357565886,1,Segment_1
17043,32.886805555555554,4,1735.18,7.459442576481153,1,Segment_1
17044,25.931944444444444,1,948.48,6.855914466312751,1,Segment_1
17045,113.82013888888889,3,339.44,5.83023889860876,2,Segment_2
17046,157.93472222222223,1,642.02,6.466175827952961,2,Segment_2
17047,85.97430555555556,3,1100.9,7.004791241493732,1,Segment_1
17048,118.0423611111111,3,925.35,6.831252132996021,2,Segment_2
17049,3.084722222222222,9,5655.03,8.64047751166418,1,Segment_1
17050,96.95972222222223,6,3185.64,8.066722349141488,1,Segment_1
17051,194.9423611111111,1,240.89,5.48848307736504,5,Segment_5
17052,28.916666666666668,1,399.09,5.9916895217992785,2,Segment_2
17053,131.10208333333333,1,498.48,6.213567557246944,2,Segment_2
17054,28.995833333333334,5,1356.33,7.213274813763555,1,Segment_1
17058,82.10902777777778,3,1179.89,7.074023670453844,1,Segment_1
17059,30.01597222222222,5,3080.39,8.033136072864288,1,Segment_1
17060,266.97430555555553,1,234.23999999999998,5.460606269591755,5,Segment_5
17061,74.05972222222222,11,5232.23,8.56278395725042,1,Segment_1
17062,314.0756944444444,4,533.33,6.281013625618804,5,Segment_5
17063,21.854861111111113,7,1461.14,7.287656394959027,1,Segment_1
17064,59.105555555555554,3,855.45,6.752795938943994,2,Segment_2
17068,12.983333333333333,21,4552.14,8.423572383818774,4,Segment_4
17069,28.81736111111111,9,2709.7,7.904962183102404,1,Segment_1
17070,114.82569444444445,1,304.24,5.721098352421432,2,Segment_2
17071,28.846527777777776,9,2429.03,7.795658881937399,1,Segment_1
17073,18.04375,4,1446.09,7.277309922347601,1,Segment_1
17075,18.03611111111111,4,834.12,6.727575427100043,1,Segment_1
17076,36.78958333333333,3,841.08,6.735875021605469,2,Segment_2
17078,36.73125,2,378.2,5.938063770380866,2,Segment_2
17079,78.8861111111111,1,118.8,4.785823685681349,2,Segment_2
17080,22.99375,2,287.62,5.665110944007932,2,Segment_2
17081,25.995833333333334,2,288.91,5.669570529986012,2,Segment_2
17082,33.89791666666667,2,2003.85,7.603324523974459,1,Segment_1
17083,109.87986111111111,3,1405.78,7.249058683836842,1,Segment_1
17084,35.91388888888889,2,2747.99,7.918988850472198,1,Segment_1
17085,123.94097222222223,5,1562.4,7.35461821578623,1,Segment_1
17086,7.955555555555556,6,2050.08,7.626121762674929,1,Segment_1
17088,28.935416666666665,4,1991.01,7.596899458212264,1,Segment_1
17090,4.9625,7,1974.65,7.588652737113165,1,Segment_1
17091,3.0881944444444445,9,3827.76,8.250296269962053,1,Segment_1
17092,50.70763888888889,4,1774.03,7.48157260317514,1,Segment_1
17094,322.9868055555556,1,302,5.713732805509369,5,Segment_5
17095,23.020138888888887,3,1324.16,7.189288485847039,1,Segment_1
17096,15.909027777777778,4,1022.13,6.930621835101851,1,Segment_1
17097,2.8229166666666665,8,954.42,6.862151034377116,1,Segment_1
17100,18.843055555555555,2,971.74,6.880116831678181,1,Segment_1
17101,10.953472222222222,4,1621.73,7.391865195080271,1,Segment_1
17102,262.1125,1,25.5,3.2771447329921766,5,Segment_5
17105,159.87291666666667,2,665.78,6.50246015642561,2,Segment_2
17107,33.94166666666667,6,10797.48,9.287160662466663,1,Segment_1
17109,29.827083333333334,6,881.29,6.782520800150454,1,Segment_1
17110,165.99444444444444,1,163.29999999999998,5.101694025043222,5,Segment_5
17111,47.86875,1,231.60999999999999,5.449363231421816,2,Segment_2
17114,6.022916666666666,8,801.12,6.687258222608833,1,Segment_1
17115,8.930555555555555,3,837.5,6.731614581263264,1,Segment_1
17117,288.9555555555556,1,116.2,4.763881877142913,5,Segment_5
17118,318.0215277777778,1,157.02,5.062721607294587,5,Segment_5
17119,3.923611111111111,2,606.91,6.410026844693401,2,Segment_2
17120,233.89513888888888,1,307.46,5.731592175295468,5,Segment_5
17122,119.92847222222223,1,138.32,4.9367734454978,2,Segment_2
17123,162.08541666666667,1,345.3,5.847305451408376,5,Segment_5
17124,185.95,1,294.24,5.687788584901852,5,Segment_5
17125,50.922916666666666,1,230.5,5.444579873526289,2,Segment_2
17126,152.95694444444445,5,989.45,6.89815938530869,1,Segment_1
17128,335.03333333333336,1,157.09,5.063164491108096,5,Segment_5
17131,5.998611111111111,5,2463.17,7.8096103157799615,1,Segment_1
17133,16.01597222222222,7,4892.24,8.495609939749011,1,Segment_1
17134,107.12291666666667,2,413.2,6.026348948961484,2,Segment_2
17135,16.834722222222222,7,1139.73,7.039423687328594,1,Segment_1
17138,276.0388888888889,1,380.5,5.9441108507245115,5,Segment_5
17139,16.10972222222222,12,10650.77,9.273481354511448,4,Segment_4
17140,247.9701388888889,1,454.12,6.1205611204423915,5,Segment_5
17142,239.76944444444445,1,579,6.363028103540465,5,Segment_5
17144,1.7868055555555555,2,984.57,6.893220154004312,1,Segment_1
17146,106.00416666666666,3,749.78,6.621112666105018,2,Segment_2
17147,23.0125,4,1714.59,7.447512323761201,1,Segment_1
17148,52.11875,1,124.88,4.835329072196206,2,Segment_2
17152,195.02152777777778,3,1689.5,7.43277962214794,5,Segment_5
17153,24.96388888888889,1,213.78,5.369614248430071,2,Segment_2
17154,75.96388888888889,1,329.34,5.800122427092944,2,Segment_2
17155,18.008333333333333,2,251.7,5.532203014394148,2,Segment_2
17157,8.152777777777779,2,319,5.768320995793772,2,Segment_2
17158,32.89930555555556,3,1266.97,7.145172475411292,1,Segment_1
17159,22.081944444444446,3,1538.88,7.33945977029367,1,Segment_1
17160,31.947916666666668,6,3518.03,8.165940662434437,1,Segment_1
17162,29.052777777777777,10,1715.46,7.448019309392898,1,Segment_1
17163,22.161805555555556,2,293.1,5.68391984555995,2,Segment_2
17164,33.15,7,2467.35,7.811305190205457,1,Segment_1
17165,284.8409722222222,1,158.68,5.073171812563154,5,Segment_5
17166,39.12777777777778,2,206.34,5.334359957894966,2,Segment_2
17169,58.10069444444444,2,835.78,6.729561192451421,2,Segment_2
17171,289.84236111111113,1,224.91,5.420136689869131,5,Segment_5
17172,79.13472222222222,1,317.76,5.764438468529548,2,Segment_2
17173,5.923611111111111,8,3766.6,8.234193472948663,1,Segment_1
17174,218.04375,1,59.9,4.109233174715851,5,Segment_5
17175,44.888194444444444,4,1443.69,7.275650044659092,1,Segment_1
17176,202.00625,1,306.13,5.7272711107251055,5,Segment_5
17179,178.8347222222222,3,711.79,6.569186846877494,5,Segment_5
17180,56.87777777777778,4,783.97,6.665645500491627,2,Segment_2
17181,57.918055555555554,2,239.92,5.4844649281755204,2,Segment_2
17183,8.113194444444444,6,3347.31,8.116211019915529,1,Segment_1
17186,47.104166666666664,2,144,4.976733742420574,2,Segment_2
17187,227.0076388888889,1,203.95,5.322766046950346,5,Segment_5
17188,11.95625,7,2474.23,7.814088599978061,1,Segment_1
17189,106.71597222222222,2,383.75,5.952593772718989,2,Segment_2
17190,59.053472222222226,2,444.74,6.09973582239177,2,Segment_2
17191,28.82777777777778,7,2093.68,7.647156076059518,1,Segment_1
17193,36.00208333333333,7,1699.3,7.43855998506344,1,Segment_1
17194,274.03125,2,262.62,5.57450867228432,5,Segment_5
17197,30.095833333333335,1,1013.01,6.921668046035439,1,Segment_1
17198,24.090972222222224,3,692.22,6.541347409127499,2,Segment_2
17201,54.03819444444444,1,289.78000000000003,5.67256696750328,2,Segment_2
17203,36.015972222222224,6,3560.08,8.17781914862498,1,Segment_1
17204,175.91944444444445,4,1564.56,7.355998866445309,1,Segment_1
17205,54.00277777777778,1,384.08,5.953451104909766,2,Segment_2
17206,53.97569444444444,1,204.24,5.324180026073764,2,Segment_2
17211,27.03263888888889,8,2317.22,7.748554928800743,1,Segment_1
17212,253.7138888888889,1,226.85,5.428687517709892,5,Segment_5
17213,40.91458333333333,7,2781.23,7.931008043401064,1,Segment_1
17214,60.98125,6,1059.1200000000001,6.966137388245792,1,Segment_1
17217,234.81319444444443,1,113.5,4.740574822994295,5,Segment_5
17218,4.956944444444445,10,1951.97,7.577106569775595,1,Segment_1
17219,32.05902777777778,1,114.23,4.746930131025923,2,Segment_2
17220,24.960416666666667,14,3187.55,8.067321546987245,1,Segment_1
17221,7.96875,2,334.48,5.815562342116211,2,Segment_2
17222,65.95277777777778,1,328.65,5.798031485559308,2,Segment_2
17223,310.8701388888889,2,416.89,6.035218239997905,5,Segment_5
17226,309.04027777777776,1,393.49,5.977593791422191,5,Segment_5
17227,19.082638888888887,6,939.32,6.84622024286434,1,Segment_1
17228,16.101388888888888,8,1906.09,7.553333799033199,1,Segment_1
17229,96.95416666666667,2,318.76,5.767570714403068,2,Segment_2
17230,264.8597222222222,8,3638.41,8.199576859581033,5,Segment_5
17231,12.897222222222222,10,3124.72,8.047419935632497,1,Segment_1
17232,3.020138888888889,2,417.77,6.037321843192776,2,Segment_2
17233,35.94722222222222,1,190.88,5.256870176633863,2,Segment_2
17234,183.0625,1,149.89000000000001,5.0165510945255605,5,Segment_5
17235,25.874305555555555,2,550.0600000000001,6.311843696146471,2,Segment_2
17236,13.034722222222221,6,916.13,6.821249228838842,1,Segment_1
17237,11.908333333333333,2,314.69,5.754760719420831,2,Segment_2
17238,3.0520833333333335,17,3719.1,8.221505828626315,4,Segment_4
17239,313.13125,1,382.5,5.949339620807311,5,Segment_5
17242,108.91319444444444,2,1135.04,7.0353038099288,1,Segment_1
17243,1.975,26,8540.05,9.052639230044456,4,Segment_4
17244,53.89652777777778,1,954.9,6.862653305069717,2,Segment_2
17245,205.08819444444444,1,171.45000000000002,5.15010733938285,5,Segment_5
17247,15.895138888888889,1,280.09000000000003,5.6386749027510605,2,Segment_2
17248,120.96944444444445,1,318.65,5.767226647212736,2,Segment_2
17250,4.024305555555555,2,381.97,5.947956657131048,2,Segment_2
17251,363.0722222222222,1,269.83,5.601491317767735,5,Segment_5
17252,117.12847222222223,2,348.90999999999997,5.857675978559423,2,Segment_2
17253,18.99375,1,178.26,5.188837265929216,2,Segment_2
17254,5.002777777777778,2,271.19,5.606500351849647,2,Segment_2
17255,41.022222222222226,2,291.48,5.678396288265786,2,Segment_2
17256,107.97222222222223,2,240,5.484796933490655,2,Segment_2
17259,148.90902777777777,2,581.23,6.366865558668267,2,Segment_2
17262,52.99583333333333,5,1253.36,7.134380761332616,1,Segment_1
17263,208.92916666666667,1,63.44,4.165734558308774,5,Segment_5
17265,139.08402777777778,2,550.01,6.311752957808554,2,Segment_2
17266,2.9430555555555555,3,296.58,5.695683096399551,2,Segment_2
17267,127.81111111111112,2,317.2,5.762680115903686,2,Segment_2
17268,108.1138888888889,4,763.64,6.639405134829848,2,Segment_2
17272,42.84236111111111,4,2148.63,7.673051013288749,1,Segment_1
17274,35.981944444444444,1,107.82,4.689695141057779,2,Segment_2
17277,228.00208333333333,2,1065.35,6.9719968810436015,5,Segment_5
17278,241.98611111111111,1,246.04,5.509550266836412,5,Segment_5
17279,58.03611111111111,1,187.83,5.240847139393487,2,Segment_2
17282,130.93125,3,1685.46,7.430386936461763,1,Segment_1
17284,60.925,6,1647.48,7.407608930196758,1,Segment_1
17286,22.002083333333335,1,151.37,5.026311773481264,2,Segment_2
17287,26.974305555555556,7,1049.06,6.956602584376121,1,Segment_1
17288,9.861805555555556,7,1417.6299999999999,7.257446896154699,1,Segment_1
17289,32.03402777777778,3,931.02,6.837354273682813,1,Segment_1
17290,4.008333333333334,2,513.01,6.242242720518832,2,Segment_2
17291,308.9902777777778,1,550.8,6.313185661783185,5,Segment_5
17293,8.925694444444444,9,1854.06,7.525672319531924,1,Segment_1
17295,29.084027777777777,3,547,6.306275286948016,2,Segment_2
17297,17.92152777777778,1,128.18,4.861206780604327,2,Segment_2
17298,101.83819444444444,2,498.42,6.21344742510144,2,Segment_2
17299,12.034027777777778,4,656.61,6.4886120504389995,2,Segment_2
17301,21.963194444444444,1,163.24,5.101328772710678,2,Segment_2
17302,15.134722222222223,5,1135.6299999999999,7.035823023024634,1,Segment_1
17303,361.97083333333336,1,250.04,5.525612288984722,5,Segment_5
17306,11.025,19,8631.31,9.063267419175418,4,Segment_4
17309,95.89583333333333,1,82.75,4.427836170705175,2,Segment_2
17311,78.94375,2,1384.85,7.234068948784864,1,Segment_1
17312,139.0402777777778,3,644.3000000000001,6.469715324941794,2,Segment_2
17313,31.87847222222222,1,2328.84,7.7535548746739895,1,Segment_1
17314,25.13125,8,2527.92,7.835547613113086,1,Segment_1
17315,2.0243055555555554,38,6281.23,8.745480291972145,4,Segment_4
17317,46.81319444444444,3,2600.34,7.863781975859922,1,Segment_1
17320,100.97152777777778,3,1200.62,7.091425925345387,1,Segment_1
17321,8.964583333333334,2,657.16,6.489448062860675,2,Segment_2
17323,15.80625,7,906.52,6.810715604463653,1,Segment_1
17324,18.094444444444445,4,986.48,6.895156243405622,1,Segment_1
17325,280.9868055555556,1,96.8,4.582924577040772,5,Segment_5
17329,14.934722222222222,2,523.11,6.261701585954275,2,Segment_2
17330,23.1625,2,363.9,5.899623343442402,2,Segment_2
17331,124.03819444444444,1,175.2,5.171619713502079,2,Segment_2
17333,86.11041666666667,1,494.25,6.20506268557866,2,Segment_2
17334,302.91041666666666,2,307.02,5.73016471593032,5,Segment_5
17337,151.91319444444446,4,1981.06,7.591891986883801,1,Segment_1
17338,17.935416666666665,8,6493.54,8.778717102886036,1,Segment_1
17339,94.97291666666666,2,243.35999999999999,5.498642547781566,2,Segment_2
17340,30.086805555555557,11,12353.29,9.421758650158734,4,Segment_4
17341,157.01180555555555,3,682.29,6.5269193668194045,2,Segment_2
17343,355.90486111111113,1,193.64000000000001,5.2711516984752675,5,Segment_5
17344,46.99583333333333,1,157.62,5.066511404655174,2,Segment_2
17345,15.907638888888888,4,519.6899999999999,6.255154855067978,2,Segment_2
17346,4.022222222222222,15,2622.88,7.872409417310936,1,Segment_1
17347,86.98472222222222,1,228.96,5.43790538075509,2,Segment_2
17348,15.059027777777779,5,1156.6,7.054104175317274,1,Segment_1
17349,179.93125,1,98.25,4.5976419195673,5,Segment_5
17350,8.877083333333333,4,1281.32,7.156426216317626,1,Segment_1
17351,36.75347222222222,3,587.15,6.37698201740645,2,Segment_2
17353,129.81319444444443,2,1740,7.462214939768189,1,Segment_1
17354,51.09444444444444,1,1393.06,7.239975632001093,1,Segment_1
17356,312.07152777777776,1,178.22,5.188614101456073,5,Segment_5
17357,24.84722222222222,2,384.39,5.954255808575653,2,Segment_2
17358,303.8284722222222,2,360.81,5.891119212159107,5,Segment_5
17359,11.925694444444444,1,127.86,4.858726543710496,2,Segment_2
17360,17.985416666666666,3,568.24,6.344302137815459,2,Segment_2
17361,49.87986111111111,3,488.2,6.192771403813017,2,Segment_2
17362,239.92152777777778,2,312.23,5.746937744970129,5,Segment_5
17364,1.1597222222222223,11,4462.68,8.40372881690387,1,Segment_1
17365,13.025694444444444,8,4767.36,8.469757709250656,1,Segment_1
17367,238.93680555555557,1,167.55,5.12723244168007,5,Segment_5
17368,23.891666666666666,8,1878.87,7.538957904496927,1,Segment_1
17370,73.10833333333333,4,446.18,6.102961198121657,2,Segment_2
17371,17.97222222222222,3,418.4,6.03882511846782,2,Segment_2
17372,41.050694444444446,8,1337.18,7.199065760787922,1,Segment_1
17373,40.890277777777776,4,646.92,6.473767231940735,2,Segment_2
17374,219.15625,2,495.77,6.208127142322502,5,Segment_5
17375,199.87847222222223,3,400.1,5.9942107727760074,5,Segment_5
17376,71.00972222222222,2,203.2,5.319099905730565,2,Segment_2
17377,24.064583333333335,20,4058.32,8.30877075088342,4,Segment_4
17379,11.954166666666667,1,389.72,5.96799119092234,2,Segment_2
17381,9.035416666666666,29,20275.61,9.917223283969056,4,Segment_4
17382,65.98958333333333,1,65.4,4.1956970564823886,2,Segment_2
17383,4.801388888888889,1,193.39000000000001,5.269866450374021,2,Segment_2
17384,19.87638888888889,2,336.4,5.821269170111868,2,Segment_2
17385,15.075,1,256.11,5.549504008886889,2,Segment_2
17386,8.056944444444444,6,2686.42,7.896336904550998,1,Segment_1
17387,20.07638888888889,2,746.81,6.617148935013109,2,Segment_2
17388,78.09652777777778,4,1259.56,7.13931134565379,1,Segment_1
17389,1.1333333333333333,34,31833.68,10.36831154057086,4,Segment_4
17391,164.11944444444444,2,508.8,6.234018491942015,5,Segment_5
17392,307.00138888888887,2,417.27,6.036127157014171,5,Segment_5
17394,219.9777777777778,1,203.87,5.3223756316411075,5,Segment_5
17396,39.94305555555555,8,7330.8,8.899976330900701,1,Segment_1
17397,22.945833333333333,2,681.41,6.52563065023188,2,Segment_2
17398,115.12638888888888,3,653.38,6.483688222474311,2,Segment_2
17400,126.88333333333334,5,2097.84,7.649140090140571,1,Segment_1
17402,5.107638888888889,13,2633.85,7.8765815333589115,1,Segment_1
17403,36.897222222222226,1,263.92,5.579427893616779,2,Segment_2
17404,4.85,15,31906.82,10.370606399796605,4,Segment_4
17405,1.8180555555555555,3,1031.41,6.9396511539657,1,Segment_1
17406,333.90486111111113,3,2184.42,7.689563308737489,5,Segment_5
17408,163.99791666666667,1,32.65,3.5160130560907366,5,Segment_5
17409,185.09305555555557,2,771.85,6.6500849805983275,5,Segment_5
17410,16.877777777777776,5,1214.72,7.1030917728535865,1,Segment_1
17411,12.934027777777779,3,778.94,6.659216993647982,2,Segment_2
17412,3.051388888888889,7,1258.06,7.138120689779327,1,Segment_1
17414,44.02569444444445,2,778,6.658011045870748,2,Segment_2
17415,80,1,507.84,6.23213362528801,2,Segment_2
17416,30.002083333333335,7,6893.42,8.838467667762448,1,Segment_1
17418,42.99305555555556,2,463.46,6.140875440444677,2,Segment_2
17419,11.960416666666667,12,4226.57,8.349382638885205,1,Segment_1
17420,50.915277777777774,3,598.83,6.3966462817363405,2,Segment_2
17422,16.974305555555556,6,1979.37,7.591038974917671,1,Segment_1
17423,46.96805555555556,2,698.41,6.550237122496749,2,Segment_2
17425,19.88888888888889,2,759.17,6.63354209247732,2,Segment_2
17426,8.779861111111112,6,5037.26,8.524816063361785,1,Segment_1
17427,72.05625,1,100.8,4.623010104116422,2,Segment_2
17428,1.1284722222222223,28,17256.85,9.756022391409203,4,Segment_4
17429,128.9777777777778,3,524.92,6.265149109915909,2,Segment_2
17430,33.143055555555556,2,265.76,5.586349377764106,2,Segment_2
17431,313.9263888888889,1,403.3,6.002157176646725,5,Segment_5
17432,18.803472222222222,2,365.76,5.9047076831817,2,Segment_2
17433,88.93472222222222,1,303.16,5.7175538787401194,2,Segment_2
17434,2.9819444444444443,7,2373.82,7.77267692412289,1,Segment_1
17436,2.013888888888889,2,216.3,5.381278887262384,2,Segment_2
17438,254.1,1,388.45,5.9647354873659575,5,Segment_5
17440,157.0388888888889,3,186.42,5.233352087695677,5,Segment_5
17442,37.14791666666667,6,2248.56,7.7184899205194295,1,Segment_1
17443,220.08541666666667,1,534.24,6.282715244436788,5,Segment_5
17444,148.03125,3,2940.04,7.9865185392775535,1,Segment_1
17446,177.0888888888889,2,120.89999999999999,4.803201036487226,5,Segment_5
17447,40.93888888888889,2,541.53,6.296243383424822,2,Segment_2
17449,2.8291666666666666,7,2519.21,7.832097510366773,1,Segment_1
17450,8.972916666666666,46,194390.79,12.17763093760637,4,Segment_4
17451,1.9083333333333334,7,1721.3999999999999,7.451473946050153,1,Segment_1
17453,18.130555555555556,2,486.72,6.189741470692064,2,Segment_2
17454,192.95277777777778,4,517.53,6.25099788520506,5,Segment_5
17455,204.01319444444445,1,131.7,4.888090941338162,5,Segment_5
17456,365.89375,1,249.85999999999999,5.524895014596528,5,Segment_5
17457,127.00138888888888,5,1737.7,7.460892986533744,1,Segment_1
17458,15.99236111111111,1,316.5,5.760477818332746,2,Segment_2
17459,43.97569444444444,2,657.3,6.489660754473831,2,Segment_2
17460,94.90694444444445,6,622.43,6.435236489370733,2,Segment_2
17461,23.103472222222223,3,735.82,6.602343628980946,2,Segment_2
17462,60.954166666666666,2,675.69,6.517213265531828,2,Segment_2
17463,16.96527777777778,5,1875.86,7.537355446697666,1,Segment_1
17464,158.97986111111112,1,289.96000000000004,5.673185800678734,5,Segment_5
17466,10.98263888888889,2,763.28,6.638934214171274,2,Segment_2
17468,10.886805555555556,2,137,4.927253685157205,2,Segment_2
17469,16.98263888888889,5,1870.97,7.5347466312681,1,Segment_1
17470,45.00555555555555,5,1125.07,7.02648897373005,1,Segment_1
17472,191.91180555555556,3,697.54,6.548992442626483,5,Segment_5
17475,79.91319444444444,1,194.37,5.274895196603544,2,Segment_2
17480,78.04930555555555,1,511.82,6.239924906405982,2,Segment_2
17481,4.0152777777777775,4,1255.59,7.136156981955326,1,Segment_1
17483,65.98611111111111,3,414.04,6.028374901128079,2,Segment_2
17486,261.9513888888889,1,396.87,5.986125318762377,5,Segment_5
17489,59.1625,2,376.64,5.933941360864316,2,Segment_2
17490,1.1541666666666666,7,2092.32,7.646506601347098,1,Segment_1
17491,1.8555555555555556,10,3558.87,8.177479306325386,1,Segment_1
17492,248.89513888888888,1,374.57,5.92844487193968,5,Segment_5
17495,8.029166666666667,2,497.56,6.211723943242329,2,Segment_2
17496,359.1743055555556,1,271.05,5.605985872931934,5,Segment_5
17498,76.01736111111111,1,272.21999999999997,5.610277331459341,2,Segment_2
17499,290.15,1,622.88,6.435958042183625,5,Segment_5
17500,17.93402777777778,3,1138,7.037905963447182,1,Segment_1
17501,221.12708333333333,2,288.6,5.668500660511562,5,Segment_5
17502,9.984027777777778,4,689.1,6.536836514626557,2,Segment_2
17503,3.147222222222222,2,558.96,6.327865352606625,2,Segment_2
17504,206.99375,9,2997.03,8.00571068528359,1,Segment_1
17505,162,2,1145.84,7.0447656130660885,1,Segment_1
17506,76.04930555555555,1,302.2,5.714392653768217,2,Segment_2
17507,262.04305555555555,2,605.58,6.407836624054821,5,Segment_5
17508,281.19444444444446,1,387.31,5.961803989689555,5,Segment_5
17509,58.1,8,6083.64,8.713522841798035,1,Segment_1
17510,25.118055555555557,1,308.48,5.7348934696812535,2,Segment_2
17511,3.109722222222222,31,91062.38,11.419311026583387,4,Segment_4
17512,29.027083333333334,10,2924.99,7.981388163939233,1,Segment_1
17513,72.83888888888889,1,513.1999999999999,6.242612294831789,2,Segment_2
17514,128.87847222222223,1,208.65,5.345439473616771,2,Segment_2
17515,31.948611111111113,4,639.02,6.461499425865447,2,Segment_2
17516,15.832638888888889,5,764.88,6.641025499505004,1,Segment_1
17517,309.04305555555555,1,153.94,5.043037945203756,5,Segment_5
17519,17.838194444444444,6,1844.02,7.520245396524275,1,Segment_1
17520,54.03194444444444,1,546.81,6.305928511499892,2,Segment_2
17521,30.06111111111111,3,723.21,6.585081405576444,2,Segment_2
17522,2.0131944444444443,5,1070.71,6.977010782644906,1,Segment_1
17523,11.979166666666666,4,652.74,6.48270971889503,2,Segment_2
17524,361.9291666666667,1,145,4.983606621708336,5,Segment_5
17525,360.03125,1,422.7,6.049025657632513,5,Segment_5
17526,5.072916666666667,4,1195.9,7.087490159879325,1,Segment_1
17527,54.0125,4,939.37,6.8462734148384685,1,Segment_1
17528,1.9743055555555555,8,3628.5,8.196850176724896,1,Segment_1
17530,1.7555555555555555,10,2367.12,7.769851670395603,1,Segment_1
17531,190.73125,1,296.7,5.69608626802173,5,Segment_5
17534,54.00208333333333,1,223.36,5.413251904640136,2,Segment_2
17535,280.8958333333333,1,164.4,5.108366782589591,5,Segment_5
17536,177.97708333333333,1,76.5,4.350277936359301,5,Segment_5
17537,30.079166666666666,2,887.67,6.789725963001244,2,Segment_2
17538,26.02638888888889,1,98.42,4.599353300666526,2,Segment_2
17540,25.0375,2,578.9,6.362855674882395,2,Segment_2
17542,270.0451388888889,1,170.75,5.146039931102459,5,Segment_5
17545,43.94861111111111,3,642.32,6.466642267627447,2,Segment_2
17548,234.03402777777777,1,103.3,4.647271362006727,5,Segment_5
17549,24.11875,2,148.86,5.0097015249361645,2,Segment_2
17550,197.9451388888889,3,267.16,5.591583817293718,5,Segment_5
17551,359.94305555555553,1,290.34,5.674490970020802,5,Segment_5
17552,60.826388888888886,4,930.41,6.836699567016301,1,Segment_1
17553,130.11805555555554,1,1487.6,7.305591359925811,1,Segment_1
17554,1.9409722222222223,5,1952.45,7.577352319081822,1,Segment_1
17555,20.019444444444446,2,480.31,6.176511553155347,2,Segment_2
17556,206.0847222222222,1,157.9,5.0682750735426705,5,Segment_5
17557,14.995138888888889,3,541.46,6.29611434997733,2,Segment_2
17560,95.14722222222223,4,854.95,6.7522119632207875,2,Segment_2
17561,19.997916666666665,1,165.12,5.1127104187625525,2,Segment_2
17562,14.936805555555555,7,1122.3799999999999,7.024097276842117,1,Segment_1
17564,24.974305555555556,3,454.01,6.120319396731415,2,Segment_2
17566,8.705555555555556,2,869.77,6.769377877687473,1,Segment_1
17567,7.876388888888889,8,4331.48,8.373895405306746,1,Segment_1
17569,332.94097222222223,1,344.14,5.843950131819433,5,Segment_5
17571,50.87013888888889,4,1425.67,7.263098336353601,1,Segment_1
17572,71.78958333333334,4,226.75,5.428248536140067,2,Segment_2
17573,29.992361111111112,3,380.6,5.944372939574132,2,Segment_2
17574,243.12708333333333,1,185.65,5.229235205360593,5,Segment_5
17576,8.7875,19,3564.83,8.179152124824576,4,Segment_4
17578,218.75833333333333,1,143.46,4.973002652622701,5,Segment_5
17579,5.0152777777777775,3,448.9,6.109025335847127,2,Segment_2
17580,253.00625,3,215.72,5.37860619777684,5,Segment_5
17581,1.020138888888889,25,11025.24,9.308033165645913,4,Segment_4
17582,236.98055555555555,1,175.27,5.1720169104318625,5,Segment_5
17584,7.8180555555555555,2,1242.3,7.125524413958892,1,Segment_1
17585,109.97222222222223,4,1116.68,7.019010387342232,1,Segment_1
17588,100.96736111111112,3,1240.2,7.123833932574225,1,Segment_1
17589,60.827777777777776,4,2404.17,7.785375866112405,1,Segment_1
17590,2.9965277777777777,3,1468.02,7.292350790785078,1,Segment_1
17591,73.96388888888889,7,2203.67,7.698333116816846,1,Segment_1
17593,4.097222222222222,5,3923.86,8.275085960790554,1,Segment_1
17594,85.84444444444445,2,993.18,6.901918276781504,1,Segment_1
17595,12.8625,2,386.69,5.960206051205209,2,Segment_2
17596,23.94375,7,2806.69,7.9401173601909,1,Segment_1
17597,214.0388888888889,1,2044.3700000000001,7.623333981206562,5,Segment_5
17600,18.12986111111111,1,161.67,5.091723608778362,2,Segment_2
17601,239.78333333333333,1,116.00999999999999,4.7622594012308666,5,Segment_5
17602,2.95625,6,5054.42,8.52821621405653,1,Segment_1
17603,78.93888888888888,1,394.72,5.980706890455022,2,Segment_2
17604,217.96319444444444,2,309.36,5.737732914025749,5,Segment_5
17608,33.98888888888889,2,191.99,5.2626383740910185,2,Segment_2
17609,41.015277777777776,5,1105.78,7.00921017763747,1,Segment_1
17611,7.972916666666666,15,3961.12,8.2845345145333,4,Segment_4
17612,53.91041666666667,6,2048.45,7.625326743452606,1,Segment_1
17613,23.082638888888887,14,4544.55,8.421904011391415,4,Segment_4
17614,57.86736111111111,1,386.32,5.959251224743331,2,Segment_2
17615,130.94722222222222,3,329.6,5.8009091853869235,2,Segment_2
17616,174.11041666666668,3,571.1999999999999,6.3494885806160095,5,Segment_5
17618,6.041666666666667,3,930.28,6.836559983939986,1,Segment_1
17619,312.93888888888887,1,214.37,5.372357479256501,5,Segment_5
17620,60.02916666666667,1,81.44,4.412070756022258,2,Segment_2
17621,21.81875,3,1379.9,7.230490739491305,1,Segment_1
17623,33.05416666666667,1,527.05,6.269190976192483,2,Segment_2
17624,15.081944444444444,2,843.48,6.7387210533149595,2,Segment_2
17625,18.968055555555555,4,2020.4,7.611545619640562,1,Segment_1
17628,81.8951388888889,1,75.75,4.340553386467307,2,Segment_2
17629,6.079166666666667,8,1814.12,7.503906860215884,1,Segment_1
17630,170.0361111111111,2,503.6,6.223766036206958,5,Segment_5
17631,2.127083333333333,3,528.33,6.271612055889925,2,Segment_2
17633,31.975694444444443,4,1324.84,7.189801499815289,1,Segment_1
17634,36.986805555555556,9,2358.59,7.766243154113498,1,Segment_1
17636,19.92361111111111,1,285.56,5.657947938312402,2,Segment_2
17637,31.999305555555555,2,547.06,6.3063847700056215,2,Segment_2
17639,276.89444444444445,1,108.5,4.695924549256556,5,Segment_5
17640,87.15069444444444,1,621.66,6.434000623425246,2,Segment_2
17642,120.15208333333334,2,712.29,6.569888069839022,2,Segment_2
17643,373.925,1,101.55,4.63035048451839,5,Segment_5
17644,1.9631944444444445,11,2895.64,7.971306723565063,1,Segment_1
17646,219.98125,3,1008.39,6.917101466981717,5,Segment_5
17647,65.88333333333334,1,133.06,4.8982874609298115,2,Segment_2
17648,61.13125,4,1797.5,7.494708263135679,1,Segment_1
17649,138.87291666666667,1,868.49,6.767906832865638,2,Segment_2
17650,21.915277777777778,1,166.07999999999998,5.118472739628975,2,Segment_2
17651,12.097916666666666,10,3945,8.28045768658256,1,Segment_1
17652,25.99652777777778,12,4867.72,8.490586347854247,1,Segment_1
17653,37.00277777777778,4,1207.56,7.09718484723547,1,Segment_1
17654,277.98125,1,117.55,4.775334812511415,5,Segment_5
17655,11.052777777777777,7,2638.94,7.878511468609366,1,Segment_1
17656,73.99027777777778,5,1674.69,7.4239802997335635,1,Segment_1
17658,26.02986111111111,2,595.42,6.39094511686889,2,Segment_2
17659,17.972916666666666,12,2999.46,8.006520889229225,1,Segment_1
17660,141.9673611111111,1,178.75,5.191566996601156,2,Segment_2
17663,26.1625,7,1802.91,7.4977118102428095,1,Segment_1
17664,19.05625,2,604.64,6.406285750140171,2,Segment_2
17666,4.155555555555556,2,728.16,6.591893186664721,2,Segment_2
17667,66.92916666666666,5,2055.5099999999998,7.628765650289339,1,Segment_1
17668,1.9756944444444444,2,347.75,5.854355333135575,2,Segment_2
17669,43.16458333333333,7,3406.72,8.133798724949507,1,Segment_1
17670,228.1513888888889,1,205.7,5.331268466687723,5,Segment_5
17671,16.020138888888887,4,1572.71,7.361191168037922,1,Segment_1
17672,50.93888888888889,2,3178.17,8.064375435416844,1,Segment_1
17673,2,6,1594.97,7.375236980840607,1,Segment_1
17674,74.96875,2,551.04,6.313620507419839,2,Segment_2
17675,1.7826388888888889,31,20374.28,9.922077680345927,4,Segment_4
17676,4.898611111111111,6,1371.18,7.224155995015752,1,Segment_1
17677,2.120833333333333,30,16345.38,9.701761745083482,4,Segment_4
17678,264.04027777777776,1,298.11,5.700811398711247,5,Segment_5
17679,53.21319444444445,2,1992.11,7.597451511865824,1,Segment_1
17680,24.005555555555556,1,184.4,5.2225156531317545,2,Segment_2
17682,10.86875,6,2474.33,7.814128999448025,1,Segment_1
17684,44.06944444444444,1,239.41,5.482345799133678,2,Segment_2
17685,17.051388888888887,7,3155.83,8.057323638517671,1,Segment_1
17686,7.882638888888889,7,5739.46,8.655294625475447,1,Segment_1
17690,30.897916666666667,15,4726.8,8.461215257006781,4,Segment_4
17691,358.8125,2,290.4,5.674696893761104,5,Segment_5
17692,127.95069444444445,4,740.9399999999999,6.6092683773641365,2,Segment_2
17693,137.8763888888889,1,200.47,5.305640486927818,2,Segment_2
17694,142.03472222222223,1,283.12,5.649396684129609,2,Segment_2
17695,132.09027777777777,2,765.34,6.641625935491769,2,Segment_2
17696,38.96319444444445,8,2285.71,7.734869382309582,1,Segment_1
17697,236.88194444444446,1,338.95,5.828798547972468,5,Segment_5
17698,261.0527777777778,1,154.95,5.049535443053812,5,Segment_5
17700,17.040972222222223,4,2534.64,7.838201349644471,1,Segment_1
17701,253.01736111111111,1,417.95,6.037751581059295,5,Segment_5
17702,30.865972222222222,4,1824.37,7.509537985193698,1,Segment_1
17703,35.87430555555556,3,798.74,6.684286674843982,2,Segment_2
17704,169.13194444444446,2,885.1899999999999,6.7869313745672155,5,Segment_5
17705,3.9618055555555554,9,1823.52,7.5090722177237925,1,Segment_1
17706,4.969444444444444,17,10504.49,9.259653256646303,4,Segment_4
17707,185.9076388888889,2,152.4,5.0330488889331555,5,Segment_5
17708,188.10972222222222,2,263.33,5.577198322546748,5,Segment_5
17709,170.03819444444446,1,137.45,4.9305092496169705,5,Segment_5
17711,11.04861111111111,2,385.1,5.956096403270191,2,Segment_2
17712,45.015277777777776,1,522.91,6.261319913844147,2,Segment_2
17714,321.09583333333336,1,153,5.0369526024136295,5,Segment_5
17715,201.0125,1,326.4,5.791182664937034,5,Segment_5
17716,23.03472222222222,11,5655.99,8.640647227620185,1,Segment_1
17718,232.96597222222223,1,139.35,4.9441393028078915,5,Segment_5
17719,38.09305555555556,15,5396.04,8.593605934116098,4,Segment_4
17720,26.906944444444445,4,1195.94,7.087523578988375,1,Segment_1
17722,96.89444444444445,4,2424.04,7.793603298080906,1,Segment_1
17723,127.75902777777777,6,3276.4,8.094805704112124,1,Segment_1
17724,71.89166666666667,3,1033,6.9411900550683745,1,Segment_1
17725,16.844444444444445,11,3439.08,8.143250005910986,1,Segment_1
17727,15.822222222222223,1,1060.25,6.967202737625557,1,Segment_1
17728,4.165277777777778,3,2876.0099999999998,7.964506839388399,1,Segment_1
17730,3.879861111111111,13,5298.48,8.575363981519251,1,Segment_1
17731,79.90833333333333,4,1240.11,7.123761419471479,1,Segment_1
17732,373.13958333333335,1,303.97,5.7202134111139475,5,Segment_5
17733,39.19027777777778,2,692.1899999999999,6.541304131886272,2,Segment_2
17734,54.011805555555554,3,700.63,6.553406199550886,2,Segment_2
17735,2.8354166666666667,19,13110.02,9.481208376934894,4,Segment_4
17736,9.884722222222223,3,377.44,5.936057539836243,2,Segment_2
17737,9.89861111111111,2,168.24,5.131317825851867,2,Segment_2
17738,19.90625,4,1879.05,7.539053651215015,1,Segment_1
17739,12.151388888888889,7,2791.35,7.934638814191774,1,Segment_1
17742,113.89027777777778,2,355.11,5.875239671888878,2,Segment_2
17744,4.027083333333334,6,2322.4,7.750786909079374,1,Segment_1
17746,240.9298611111111,1,110.25,4.711779921046349,5,Segment_5
17747,113.19236111111111,1,71.4,4.282206299391671,2,Segment_2
17749,178.87847222222223,2,674.52,6.515482764659955,5,Segment_5
17750,5.945138888888889,9,1710.45,7.445096243403855,1,Segment_1
17752,359.8548611111111,1,80.64,4.402319337941644,5,Segment_5
17754,1.0625,5,1664.65,7.417970716622433,1,Segment_1
17757,1.8881944444444445,30,5593.39,8.629519588886271,4,Segment_4
17758,19.92013888888889,8,3408.2,8.134232938648143,1,Segment_1
17759,17.866666666666667,3,819.96,6.7104743871936545,2,Segment_2
17760,22.079166666666666,2,287.59,5.665006995704794,2,Segment_2
17761,33.10208333333333,1,712.78,6.570574791610563,2,Segment_2
17763,263.93402777777777,1,15,2.772588722239781,5,Segment_5
17764,51.074305555555554,2,772.55,6.650990309165078,2,Segment_2
17765,159.00625,3,367.63,5.909793430963424,5,Segment_5
17767,15.922222222222222,1,271.2,5.6065370902173655,2,Segment_2
17768,8.977777777777778,3,2081.9,7.641516432427338,1,Segment_1
17769,13.063888888888888,10,3957.43,8.283602760989174,1,Segment_1
17770,199.01111111111112,5,1143.27,7.042522158078838,5,Segment_5
17771,57.046527777777776,2,245.81,5.508618809848949,2,Segment_2
17772,11.072916666666666,2,173.45,5.161638167632783,2,Segment_2
17774,97.00069444444445,4,1213.73,7.10227710885741,1,Segment_1
17775,255.08333333333334,1,56.4,4.050044303325521,5,Segment_5
17777,25.033333333333335,3,647.56,6.4747545206794515,2,Segment_2
17779,21.94097222222222,3,650.32,6.479001072896019,2,Segment_2
17781,159.86805555555554,2,188.02,5.24185282956691,5,Segment_5
17783,72.86319444444445,2,283.47,5.650627799851681,2,Segment_2
17785,53.96319444444445,1,131.94,4.889897898613436,2,Segment_2
17786,85.99930555555555,2,266.85,5.590427122326969,2,Segment_2
17787,153.05972222222223,4,1817.54,7.505789260335805,1,Segment_1
17788,74.11180555555555,2,1117.9,7.020101338813675,1,Segment_1
17789,281.98333333333335,1,225.9,5.424509391785796,5,Segment_5
17790,27.055555555555557,14,1964.3,7.58340018440594,1,Segment_1
17791,30.028472222222224,1,106.1,4.673762977453703,2,Segment_2
17793,25.934722222222224,1,300.34,5.708239195373142,2,Segment_2
17795,180.00972222222222,2,342.83,5.840147349176718,5,Segment_5
17796,40.88333333333333,4,690,6.53813982376767,2,Segment_2
17797,22.978472222222223,3,780.43,6.6611255745126075,2,Segment_2
17799,22.898611111111112,10,3039.17,8.019668713889375,1,Segment_1
17800,37.99513888888889,9,1187.21,7.080203251977793,1,Segment_1
17802,82.9125,3,1285.04,7.159323008512906,1,Segment_1
17805,74.0423611111111,1,512.31,6.240879951161022,2,Segment_2
17806,11.943055555555556,1,546.04,6.304521925890991,2,Segment_2
17809,16.99375,12,5411.91,8.596542120019182,1,Segment_1
17811,4.961111111111111,39,7761.82,8.957100949224584,4,Segment_4
17812,13.04375,4,699.81,6.552236808926767,2,Segment_2
17813,14.859027777777778,5,1698.07,7.437836321529504,1,Segment_1
17816,37.05277777777778,4,36.56,3.6259396543400624,2,Segment_2
17817,4.924305555555556,3,387.68,5.9627563829712384,2,Segment_2
17819,72.08194444444445,7,3704.87,8.217673327978565,1,Segment_1
17824,51.94166666666667,1,298.4,5.701780471985528,2,Segment_2
17827,5.909722222222222,5,1987.33,7.595050369416567,1,Segment_1
17828,23.172916666666666,4,1820.09,7.507190501900052,1,Segment_1
17829,299.0027777777778,1,889.24,6.7914910892950235,5,Segment_5
17830,2.015277777777778,3,398.7,5.990714265717278,2,Segment_2
17831,33.90347222222222,1,35.4,3.594568774642695,2,Segment_2
17832,50.046527777777776,1,155.37,5.052224993855419,2,Segment_2
17835,3.0430555555555556,3,342.24,5.83842991093892,2,Segment_2
17836,47.859027777777776,1,110.21,4.7114203058307504,2,Segment_2
17837,42.859027777777776,8,1541.23,7.340984699939525,1,Segment_1
17838,27.0625,5,2720.8,7.909048705126217,1,Segment_1
17839,42.80763888888889,1,318.15,5.765661211702066,2,Segment_2
17841,2.029861111111111,124,40519.84,10.6095716886512,3,Segment_3
17843,303.88680555555555,1,205.48,5.330203555410359,5,Segment_5
17844,107.05763888888889,1,51.56,3.961955374176355,2,Segment_2
17846,85.89583333333333,1,2033.1,7.617808739608441,1,Segment_1
17848,81.83402777777778,9,901.1999999999999,6.804836224974295,1,Segment_1
17849,218.9611111111111,4,605.8000000000001,6.408199247474378,5,Segment_5
17850,372.8909722222222,34,5391.21,8.59271059842128,4,Segment_4
17852,12.009722222222223,2,114.34,4.747884288187267,2,Segment_2
17854,185.85347222222222,2,311.26,5.743836174113374,5,Segment_5
17855,373.12916666666666,1,208.97,5.346964663369558,5,Segment_5
17856,2.1319444444444446,4,1418.03,7.25772881858561,1,Segment_1
17857,4.9840277777777775,23,26879.04,10.199139282731217,4,Segment_4
17858,6.0375,12,5140.66,8.545131263508203,1,Segment_1
17859,305.09583333333336,1,141.92,4.962285033155209,5,Segment_5
17860,369.00625,1,226.45,5.426930434016013,5,Segment_5
17861,3.8534722222222224,8,2097.88,7.649159148105371,1,Segment_1
17862,324.01875,1,330.9,5.804833718725929,5,Segment_5
17863,59.96180555555556,6,3160,8.058643712215618,1,Segment_1
17864,13.065972222222221,3,554.85,6.320498473679624,2,Segment_2
17865,31.029166666666665,20,10526.32,9.261729061813442,4,Segment_4
17866,143.0715277777778,1,329.65,5.801060414120672,2,Segment_2
17867,30.94097222222222,6,1157.8700000000001,7.055200671388662,1,Segment_1
17869,107.85694444444445,5,428.18,6.061876411348347,2,Segment_2
17870,2.904861111111111,12,1865.8899999999999,7.532029223755638,1,Segment_1
17871,205.05416666666667,1,155.9,5.055608659738987,5,Segment_5
17873,80.83958333333334,5,1848.96,7.522919296216998,1,Segment_1
17874,185.99722222222223,6,683.46,6.528630206205813,5,Segment_5
17877,170.99305555555554,1,237.60999999999999,5.474830419933934,5,Segment_5
17878,44.05972222222222,1,379.45,5.941354762622532,2,Segment_2
17879,174.00972222222222,1,178.52,5.190286622334331,5,Segment_5
17880,365.1034722222222,1,458.92,6.131052561315036,5,Segment_5
17881,304.8152777777778,1,133.35,4.9004483350615,5,Segment_5
17883,3.792361111111111,4,664.34,6.500298188193179,2,Segment_2
17884,4.053472222222222,4,695.07,6.545450229989766,2,Segment_2
17885,12.92361111111111,1,156.34,5.0584090689010965,2,Segment_2
17886,32.111805555555556,3,869.28,6.768814998950002,1,Segment_1
17887,129.80625,1,111.35,4.721618998631338,2,Segment_2
17888,21.961805555555557,8,716,6.57507584059962,1,Segment_1
17889,212.85,2,201.37,5.310097705083568,5,Segment_5
17890,323.06319444444443,2,586.89,6.376539855568017,5,Segment_5
17891,162.69583333333333,1,203.85999999999999,5.3223268190083886,5,Segment_5
17892,56.83402777777778,3,244.1,5.501666290534067,2,Segment_2
17893,225.95833333333334,1,107.21,4.684073783583557,5,Segment_5
17894,72.14375,8,1118.96,7.021048249365656,1,Segment_1
17895,44.826388888888886,1,95.45,4.569024739351738,2,Segment_2
17896,23.952083333333334,1,256.32,5.550320446542799,2,Segment_2
17897,173.06041666666667,3,541.8100000000001,6.2967593507829065,5,Segment_5
17898,85.9125,2,152.06,5.030830001381775,2,Segment_2
17899,159.9111111111111,1,154.55,5.046967223343646,5,Segment_5
17900,190.925,2,112.19999999999999,4.729156165769083,5,Segment_5
17901,29.80625,1,110.38,4.7129477781615225,2,Segment_2
17904,21.99513888888889,1,181.07,5.204391228515873,2,Segment_2
17905,71.80347222222223,4,798.99,6.684599227589802,2,Segment_2
17906,247.80902777777777,1,72.9,4.302712827954156,5,Segment_5
17908,374.0451388888889,1,232.03,5.451167200642247,5,Segment_5
17911,9.915277777777778,1,366.23,5.9059883547555305,2,Segment_2
17912,310.93402777777777,5,310.06,5.739985819616414,5,Segment_5
17913,59.08680555555556,2,408.65,6.015303136587824,2,Segment_2
17914,4.036111111111111,1,329.36,5.800182968942516,2,Segment_2
17917,45.979166666666664,3,335.03,5.8172004416917575,2,Segment_2
17919,88.96458333333334,1,1304.04,7.173988970628047,1,Segment_1
17920,4.93125,17,4119.5,8.323729794203437,4,Segment_4
17921,64.74583333333334,4,820.23,6.710803216382034,2,Segment_2
17923,282.89930555555554,1,207.5,5.339939041238856,5,Segment_5
17924,12.152083333333334,7,2962.5,7.994126281227893,1,Segment_1
17925,373.1111111111111,1,244.08,5.501584687857454,5,Segment_5
17926,133.92430555555555,2,397.29,5.98718038316893,2,Segment_2
17928,45.956944444444446,2,212.54,5.363824168750156,2,Segment_2
17929,11.86736111111111,4,843,6.7381524945959574,1,Segment_1
17930,36.10208333333333,5,1740.48,7.462490605387541,1,Segment_1
17931,134.76180555555555,2,408.36,6.014594964496837,2,Segment_2
17932,29.709027777777777,3,1331.57,7.19486468749322,1,Segment_1
17934,52.06527777777778,2,704.25,6.558552349882105,2,Segment_2
17935,138.98055555555555,2,145.79,4.989002993969142,2,Segment_2
17936,5.970833333333333,1,380.13,5.943140524277792,2,Segment_2
17937,9.04513888888889,7,4301.22,8.366886447525236,1,Segment_1
17939,160.01597222222222,1,99.14,4.606569206901798,5,Segment_5
17940,49.97430555555555,10,4020.04,8.299295854621981,1,Segment_1
17941,131.18055555555554,1,304.56,5.722146158673159,2,Segment_2
17942,8.086805555555555,1,77.5,4.363098624788363,2,Segment_2
17946,233.82638888888889,2,149.57999999999998,5.014494504421976,5,Segment_5
17947,37.989583333333336,1,176.68,5.179984179586172,2,Segment_2
17948,147.99444444444444,1,358.56,5.884881061705198,2,Segment_2
17949,1.7527777777777778,45,58510.48,10.976978253283772,4,Segment_4
17950,72.89722222222223,3,482.2,6.180430646620605,2,Segment_2
17951,40.013888888888886,3,1008.54,6.917250060543926,1,Segment_1
17954,5.940972222222222,12,2314.13,7.747221120451233,1,Segment_1
17955,199.03472222222223,4,557.3,6.324896452316315,5,Segment_5
17956,249.96041666666667,1,12.75,2.6210388241125804,5,Segment_5
17957,66.91111111111111,1,111.68,4.724551943008172,2,Segment_2
17958,117.02152777777778,1,508.46000000000004,6.233351341239327,2,Segment_2
17960,171.94097222222223,1,73.78,4.314550469548967,5,Segment_5
17961,21.82986111111111,39,1296.44,7.1681483711962475,4,Segment_4
17962,142.94027777777777,1,102.41,4.638701669196884,2,Segment_2
17964,32.0875,2,463.21,6.140337036046906,2,Segment_2
17965,38.138194444444444,14,2599.19,7.863339798262662,1,Segment_1
17966,38.1,5,1098.43,7.0025471426656845,1,Segment_1
17967,372.06319444444443,1,112.27,4.729774349212622,5,Segment_5
17968,374.01875,1,265.1,5.583872177983643,5,Segment_5
17969,166.99305555555554,2,228.2,5.434594984840585,5,Segment_5
17970,211.69930555555555,1,562.79,6.334681841736619,5,Segment_5
17972,242.0236111111111,1,135.19,4.914050969580866,5,Segment_5
17973,52.09444444444444,1,337.04,5.823164231676282,2,Segment_2
17974,25.050694444444446,3,703.99,6.558183618314506,2,Segment_2
17975,15.974305555555556,13,4483.26,8.408328766453955,1,Segment_1
17976,372.9590277777778,1,321.79,5.7770019569816125,5,Segment_5
17977,29.97361111111111,1,288.14,5.6669109998802965,2,Segment_2
17978,365.9479166666667,1,300.92,5.71016208162024,5,Segment_5
17979,36.03125,4,732.41,6.597704890668348,2,Segment_2
17980,166.03402777777777,3,811.45,6.700054373848785,5,Segment_5
17984,145.86875,1,152.68,5.034872518460301,2,Segment_2
17985,22.934722222222224,1,631.35,6.4494430383259855,2,Segment_2
17986,56.93611111111111,1,20.8,3.0819099697950434,2,Segment_2
17987,185.9361111111111,1,198.57,5.2961650519798935,5,Segment_5
17988,12.07638888888889,7,201.12,5.308861580423708,2,Segment_2
17990,237.04583333333332,3,630.84,6.448636197538339,5,Segment_5
17991,225.86944444444444,2,93.35,4.547011271814559,5,Segment_5
17994,122.04791666666667,4,674.89,6.516030340908829,2,Segment_2
17995,282.0138888888889,1,76.1,4.345103280569283,5,Segment_5
17997,74.85902777777778,8,1962.46,7.582463502025479,1,Segment_1
17999,37.87083333333333,2,380.39,5.94382247363014,2,Segment_2
18001,12.866666666666667,2,415.13,6.030997711443308,2,Segment_2
18004,362.9604166666667,1,157.92,5.068400930946398,5,Segment_5
18005,4.040972222222222,2,226.47,5.42701836156377,2,Segment_2
18006,23.831944444444446,1,444.68,6.09960120571256,2,Segment_2
18008,70.89791666666666,9,2116.19,7.657845016753332,1,Segment_1
18009,235.96805555555557,1,247.39,5.515000091600009,5,Segment_5
18010,257.0159722222222,1,174.8,5.169346985251076,5,Segment_5
18011,373.8020833333333,1,102.78999999999999,4.642369626977198,5,Segment_5
18013,155.94375,2,187.29,5.237983327508337,5,Segment_5
18014,28.89027777777778,1,162.22,5.095098984041097,2,Segment_2
18015,4.917361111111111,1,120.03,4.7960384487505126,2,Segment_2
18016,32.97569444444444,5,1477.66,7.298891551225709,1,Segment_1
18017,81.85763888888889,3,523,6.261491684321042,2,Segment_2
18018,108.80069444444445,2,122.14,4.813321919483064,2,Segment_2
18019,52.02777777777778,1,38.45,3.6750340472918834,2,Segment_2
18022,36.00347222222222,1,612.72,6.419538798077005,2,Segment_2
18024,153.00694444444446,2,389.78,5.968144741786365,2,Segment_2
18027,99.09166666666667,1,115.31,4.7562590403509475,2,Segment_2
18030,4.842361111111111,2,230.64999999999998,5.4452276118626575,2,Segment_2
18032,334.8875,1,73.5,4.310799125385514,5,Segment_5
18033,65.80694444444444,1,93.82000000000001,4.551980357473973,2,Segment_2
18034,22.019444444444446,2,418.68,6.039492516118564,2,Segment_2
18035,36.00763888888889,3,713.89,6.572128684704628,2,Segment_2
18036,32.923611111111114,3,403.12,6.001711863559532,2,Segment_2
18037,154.96597222222223,6,70.02,4.262961527514942,5,Segment_5
18040,19.9375,2,357.2,5.881091489626612,2,Segment_2
18041,12.049305555555556,21,4097.37,8.318344612668472,4,Segment_4
18042,54.04236111111111,1,165.05,5.112288947822756,2,Segment_2
18043,25.00138888888889,3,529.29,6.273424026714671,2,Segment_2
18044,4.933333333333334,10,2088.6,7.644727939082112,1,Segment_1
18045,45.988194444444446,1,178.34,5.189283445523902,2,Segment_2
18048,203.9111111111111,2,172.29,5.154966491652154,5,Segment_5
18050,359.93402777777777,1,74.4,4.32280727501391,5,Segment_5
18053,71.15625,1,300.02,5.707176707724217,2,Segment_2
18055,7.934027777777778,10,6761.34,8.819124262985744,1,Segment_1
18056,288.9326388888889,1,363.65,5.898937989430242,5,Segment_5
18058,10.175,1,170.16,5.142598791548616,2,Segment_2
18059,23.834027777777777,3,306.46,5.728344997484453,2,Segment_2
18061,22.0625,10,2119.41,7.659364745193834,1,Segment_1
18062,173.91875,3,720.52,6.581360097857453,5,Segment_5
18064,133.84097222222223,2,814,6.703188113240863,2,Segment_2
18065,6.097222222222222,14,2392.83,7.780649872736044,1,Segment_1
18066,75.88888888888889,1,318,5.765191102784844,2,Segment_2
18067,40.86944444444445,1,396.33,5.98476716966025,2,Segment_2
18068,289.9166666666667,1,101.7,4.631812116934513,5,Segment_5
18069,26.865972222222222,5,2009.24,7.606009396910227,1,Segment_1
18071,258.03541666666666,2,453,6.118097198041348,5,Segment_5
18072,186.0875,1,247.44,5.515201367691102,5,Segment_5
18073,114.95,12,3859.82,8.258634875130868,1,Segment_1
18074,374.12291666666664,1,489.6,6.195629131824389,5,Segment_5
18075,23.895138888888887,10,2611.75,7.868158585474613,1,Segment_1
18077,8.970833333333333,11,2584.41,7.85763938171581,1,Segment_1
18078,217.92916666666667,2,336.13,5.820468612643942,5,Segment_5
18079,45.890972222222224,4,3613.15,8.192611975548187,1,Segment_1
18080,19.2,2,1231.5,7.116799905916845,1,Segment_1
18081,36.84722222222222,3,343.45,5.841948942039205,2,Segment_2
18082,26.00347222222222,1,680.84,6.524795026214043,2,Segment_2
18084,16.95347222222222,1,90.48,4.516120369154581,2,Segment_2
18085,330.8979166666667,2,689.95,6.538067462249494,5,Segment_5
18086,274.96944444444443,1,101.34,4.628300603376946,5,Segment_5
18087,98.90138888888889,2,4055.7200000000003,8.308130044310031,1,Segment_1
18088,61.96458333333333,1,166.03,5.118173437001857,2,Segment_2
18092,2.9833333333333334,11,9068.26,9.11264595212913,1,Segment_1
18093,93.87986111111111,4,2106.52,7.653267179747945,1,Segment_1
18094,82.14027777777778,7,3017.3,8.012449037966114,1,Segment_1
18095,313,2,580.05,6.364836811668883,5,Segment_5
18096,12.004166666666666,3,849.06,6.745306935228424,1,Segment_1
18097,8.065277777777778,6,2662.4,7.887358781068045,1,Segment_1
18099,127.87361111111112,1,168.31,5.131731354140141,2,Segment_2
18101,11.967361111111112,2,222.4,5.4089638866351,2,Segment_2
18102,1.0416666666666667,60,259657.3,12.467121814869783,4,Segment_4
18104,37.946527777777774,1,754.64,6.627565072288651,2,Segment_2
18105,38.03194444444444,1,113.47999999999999,4.740400135248195,2,Segment_2
18106,330.01875,1,421.9,6.047135744478443,5,Segment_5
18108,254.95416666666668,1,271,5.605802066295998,5,Segment_5
18109,2.051388888888889,26,8004.92,8.987936546996973,4,Segment_4
18110,20.011111111111113,1,198.8,5.297316866214453,2,Segment_2
18112,12.921527777777778,2,352.69,5.868420823264403,2,Segment_2
18113,369.0131944444444,1,76.32,4.34795265434013,5,Segment_5
18114,290.9791666666667,1,220.1,5.3986150878634005,5,Segment_5
18116,68.07638888888889,8,1403.11,7.247158929095093,1,Segment_1
18117,26.002083333333335,1,315.65,5.757797062962439,2,Segment_2
18118,11.054166666666667,26,5625.08,8.63516820864298,4,Segment_4
18119,368.03541666666666,1,180.7,5.202356975402125,5,Segment_5
18120,214.96180555555554,1,111.15,4.719837260966218,5,Segment_5
18121,149.99791666666667,2,653.3,6.483565961875693,2,Segment_2
18122,8.9875,6,1793.06,7.492236486875529,1,Segment_1
18123,24.935416666666665,2,574.4399999999999,6.355134965559101,2,Segment_2
18125,30.014583333333334,4,1131.75,7.032403583547247,1,Segment_1
18126,61.02152777777778,1,200.92,5.307871579352848,2,Segment_2
18127,19.947916666666668,3,347.08,5.852432338412425,2,Segment_2
18129,243.94027777777777,1,112.55,4.732243268551567,5,Segment_5
18130,15.92361111111111,3,1059.39,6.966392043966783,1,Segment_1
18133,212.94166666666666,1,931.5,6.837869151517971,5,Segment_5
18135,29.720833333333335,5,681.91,6.52636307929225,2,Segment_2
18136,63.88194444444444,3,784.33,6.666104011612187,2,Segment_2
18138,295.9159722222222,1,152.65,5.034677288576494,5,Segment_5
18139,18.0875,6,8438.34,9.040659385480165,1,Segment_1
18142,157.97986111111112,2,1019.52,6.928067580294015,2,Segment_2
18143,117.02986111111112,2,1000.16,6.908914606701983,2,Segment_2
18144,8.002777777777778,12,2888.75,7.968925272174377,1,Segment_1
18145,13.061111111111112,4,2861.55,7.959468114958852,1,Segment_1
18146,141.02916666666667,2,160.35,5.083575918497971,2,Segment_2
18147,46.044444444444444,2,179.34,5.19484395807176,2,Segment_2
18149,51.03194444444444,3,612.08,6.418495433130707,2,Segment_2
18150,32.83402777777778,3,566.58,6.341381708583334,2,Segment_2
18151,135.05208333333334,2,653.35,6.483642376501489,2,Segment_2
18154,3.839583333333333,2,399.19,5.991939434331194,2,Segment_2
18155,75.97083333333333,3,371.62,5.920559133592207,2,Segment_2
18156,13.018055555555556,2,675.64,6.517139373724178,2,Segment_2
18158,9.854861111111111,2,453.4,6.118977867406942,2,Segment_2
18159,301.93333333333334,1,530.15,6.275044467226023,5,Segment_5
18160,57.875,2,638.06,6.459998346683129,2,Segment_2
18161,15.840277777777779,5,1618.69,7.3899900518904555,1,Segment_1
18164,37.99583333333333,1,399.65,5.99308822822408,2,Segment_2
18165,177.97708333333333,1,302.46,5.715249806097095,5,Segment_5
18167,23.870833333333334,3,1384.86,7.234076164546974,1,Segment_1
18168,176.72847222222222,6,1160.04,7.057071434162108,1,Segment_1
18169,61.022222222222226,1,202.65,5.316402834094422,2,Segment_2
18170,33.927083333333336,3,980.31,6.888888413724063,1,Segment_1
18171,59.15069444444445,5,1231.31,7.116645735818236,1,Segment_1
18172,15.068055555555556,20,7561.68,8.930980903708734,4,Segment_4
18173,87.05833333333334,4,2106.84,7.653419005452328,1,Segment_1
18174,7.829166666666667,1,104,4.653960350157523,2,Segment_2
18176,358.87847222222223,1,476.34999999999997,6.168249974444042,5,Segment_5
18177,31.920833333333334,6,1340.8700000000001,7.20181944249662,1,Segment_1
18178,129.13888888888889,4,1590.81,7.372627012548272,1,Segment_1
18179,9.852083333333333,6,1793.17,7.4922977984414185,1,Segment_1
18180,5.174305555555556,6,1843.75,7.520099045938476,1,Segment_1
18181,24.904166666666665,1,366.85,5.907675246378274,2,Segment_2
18183,227.89166666666668,2,632.07,6.450581000548326,5,Segment_5
18184,15.890277777777778,1,49.8,3.927896354584436,2,Segment_2
18185,249.9638888888889,1,304.25,5.721131112990814,5,Segment_5
18188,15.83611111111111,3,2001.04,7.601921939695548,1,Segment_1
18189,78.00694444444444,2,1090.24,6.995069943308846,1,Segment_1
18190,192.91805555555555,2,284.46,5.654101914201623,5,Segment_5
18191,262.02916666666664,1,207.8,5.341376856008484,5,Segment_5
18192,72.12291666666667,1,957.97,6.865859791808101,2,Segment_2
18193,165.95277777777778,1,243.76,5.500278138594339,5,Segment_5
18194,82.97291666666666,1,973.84,6.882273354967445,2,Segment_2
18196,95.85277777777777,2,686.63,6.533250902574385,2,Segment_2
18198,4.917361111111111,17,5425.56,8.599060694675584,4,Segment_4
18200,106.75347222222223,1,150.35,5.019595035467727,2,Segment_2
18202,200.0263888888889,3,1396.99,7.242790769692349,5,Segment_5
18203,157.98819444444445,1,160.42,5.084009663896226,5,Segment_5
18204,71.8375,3,1975.35,7.589006988129015,1,Segment_1
18205,36.977777777777774,2,517.36,6.2506699815672135,2,Segment_2
18209,29.02986111111111,1,139.1,4.942356453342962,2,Segment_2
18210,2.075,6,2621.38,7.871837581358896,1,Segment_1
18211,26.194444444444443,5,600.07,6.3987114002985646,2,Segment_2
18212,326.85833333333335,1,216.07,5.380219882167671,5,Segment_5
18213,237.10347222222222,1,232.48,5.45309642033559,5,Segment_5
18215,89.86458333333333,1,299.34,5.7049151662521345,2,Segment_2
18216,31.82986111111111,1,481.75,6.179498921308624,2,Segment_2
18217,29.980555555555554,2,621.75,6.43414515414229,2,Segment_2
18218,211.99791666666667,2,641.92,6.46602029970094,5,Segment_5
18219,3.046527777777778,10,2069.77,7.635675797768084,1,Segment_1
18220,227.1576388888889,1,305.28,5.724499716244923,5,Segment_5
18221,22.92361111111111,5,1041.61,6.949482463694109,1,Segment_1
18222,93.08680555555556,1,443,6.095824562432225,2,Segment_2
18223,5.152083333333334,14,6484.54,8.777330362366365,4,Segment_4
18224,264.09722222222223,1,158.95,5.074861266395527,5,Segment_5
18225,3.9743055555555555,12,5504.96,8.61358642087413,1,Segment_1
18226,44.96805555555556,11,5228.05,8.561984896200169,1,Segment_1
18227,218.01875,1,93.75,4.5512418439625355,5,Segment_5
18228,57.14513888888889,2,779.9,6.660447100668629,2,Segment_2
18229,12.126388888888888,20,7276.9,8.892597638039238,4,Segment_4
18230,9.977777777777778,7,2810.2,7.941366717432833,1,Segment_1
18231,192.9388888888889,5,2071.77,7.636641155966783,1,Segment_1
18232,82.0423611111111,4,592.97,6.386828813036717,2,Segment_2
18233,326.17083333333335,1,440,6.089044875446846,5,Segment_5
18235,72.18263888888889,3,1796.48,7.494140962968628,1,Segment_1
18236,30.197222222222223,6,882.24,6.783596964352348,1,Segment_1
18237,3.0006944444444446,5,987.1,6.895783907200917,1,Segment_1
18239,219.00833333333333,5,1561.61,7.354112779132593,5,Segment_5
18240,46.98888888888889,1,422.58,6.0487423982594555,2,Segment_2
18241,10.027777777777779,17,2073.09,7.637277782254905,4,Segment_4
18242,72.96319444444444,4,2232.4900000000002,7.711320663504336,1,Segment_1
18245,7.918055555555555,7,2567.06,7.850906029022887,1,Segment_1
18246,24.042361111111113,2,596.1,6.392084603552947,2,Segment_2
18248,123.1048611111111,2,804.02,6.690867121830435,2,Segment_2
18249,17.90486111111111,1,95.34,4.567883601202075,2,Segment_2
18250,310.9819444444444,1,349.27,5.858704285656805,5,Segment_5
18251,87.90763888888888,1,4314.72,8.370019449389407,1,Segment_1
18252,51.00486111111111,2,518.27,6.252423979106417,2,Segment_2
18255,89.98194444444445,1,103.3,4.647271362006727,2,Segment_2
18257,39.918055555555554,8,2337.63,7.757320566811742,1,Segment_1
18259,25.011111111111113,3,2338.6,7.757735253568871,1,Segment_1
18260,173.0090277777778,6,2628.35,7.874491946336666,1,Segment_1
18261,43.88472222222222,2,324.24,5.784563371339637,2,Segment_2
18262,140.86527777777778,1,149.48,5.013830184992774,2,Segment_2
18263,26.15972222222222,3,1213.16,7.10180775865179,1,Segment_1
18265,72.94444444444444,2,801.51,6.687744315985722,2,Segment_2
18268,134.73402777777778,1,25.5,3.2771447329921766,2,Segment_2
18269,366.95625,1,168.6,5.133442723357803,5,Segment_5
18270,38.953472222222224,2,283.15000000000003,5.649502267743131,2,Segment_2
18272,3.004861111111111,6,3078.58,8.03254850303289,1,Segment_1
18273,2.9819444444444443,3,204,5.3230099791384085,2,Segment_2
18274,30.824305555555554,1,175.92,5.1756976530001255,2,Segment_2
18276,44.080555555555556,1,335.86,5.81966741377024,2,Segment_2
18277,58.894444444444446,1,110.38000000000001,4.7129477781615225,2,Segment_2
18278,74.03611111111111,1,173.9,5.164214382024556,2,Segment_2
18280,278.12361111111113,1,180.6,5.201806466167193,5,Segment_5
18281,181.08125,1,80.82,4.404521712501253,5,Segment_5
18282,8.046527777777778,2,178.05,5.187665096444442,2,Segment_2
18283,4.033333333333333,16,2045.53,7.623900954999213,1,Segment_1
18287,43.139583333333334,3,1837.28,7.516585630812605,1,Segment_1
