"CustomerID","Recency","Frequency","Monetary","Cluster"
12346,0,1,77183.6,"1"
12347,365.038194444444,7,4310,"4"
12348,282.752777777778,4,1797.24,"4"
12349,0,1,1757.55,"2"
12350,0,1,334.4,"2"
12352,260.086111111111,8,2506.04,"4"
12353,0,1,89,"2"
12354,0,1,1079.4,"2"
12355,0,1,459.4,"2"
12356,302.951388888889,3,2811.43,"4"
12357,0,1,6207.67,"2"
12358,149.015277777778,2,1168.06,"2"
12359,274.002777777778,4,6310.03,"4"
12360,148.235416666667,3,2662.06,"4"
12361,0,1,189.9,"2"
12362,292.215277777778,10,5226.23,"4"
12363,132.867361111111,2,552,"2"
12364,104.790277777778,4,1313.1,"2"
12365,0.00902777777777778,2,641.38,"2"
12367,0,1,168.9,"2"
12370,309.078472222222,4,3541.94,"4"
12371,14.98125,2,1887.96,"2"
12372,224.976388888889,3,1298.04,"4"
12373,0,1,364.6,"2"
12374,0,1,742.93,"2"
12375,87.8423611111111,2,457.5,"2"
12377,39.2555555555556,2,1628.12,"2"
12378,0,1,4008.62,"2"
12379,88.7340277777778,2,852.24,"2"
12380,164.068055555556,4,2724.81,"4"
12381,115.115972222222,5,1845.31,"2"
12383,167.731944444444,5,1850.56,"4"
12384,92.8861111111111,2,585.27,"2"
12386,29.1138888888889,2,401.9,"2"
12388,311.054166666667,6,2780.66,"4"
12390,0,1,549.84,"2"
12391,0,1,439.66,"2"
12393,260.245833333333,4,1582.6,"4"
12394,153.754861111111,2,1272.48,"4"
12395,351.948611111111,12,3018.63,"4"
12397,99.8131944444444,2,2409.9,"2"
12398,0,1,1635.66,"2"
12399,142.147916666667,4,1108.65,"2"
12401,0,1,84.3,"2"
12402,0,1,225.6,"2"
12403,0,1,427.7,"2"
12405,0,1,1710.39,"2"
12406,161.374305555556,2,3415.3,"4"
12407,214.868055555556,5,1708.12,"4"
12408,227.903472222222,5,2888.55,"4"
12409,103.929861111111,3,11072.67,"2"
12410,0.000694444444444444,2,693.33,"2"
12412,94.8506944444444,3,1226.88,"2"
12413,270.7,3,758.1,"4"
12414,93,3,562.41,"2"
12415,313.131944444444,21,124914.53,"3"
12417,354.125694444444,9,3649.1,"4"
12418,0,1,668.58,"2"
12420,0,1,600.39,"2"
12421,303.748611111111,4,807.04,"4"
12422,229.024305555556,3,803.56,"4"
12423,352.969444444444,8,1859.31,"4"
12424,0,2,1760.96,"2"
12425,0,1,777.2,"2"
12426,0,1,582.73,"2"
12427,349.925,3,825.8,"4"
12428,257.950694444444,9,7956.46,"4"
12429,356.220138888889,4,3750.4,"4"
12430,0,1,256.4,"2"
12431,338.077777777778,15,6419.95,"4"
12432,129.927777777778,5,5059.32,"2"
12433,372.859722222222,7,13375.87,"4"
12434,175.98125,2,806.14,"4"
12435,188.059722222222,2,7829.89,"4"
12436,0,1,509.01,"2"
12437,329.890277777778,18,4951.41,"1"
12438,125.999305555556,2,2906.85,"2"
12441,0,1,173.55,"2"
12442,0,1,172.06,"2"
12444,149.974305555556,5,5005.46,"4"
12445,0,1,133.4,"2"
12446,0,1,1002.31,"2"
12447,0,1,476.49,"2"
12448,0,1,449.45,"2"
12449,164.922916666667,4,4067.29,"4"
12450,17.0034722222222,2,197.88,"2"
12451,313.982638888889,5,9035.52,"4"
12452,0.0993055555555555,2,430.57,"2"
12453,0,1,707.09,"2"
12454,0,1,3528.34,"2"
12455,223.232638888889,6,2466.86,"4"
12456,210.228472222222,3,3181.04,"4"
12457,172.761111111111,7,2363.23,"4"
12458,213.1875,2,947.4,"4"
12461,60.2736111111111,2,826.88,"2"
12462,284.76875,2,1189.59,"4"
12463,188.039583333333,4,1344.78,"4"
12464,299.002083333333,8,1212.05,"4"
12465,152.122916666667,2,742.19,"2"
12468,128.921527777778,2,729.54,"2"
12471,362.255555555556,30,19788.65,"1"
12472,336.9875,7,6572.11,"4"
12473,162.146527777778,5,3928.05,"4"
12474,312.189583333333,18,7324.09,"1"
12475,0,1,723.38,"2"
12476,345.917361111111,11,6816.42,"4"
12477,278.879166666667,6,13219.74,"4"
12478,0,1,680.99,"2"
12479,0,1,527.2,"2"
12480,307.975694444444,4,3281.63,"4"
12481,342.927777777778,10,5579.82,"4"
12483,322.1125,8,2484.98,"4"
12484,303.897916666667,6,4527.32,"4"
12488,65.9277777777778,3,1298.66,"2"
12489,0,1,334.93,"2"
12490,324.2875,10,5417.93,"4"
12491,0,1,460.4,"2"
12492,42.0166666666667,2,263.21,"2"
12493,31.8083333333333,2,433.74,"2"
12494,349.91875,7,1246.1,"4"
12497,0,1,1043.1,"2"
12498,36.1409722222222,3,403.7,"2"
12500,310.272222222222,11,4257.82,"4"
12501,0,1,2169.39,"2"
12502,214.049305555556,5,3723.87,"4"
12504,12.0458333333333,2,482.05,"2"
12506,0,1,73.5,"2"
12507,164.322916666667,3,1304.81,"4"
12508,2.96527777777778,2,397.88,"2"
12509,0,1,176.5,"2"
12510,182.840972222222,2,982.57,"4"
12512,0.00138888888888889,2,132.18,"2"
12513,0,1,612.29,"2"
12514,0,1,1017.68,"2"
12515,0,1,383.7,"2"
12516,102.9,2,1312.06,"2"
12517,161.952083333333,5,2481.6,"4"
12518,109.871527777778,5,2056.89,"2"
12519,0,1,330.84,"2"
12520,194.158333333333,5,2634.26,"4"
12521,0,1,599.68,"2"
12522,12.0340277777778,2,192.72,"2"
12523,312.133333333333,11,1789.77,"4"
12524,324.205555555556,8,4485.72,"4"
12526,93.9097222222222,3,1316.66,"2"
12527,243.993055555556,3,348.71,"4"
12528,303.232638888889,6,1933.48,"4"
12530,277.104166666667,4,1662.28,"4"
12531,0,1,125.22,"2"
12532,0,1,349.83,"2"
12534,0,1,1089.18,"2"
12535,94.8340277777778,2,716.35,"2"
12536,15.9777777777778,3,12601.83,"2"
12538,0,1,363.95,"2"
12539,311.179861111111,4,5568.35,"4"
12540,342.077777777778,17,13400.24,"1"
12541,251.047222222222,3,981.18,"4"
12544,0,1,372.7,"2"
12545,184.065972222222,2,1000.39,"4"
12546,31.1006944444444,2,1161.5,"2"
12547,82.9944444444444,2,207.8,"2"
12548,0,1,95.2,"2"
12550,0,1,964.83,"2"
12551,0,1,168,"2"
12552,0.910416666666667,2,437.82,"2"
12553,321.247222222222,10,3692.28,"4"
12556,100.979861111111,2,599.56,"2"
12557,355.19375,5,11990.96,"4"
12558,0,1,269.96,"2"
12559,8.98402777777778,2,561.71,"2"
12560,137.915972222222,3,2134.01,"2"
12561,0,1,238.85,"2"
12562,190.191666666667,7,3781.74,"4"
12564,0,1,456.9,"2"
12565,0,1,145.92,"2"
12566,0,1,351.65,"2"
12567,346.961805555556,10,9401.28,"4"
12569,250.109027777778,32,4124.69,"1"
12571,81.9055555555556,2,519.61,"2"
12572,43.0416666666667,2,1020.42,"2"
12573,0,1,160.54,"2"
12574,0,1,218.45,"2"
12576,268.944444444444,5,1315.83,"4"
12577,323.877083333333,3,626.6,"4"
12578,308.913888888889,2,2794.51,"4"
12579,0,1,440.42,"2"
12580,0,1,415.7,"2"
12581,0,1,197.71,"2"
12582,49.8770833333333,2,511.36,"2"
12583,370.973611111111,15,7281.38,"1"
12584,276.763888888889,9,2338.15,"4"
12585,117.028472222222,2,2040.1,"2"
12586,0,1,196.94,"2"
12587,0,1,144,"2"
12588,0,1,214.9,"2"
12589,115.926388888889,2,646.68,"2"
12590,0.00416666666666667,2,9864.26,"2"
12591,0,1,452.85,"2"
12592,121.055555555556,2,437.6,"2"
12593,110.134722222222,3,418.1,"2"
12594,285.102777777778,10,3338.22,"4"
12596,190.986111111111,2,618.27,"4"
12597,248.98125,4,3811.22,"4"
12598,275.013888888889,8,3023.08,"4"
12599,275.004166666667,7,1032.58,"4"
12600,342.897222222222,10,2599.04,"4"
12601,142.985416666667,5,577.06,"4"
12602,0,1,153.12,"2"
12603,0,1,739.2,"2"
12604,182.084722222222,2,254.18,"4"
12607,0,1,1579.51,"2"
12609,240.05625,3,1126.85,"4"
12610,103.820833333333,5,2099.54,"2"
12611,0,1,1193.32,"2"
12612,0,1,704.04,"2"
12613,204.970138888889,5,3344.38,"4"
12614,0,1,315.6,"2"
12615,166.060416666667,4,2291.19,"4"
12616,202.041666666667,2,713.3,"4"
12617,0,1,352.98,"2"
12618,0,1,177.31,"2"
12619,237.070833333333,9,3641.24,"4"
12620,189.923611111111,3,1339.41,"4"
12621,364.047916666667,20,13689.67,"1"
12622,0,1,180.1,"2"
12623,0,1,305.1,"2"
12624,71.1041666666667,2,641.13,"2"
12625,107.852083333333,2,2683.82,"2"
12626,303.211805555556,9,6620.48,"4"
12627,129.922222222222,7,4478.53,"4"
12628,60.1576388888889,3,786.46,"2"
12630,34.0048611111111,2,1270.88,"2"
12631,0,1,640.5,"2"
12633,229.122222222222,4,2163.98,"4"
12635,65.0979166666667,2,1689.18,"2"
12637,256.124305555556,8,6002.9,"4"
12638,0,1,671.69,"2"
12639,0,1,486.1,"2"
12640,57.99375,3,1174.58,"2"
12641,0,1,185.9,"2"
12642,82.2361111111111,3,1013.26,"2"
12643,204.047222222222,6,3344.64,"4"
12644,0,1,477.91,"2"
12645,282.979166666667,4,1775.18,"4"
12646,44.8902777777778,2,1346.97,"2"
12647,346.954166666667,12,3722.82,"4"
12648,0,1,318.05,"2"
12649,105.002777777778,3,623.51,"2"
12650,0,1,314.44,"2"
12651,0,1,114,"2"
12652,0,1,919.98,"2"
12653,147.991666666667,2,2209.85,"2"
12654,284.870833333333,5,601.98,"4"
12656,216.181944444444,5,4051.17,"4"
12657,67.1715277777778,4,1643.18,"2"
12658,0,1,686.05,"2"
12659,0,1,91.68,"2"
12660,0,1,245.1,"2"
12662,372.954861111111,11,3849.78,"4"
12664,314.225694444444,9,4881.88,"4"
12665,0,1,63,"2"
12667,0,1,620.13,"2"
12668,343.923611111111,4,3807.15,"4"
12669,105.985416666667,3,2744.03,"2"
12670,222.213194444444,5,2996.05,"4"
12672,0,1,225.9,"2"
12673,321.089583333333,2,610.52,"4"
12674,169.126388888889,4,1970.6,"4"
12676,286.863888888889,6,1331.39,"4"
12678,311.086111111111,12,17628.46,"1"
12679,225.002777777778,4,1113.02,"4"
12680,112.879166666667,4,862.81,"2"
12681,353.059027777778,22,13787.54,"1"
12682,367.834027777778,31,12279.82,"1"
12683,361.245833333333,15,8476.57,"1"
12684,205.873611111111,7,2283.63,"4"
12685,65.1375,6,2863.08,"2"
12686,0,1,89.14,"2"
12688,0,1,4873.81,"2"
12689,101.935416666667,2,1247.61,"2"
12690,0,1,389.01,"2"
12691,329.085416666667,6,1035.8,"4"
12693,192.203472222222,4,855.91,"4"
12694,112.804166666667,2,869.67,"2"
12695,203.004861111111,4,582.1,"4"
12697,140.710416666667,3,957.59,"2"
12700,207.775694444444,4,4939.99,"4"
12701,162.90625,2,797.71,"4"
12702,0,1,219,"2"
12703,0,1,283.55,"2"
12704,162.121527777778,8,2340.84,"4"
12705,341.888194444444,9,6868.29,"4"
12707,0,1,603.42,"2"
12708,338.964583333333,10,2712.91,"4"
12709,351.242361111111,15,9706.52,"1"
12710,104.913194444444,3,1149.02,"2"
12712,342.742361111111,13,4396.13,"4"
12713,0,1,848.55,"2"
12714,285.201388888889,5,4708.86,"4"
12715,0,1,343.36,"2"
12716,129.810416666667,2,1053.49,"2"
12717,94.1770833333333,2,1030.98,"2"
12718,0,1,238.25,"2"
12719,59.9548611111111,2,644.95,"2"
12720,366.695833333333,25,5781.73,"1"
12721,323.024305555556,6,2656.13,"4"
12722,65.1215277777778,4,997.63,"2"
12723,61.76875,5,725.07,"2"
12724,327.043055555556,4,1031.41,"4"
12725,0,1,427.8,"2"
12726,329.027083333333,7,2609.1,"4"
12727,309.853472222222,7,3980.7,"4"
12728,261.083333333333,4,836.33,"4"
12729,0,1,453.01,"2"
12731,341.04375,12,18895.91,"1"
12732,0,1,236.26,"2"
12733,0,1,383.95,"2"
12734,0,1,110.4,"2"
12735,21.9659722222222,2,779.57,"2"
12736,0,1,234,"2"
12738,0,1,155.35,"2"
12739,20.8020833333333,2,1013.04,"2"
12740,0,1,427.6,"2"
12743,0.0104166666666667,2,540.13,"2"
12744,266.911111111111,7,21279.29,"4"
12747,366.955555555556,11,4196.01,"4"
12748,372.980555555556,209,33053.19,"3"
12749,209.771527777778,5,4090.88,"4"
12750,0,1,275.88,"2"
12752,0,1,4366.78,"2"
12753,339.963888888889,6,21429.39,"4"
12754,72.9368055555556,3,3010.74,"2"
12755,85.0819444444444,2,3811.95,"2"
12756,0,1,112.08,"2"
12757,195.728472222222,13,7834.65,"4"
12758,159.928472222222,2,2791.59,"4"
12759,223.277777777778,3,1531.44,"4"
12762,17.8333333333333,2,1898.52,"2"
12763,230.934722222222,2,494.08,"4"
12764,0,1,1693.88,"2"
12766,362.786805555556,7,6989.63,"4"
12769,0,1,1143.6,"2"
12770,0,1,1351.45,"2"
12772,0,1,892.47,"2"
12775,294.116666666667,5,1386.04,"4"
12778,292.871527777778,6,822.23,"4"
12779,333.91875,8,3981.36,"4"
12781,221.079166666667,2,826.74,"4"
12782,352.906944444444,5,2330.92,"4"
12783,73.0145833333333,6,2225.91,"2"
12784,6.11458333333333,2,532.82,"2"
12785,0,1,311.95,"2"
12787,182.963888888889,3,463.66,"4"
12789,0,1,91.85,"2"
12790,0,1,324.92,"2"
12791,0,1,192.6,"2"
12792,0,1,400.54,"2"
12793,36.8736111111111,2,545.48,"2"
12794,45.1201388888889,2,860.41,"2"
12795,0,1,430.48,"2"
12797,0,1,254.03,"2"
12798,160.236805555556,3,6977.04,"4"
12802,0,1,427.58,"2"
12808,331.984722222222,3,483.65,"4"
12809,0,1,489.31,"2"
12811,23.7520833333333,3,514.85,"2"
12812,0,1,229.64,"2"
12814,0,1,125.92,"2"
12815,50.8659722222222,2,1063.46,"2"
12816,80.9701388888889,2,572.2,"2"
12817,0,1,166.04,"2"
12818,0,1,1542.08,"2"
12820,323.109722222222,4,942.34,"4"
12821,0,1,92.72,"2"
12822,16.8458333333333,2,948.88,"2"
12823,221.805555555556,5,1759.5,"4"
12824,0,1,397.12,"2"
12826,362.794444444444,7,1474.72,"4"
12827,38.85625,3,430.15,"2"
12828,127.686805555556,6,1018.71,"2"
12829,23.8465277777778,2,293,"2"
12830,134.042361111111,6,6814.64,"4"
12831,0,1,215.05,"2"
12832,65.9875,2,383.03,"2"
12833,0,1,417.38,"2"
12834,0,1,312.38,"2"
12836,252.160416666667,4,2610.36,"4"
12837,0,1,134.1,"2"
12838,340.015972222222,2,671.95,"4"
12839,364.864583333333,14,5591.42,"4"
12840,82.8805555555556,4,2726.77,"2"
12841,367.020833333333,25,3991.58,"1"
12842,238.122916666667,2,1118.99,"4"
12843,198.896527777778,8,1702.26,"4"
12844,101.013888888889,2,325.96,"2"
12845,22.975,4,354.09,"2"
12847,0,1,843.64,"2"
12849,237.052083333333,2,1010.29,"4"
12851,0,1,131.81,"2"
12852,0,1,311.55,"2"
12853,181.042361111111,6,1957.1,"4"
12854,239.944444444444,3,1316.25,"4"
12855,0,1,38.1,"2"
12856,55.9263888888889,6,2170.78,"2"
12857,91.9083333333333,2,1106.4,"2"
12863,0,1,521.2,"2"
12864,0,1,147.12,"2"
12865,97.1805555555556,2,1568.23,"2"
12866,0,1,559.12,"2"
12867,333.952083333333,7,4009.34,"4"
12868,187.911111111111,6,1607.06,"4"
12871,123.065972222222,2,380.64,"2"
12872,38.8388888888889,2,599.97,"2"
12873,0,1,374,"2"
12875,219.14375,2,343.23,"4"
12876,138.952777777778,2,2218.02,"2"
12877,354.921527777778,12,1535.77,"4"
12878,29.9618055555556,2,854.99,"2"
12879,47.0090277777778,3,573.22,"2"
12881,0,1,298,"2"
12882,24.2055555555556,2,1463.04,"2"
12883,64.7597222222222,4,703.47,"2"
12884,0,1,309.05,"2"
12885,60.0798611111111,3,1175.22,"2"
12886,151.95,2,1378.4,"4"
12888,41.0631944444444,2,354.12,"2"
12890,0,1,376.72,"2"
12891,107.04375,3,331,"2"
12893,0,1,176.55,"2"
12895,44.2194444444444,2,372.8,"2"
12897,97.0229166666667,2,216.5,"2"
12901,261.976388888889,28,17654.54,"1"
12902,0,1,138.68,"2"
12904,154.052777777778,2,496.06,"4"
12906,66.7861111111111,5,2919.81,"2"
12908,136.126388888889,2,750,"2"
12909,213.994444444444,5,2178.67,"4"
12910,218.185416666667,8,3075.04,"4"
12912,37.8888888888889,5,1662.3,"2"
12913,363.815972222222,5,2483.63,"4"
12915,223.959027777778,2,363.65,"4"
12916,181.994444444444,4,2944.95,"4"
12917,0,1,594,"2"
12919,161.184027777778,6,1335.19,"4"
12920,0,1,162.78,"2"
12921,364.052777777778,37,16587.09,"1"
12922,0,1,405.38,"2"
12923,0,1,172.82,"2"
12924,239.0875,4,933.7,"4"
12925,70.0041666666667,2,694.05,"2"
12928,323.94375,5,2062.7,"4"
12929,0,1,117.85,"2"
12930,93.0784722222222,2,415.8,"2"
12931,336.120833333333,15,42055.96,"1"
12933,259.213888888889,3,607.53,"4"
12935,317.14375,7,2160.7,"4"
12936,61.1534722222222,4,1063.9,"2"
12937,252.031944444444,4,1504.27,"4"
12938,0,1,114.14,"2"
12939,270.134027777778,8,11581.8,"4"
12940,33.0784722222222,2,899.69,"2"
12942,234.211805555556,3,675.6,"4"
12944,319.015972222222,2,604.51,"4"
12945,0,1,462.95,"2"
12947,229.739583333333,6,1603.99,"4"
12948,248.286805555556,7,2064.95,"4"
12949,221.920138888889,8,4167.22,"4"
12950,21.9784722222222,3,1843,"2"
12951,322.070138888889,6,1064.07,"4"
12952,72.7486111111111,4,1387.79,"2"
12953,0,1,329.85,"2"
12955,266.309722222222,11,4757.16,"4"
12956,0,1,108.07,"2"
12957,329.899305555556,8,4017.54,"4"
12962,106.095138888889,2,266.39,"2"
12963,357.153472222222,8,1856.63,"4"
12965,0,1,769.81,"2"
12966,0,1,160.18,"2"
12967,13.3895833333333,2,1660.9,"2"
12968,0,1,135.95,"2"
12970,315.018055555556,4,405.47,"4"
12971,368.818055555556,86,11189.91,"1"
12974,0,1,144.8,"2"
12976,0,1,738.6,"2"
12977,0,1,39.24,"2"
12980,200.915277777778,9,7374.9,"4"
12981,103.906944444444,2,372.22,"2"
12982,0,1,390.54,"2"
12984,0,1,97.5,"2"
12985,27.9180555555556,2,1239.38,"2"
12987,124.002083333333,2,558.7,"2"
12988,0,1,505.82,"2"
12989,361.086111111111,15,6924.11,"1"
12990,278.890277777778,3,409.5,"4"
12991,89.0381944444444,2,503.76,"2"
12993,275.055555555556,4,414.76,"4"
12994,264.3,3,974.42,"4"
12995,0,1,211.32,"2"
12997,294.998611111111,4,1226.89,"4"
12999,49.1236111111111,3,455.88,"2"
13000,258.011805555556,3,534.85,"4"
13001,322.0875,13,9785.97,"4"
13002,0,1,120.95,"2"
13003,109.102083333333,3,149.05,"2"
13004,346.129861111111,18,5655.91,"1"
13005,72.8895833333333,2,513.7,"2"
13006,0,1,81.57,"2"
13008,0,1,229.47,"2"
13011,0,1,50.55,"2"
13012,285.140277777778,8,1646.84,"4"
13013,370.10625,13,4810.94,"4"
13014,270.749305555556,10,3466.28,"4"
13015,195.952083333333,5,3339.64,"4"
13016,49.9638888888889,3,789.89,"2"
13017,0,1,204,"2"
13018,279.099305555556,28,7277.7,"1"
13021,354.267361111111,9,2616.38,"4"
13023,65.2868055555556,2,689.9,"2"
13026,274.224305555556,5,975.36,"4"
13027,240.870833333333,6,6912,"4"
13028,22.8756944444444,2,661.32,"2"
13029,322.805555555556,3,1247.5,"4"
13030,356.999305555556,2,752.44,"4"
13032,34.9680555555556,2,1010.18,"2"
13033,0,1,190.55,"2"
13034,314.895138888889,2,642.77,"4"
13035,186.983333333333,2,921.88,"4"
13037,118.002777777778,3,881.07,"2"
13038,210.120833333333,3,908.46,"4"
13040,24.8645833333333,2,676.99,"2"
13043,0,1,516.42,"2"
13044,0,1,560.47,"2"
13045,0,1,305.28,"2"
13046,235.703472222222,2,629.31,"4"
13047,342.147222222222,10,3237.54,"4"
13048,312.949305555556,4,1819.41,"4"
13049,253.956944444444,2,656.68,"4"
13050,351.991666666667,17,5836.86,"1"
13052,0,1,348.15,"2"
13055,135.227777777778,3,1214.41,"2"
13058,127.029166666667,3,271.4,"2"
13059,0,1,183.4,"2"
13060,0,1,307.53,"2"
13061,0,1,248.61,"2"
13062,0,1,346.98,"2"
13064,314.951388888889,4,1105.59,"4"
13065,0,1,205.86,"2"
13066,7.82708333333333,2,470.8,"2"
13067,0,1,115.46,"2"
13068,309.277777777778,2,344,"4"
13069,368.900694444444,24,4431.44,"1"
13070,0,1,228.8,"2"
13072,0,1,177.15,"2"
13075,0,1,919.61,"2"
13077,365.184027777778,4,728.02,"4"
13078,363.270138888889,26,12627.94,"1"
13079,136.091666666667,5,220.1,"2"
13080,0,1,58.08,"2"
13081,359.731944444444,11,28337.38,"1"
13082,212.023611111111,9,3613.63,"4"
13083,71.1770833333333,2,303.75,"2"
13085,137.926388888889,2,416.08,"2"
13089,366.940972222222,97,58762.08,"3"
13090,364.202083333333,14,8910.82,"1"
13091,0,1,345.82,"2"
13092,288.952083333333,5,477.83,"4"
13093,97.8847222222222,8,7832.47,"2"
13094,347.147916666667,12,1927.32,"4"
13095,0,1,74.4,"2"
13097,327.8125,10,6003.22,"4"
13098,316.019444444444,28,28882.44,"1"
13099,0,1,207.36,"2"
13101,0,1,101.19,"2"
13102,363.968055555556,24,6424.09,"1"
13103,0,1,243.94,"2"
13104,351.05,6,1098.48,"4"
13106,0,1,76.5,"2"
13107,289.1,4,1531.62,"4"
13108,0,1,350.06,"2"
13109,97.8055555555556,2,786.54,"2"
13110,279.9625,7,1488.67,"4"
13113,365.977777777778,24,12245.96,"1"
13115,172.849305555556,4,2294.78,"4"
13116,0,1,501.14,"2"
13117,350.952083333333,8,984.91,"4"
13118,269.009722222222,5,1197.81,"4"
13120,0,1,30.6,"2"
13121,0,1,283.73,"2"
13122,146.070138888889,2,922.39,"2"
13124,269.90625,3,3756.33,"4"
13126,361.929166666667,8,2099.64,"4"
13127,0,1,259.17,"2"
13130,0,1,64,"2"
13131,164.102083333333,3,1073.3,"4"
13132,0,1,77.3,"2"
13133,30.7798611111111,2,109.8,"2"
13134,154.901388888889,4,1793.58,"4"
13135,0,1,3096,"2"
13136,156.0375,5,2607.61,"4"
13137,298.010416666667,8,3603.29,"4"
13138,350.075,6,962.39,"4"
13139,243.08125,7,5064.94,"4"
13140,258.014583333333,3,422.47,"4"
13141,230.868055555556,5,2388.75,"4"
13142,0,1,307.09,"2"
13144,0,1,110.95,"2"
13145,332.777083333333,4,618.52,"4"
13146,0,1,228.91,"2"
13147,89.0631944444444,4,712.8,"2"
13148,335.095138888889,12,3683.26,"4"
13149,274.966666666667,4,1676.06,"4"
13151,0,1,1257.87,"2"
13153,0,1,486.22,"2"
13155,335.122916666667,4,971.76,"4"
13157,248.990972222222,4,1741.22,"4"
13158,224.083333333333,4,1201.06,"4"
13159,106.983333333333,4,1429.35,"2"
13160,0,1,91.8,"2"
13161,0,1,112.75,"2"
13162,212.219444444444,4,1688.29,"4"
13165,305.040972222222,2,1021.48,"4"
13166,0,1,417.2,"2"
13167,125.007638888889,4,791.33,"2"
13168,281.959027777778,4,1299.59,"4"
13169,188.907638888889,2,712.88,"4"
13170,0,1,108.81,"2"
13171,277.840972222222,3,468.41,"4"
13173,363.05625,2,353.65,"4"
13174,352.924305555556,3,2742.82,"4"
13176,0,1,481.49,"2"
13177,0,1,282.45,"2"
13178,334.161111111111,11,5725.47,"4"
13182,0,1,121.18,"2"
13183,326.986111111111,9,3957.78,"4"
13184,275.775694444444,10,1668.95,"4"
13185,0,1,71.4,"2"
13186,89.1048611111111,3,1575.89,"2"
13187,0,1,236.02,"2"
13188,0,1,114.6,"2"
13189,96.89375,2,260.68,"2"
13192,109.969444444444,2,911.94,"2"
13193,0,1,112.08,"2"
13194,0,1,60.7,"2"
13196,250.979166666667,4,1797.78,"4"
13198,351.241666666667,6,3401.24,"4"
13199,363.06875,38,9817.12,"1"
13200,107.03125,4,870.09,"2"
13203,232.836805555556,4,869.46,"4"
13207,135.136805555556,2,250.26,"2"
13208,250.598611111111,6,1217.65,"4"
13209,331.140972222222,8,5891.61,"4"
13210,0,1,353.48,"2"
13211,350.934722222222,3,1095.42,"4"
13212,41.9111111111111,3,786.83,"2"
13213,142.972222222222,5,1520.58,"4"
13216,0,1,333.74,"2"
13217,34.1416666666667,3,533.98,"2"
13218,0,1,62.64,"2"
13220,158.110416666667,4,819.29,"4"
13221,119.148611111111,2,847.41,"2"
13223,31.9076388888889,2,163.2,"2"
13224,91.03125,2,2155.95,"2"
13225,358.152777777778,7,6463.84,"4"
13226,0,1,108.21,"2"
13227,0,1,257.7,"2"
13228,0,1,358,"2"
13229,0,1,160.95,"2"
13230,360.857638888889,14,2755.63,"4"
13232,230.86875,7,1328.35,"4"
13233,261.941666666667,2,605.12,"4"
13235,0,1,1031.07,"2"
13236,82.1611111111111,2,744.85,"2"
13238,343.041666666667,4,700.73,"4"
13239,0,1,329.56,"2"
13240,269.054861111111,4,663.65,"4"
13242,101.01875,3,270.4,"2"
13243,0,1,585.12,"2"
13244,0,1,121.74,"2"
13245,0,1,430.5,"2"
13246,312.134722222222,6,1961.52,"4"
13247,64.9777777777778,4,501.12,"2"
13248,64.9826388888889,2,465.68,"2"
13249,168.916666666667,3,711.41,"4"
13253,182.768055555556,2,1030.4,"4"
13255,364.052777777778,2,399.51,"4"
13258,193.847222222222,3,672.83,"4"
13259,0,1,283.18,"2"
13260,0,1,557.62,"2"
13261,17.0701388888889,2,944.1,"2"
13262,0,1,200.29,"2"
13263,323.894444444444,35,7436.93,"1"
13265,220.213888888889,5,2092.66,"4"
13266,245.184027777778,12,3834.26,"4"
13267,364.077777777778,19,4521.49,"1"
13268,249.938194444444,11,3174.75,"4"
13269,368.126388888889,15,5343.28,"4"
13270,0,1,590,"2"
13271,0,1,211.49,"2"
13272,58.0791666666667,2,276.56,"2"
13273,0,1,138.98,"2"
13276,36.1118055555556,2,590.93,"2"
13277,117.96875,4,258.4,"2"
13278,0,1,542.73,"2"
13279,0,1,137.75,"2"
13280,214.836111111111,3,798.46,"4"
13282,202.145833333333,3,1132.14,"4"
13283,125.882638888889,2,93.66,"2"
13284,0,1,201.19,"2"
13285,266.8375,4,2709.12,"4"
13291,0,1,361.11,"2"
13292,245.794444444444,2,578.94,"4"
13294,59.8451388888889,2,873.74,"2"
13295,0,1,201.2,"2"
13296,0,1,87.4,"2"
13297,59.7666666666667,4,2089.85,"2"
13298,0,1,360,"2"
13299,0,1,142.5,"2"
13300,0,1,371.89,"2"
13301,188.925,4,618.09,"4"
13302,0,1,63.75,"2"
13304,0,1,300.42,"2"
13305,368.128472222222,10,2000.86,"4"
13307,0,1,15,"2"
13308,180.845833333333,3,1385.51,"4"
13309,301.170138888889,5,1456.79,"4"
13310,296.10625,3,1132.03,"4"
13311,145.936805555556,2,598.57,"2"
13313,317.283333333333,5,1555.32,"4"
13314,72.0895833333333,3,775.94,"2"
13316,217.027083333333,4,5732.93,"4"
13317,292.175694444444,6,2273.68,"4"
13318,36.2256944444444,3,640.76,"2"
13319,360.145833333333,26,10845.55,"1"
13320,135.318055555556,4,1532.2,"2"
13321,14.0041666666667,2,567.36,"2"
13322,0,1,199.48,"2"
13323,81.1590277777778,5,787.85,"2"
13324,324.276388888889,10,7121.95,"4"
13325,0,1,675.3,"2"
13327,326.784027777778,8,3627.77,"4"
13328,0,1,1308.48,"2"
13329,335.0125,2,789,"4"
13330,223.096527777778,3,1140.93,"4"
13332,0,1,350.9,"2"
13334,223.152083333333,3,3502.32,"4"
13336,0,1,795.12,"2"
13338,0,1,487.02,"2"
13339,0,1,860.12,"2"
13340,231.066666666667,7,10736.48,"4"
13341,0,1,775.85,"2"
13343,0,1,353.43,"2"
13344,209.970138888889,3,2511.69,"4"
13345,0,1,389.5,"2"
13347,0,1,341.36,"2"
13348,0,1,233.76,"2"
13349,0,1,247.32,"2"
13350,63.125,2,979.12,"2"
13351,0,1,373.94,"2"
13352,0,1,397.98,"2"
13354,0,1,743.53,"2"
13355,0,1,674.7,"2"
13356,0,1,768.24,"2"
13357,0,1,609.4,"2"
13358,0,1,439.03,"2"
13359,0,1,439.56,"2"
13362,278.130555555556,4,3090.74,"4"
13363,26.0791666666667,2,992.5,"2"
13364,0,1,134.96,"2"
13365,184.025,2,2225.37,"4"
13366,0,1,56.16,"2"
13368,80.89375,2,623.4,"2"
13369,0,1,308.28,"2"
13370,0,1,754.87,"2"
13372,0,1,378.64,"2"
13373,215.844444444444,3,3312.25,"4"
13375,0,1,778.65,"2"
13376,135.134027777778,3,1019.76,"2"
13379,110.054861111111,3,572.56,"2"
13381,267.075,6,3639.31,"4"
13382,0,1,222.99,"2"
13384,147.928472222222,7,4151.93,"4"
13385,0,1,534.57,"2"
13388,0,2,677.1,"2"
13389,221.075694444444,3,797.96,"4"
13390,0,1,544.08,"2"
13391,0,1,59.8,"2"
13394,308.039583333333,8,2520.02,"4"
13395,0,1,307.72,"2"
13396,290.140277777778,2,1360.99,"4"
13397,266.879166666667,5,1544.13,"4"
13398,0,1,457.34,"2"
13402,244.94375,2,621.23,"4"
13403,0,1,75,"2"
13404,211.152777777778,2,252.49,"4"
13405,243.315277777778,3,572.451,"4"
13408,371.934722222222,62,28117.04,"1"
13410,267.038194444444,5,1003.06,"4"
13411,0,1,213.55,"2"
13414,162.980555555556,3,1390.5,"4"
13416,37.7590277777778,2,712.5,"2"
13417,200.682638888889,2,640.83,"4"
13418,360.984722222222,18,6127.43,"1"
13419,0,1,221.06,"2"
13420,20.8840277777778,2,159.85,"2"
13421,249.940972222222,2,1833.71,"4"
13422,0,1,2626.3,"2"
13425,186.360416666667,3,1624.21,"4"
13426,358.844444444444,10,3641.32,"4"
13427,195.877777777778,3,582.6,"4"
13428,0,1,201.78,"2"
13429,64.7159722222222,4,1006.8,"2"
13430,67.7451388888889,2,679.45,"2"
13431,21.1,2,1269.1,"2"
13434,22.1631944444444,2,534.24,"2"
13435,183.901388888889,7,3809.89,"4"
13436,0,1,196.89,"2"
13437,175.979166666667,7,3408.06,"4"
13439,0,1,283.71,"2"
13441,0,1,296.64,"2"
13447,12.1444444444444,3,1129.14,"2"
13448,357.070138888889,6,3534.69,"4"
13449,0,1,291.88,"2"
13450,191.670833333333,6,2043.72,"4"
13451,308.015972222222,5,2898.26,"4"
13452,11.1118055555556,2,590,"2"
13453,123.993055555556,2,356.98,"2"
13455,341.923611111111,2,1058.34,"4"
13456,189.738888888889,6,1766.72,"4"
13458,352.141666666667,14,9646.57,"1"
13460,20.3104166666667,2,183.44,"2"
13461,124.943055555556,3,1445,"2"
13462,0,1,151.5,"2"
13464,0,1,674.68,"2"
13466,0,1,307.9,"2"
13467,25.7118055555556,2,1071.91,"2"
13468,371.813194444444,37,5704.97,"1"
13470,15.9104166666667,2,165,"2"
13471,46.1069444444444,4,2501.84,"2"
13473,272.107638888889,2,422.64,"4"
13474,0,1,226.84,"2"
13475,107.052777777778,4,1431.78,"2"
13476,102.886805555556,2,1238.47,"2"
13477,253.982638888889,6,1454.58,"4"
13479,33.9708333333333,2,300.95,"2"
13481,211,5,1804.56,"4"
13482,0,1,184.64,"2"
13483,0,1,140.34,"2"
13484,0,1,313.8,"2"
13485,0,1,454.24,"2"
13486,76.8291666666667,3,1122.41,"2"
13487,295.884027777778,3,575.4,"4"
13488,350.069444444444,13,8968.31,"4"
13489,189.106944444444,4,449.52,"4"
13491,320.751388888889,10,1215.82,"4"
13492,78.1798611111111,3,1269.84,"2"
13493,11.9534722222222,2,618.63,"2"
13494,0,1,316.26,"2"
13495,360.838194444444,5,2044.87,"4"
13496,349.028472222222,2,653.33,"4"
13497,85.89375,2,348.05,"2"
13499,252.103472222222,5,1159.11,"4"
13500,99.1354166666667,3,1166.77,"2"
13501,0,1,1340.32,"2"
13502,307.066666666667,3,292,"4"
13503,0,1,216.85,"2"
13504,0,1,295.93,"2"
13505,159.992361111111,4,4393.63,"4"
13506,53.0680555555556,2,458.52,"2"
13507,142.057638888889,4,2479.16,"4"
13508,0,1,110.97,"2"
13509,275.863194444444,7,979.72,"4"
13510,182.176388888889,4,1791.56,"4"
13512,0,1,251.21,"2"
13513,0,1,205.1,"2"
13514,0,1,152.2,"2"
13515,175.036805555556,4,891.12,"4"
13516,217.089583333333,3,1389.41,"4"
13517,120.124305555556,3,2128.42,"2"
13518,0,1,627.16,"2"
13519,0,1,122.75,"2"
13520,312.988888888889,6,3624.35,"4"
13521,8.94513888888889,3,1071.73,"2"
13522,0,1,125.8,"2"
13523,333.034027777778,5,3964.88,"4"
13524,179.005555555556,5,680.18,"4"
13525,233.850694444444,2,628.78,"4"
13527,293.032638888889,7,2242.36,"4"
13529,125.892361111111,2,307.76,"2"
13531,161.078472222222,2,483.8,"4"
13532,0,1,210.31,"2"
13533,84.9631944444444,3,269.09,"2"
13534,355.978472222222,25,5870.08,"1"
13536,74.1305555555556,7,3444.39,"2"
13538,272.245833333333,7,1280.85,"4"
13539,223.788194444444,3,631.34,"4"
13544,200.991666666667,2,276.06,"4"
13546,188.108333333333,3,621.09,"4"
13548,147.135416666667,2,678.16,"2"
13549,216.818055555556,7,918.2,"4"
13551,0,1,91.8,"2"
13552,249.214583333333,12,3740.07,"4"
13555,128.0625,4,4098.88,"2"
13557,252.131944444444,2,584.06,"4"
13558,62.9326388888889,4,594.52,"2"
13560,0,1,171.42,"2"
13561,0,1,141.86,"2"
13562,163.922916666667,3,1799.33,"4"
13563,55.8916666666667,2,777.53,"2"
13564,223.879861111111,3,1724.67,"4"
13565,315.003472222222,2,240.22,"4"
13566,41.9715277777778,2,856.84,"2"
13568,0,1,187.05,"2"
13569,350.026388888889,2,338.62,"4"
13570,0,1,239.49,"2"
13571,240.919444444444,12,2088.94,"4"
13572,0,1,1384.25,"2"
13573,202.990277777778,2,290.25,"4"
13575,152.951388888889,5,732.07,"4"
13576,362.923611111111,18,6717.34,"1"
13577,216.198611111111,4,1687.6,"4"
13579,354.688194444444,2,467.04,"4"
13581,0,1,118,"2"
13583,0,1,781.03,"2"
13584,0,1,142.4,"2"
13587,0,1,712.4,"2"
13588,239.784027777778,9,2478.95,"4"
13589,164.976388888889,2,379.65,"4"
13590,291.978472222222,6,1981.92,"4"
13591,202.005555555556,3,1117.13,"4"
13592,228.825,4,247.96,"4"
13593,227.877083333333,5,2011.88,"4"
13594,0,1,396.97,"2"
13596,7.00277777777778,2,664.11,"2"
13598,0,1,160.04,"2"
13599,365.249305555556,21,5149.92,"1"
13600,0,1,219.52,"2"
13601,166.027083333333,2,693.32,"4"
13602,0,1,428.89,"2"
13603,0,1,164.34,"2"
13606,282.252777777778,3,276.75,"4"
13607,0,1,675.51,"2"
13610,273.0375,7,1082.33,"4"
13611,270.180555555556,3,1154.4,"4"
13614,306.090277777778,4,1585.46,"4"
13615,0,1,417.69,"2"
13617,140.038194444444,3,544.18,"2"
13618,0,1,177.34,"2"
13621,0,1,213.85,"2"
13623,266.952777777778,5,727.74,"4"
13626,0,1,257.23,"2"
13627,298.186111111111,5,1638.47,"4"
13629,315.05,11,7792.36,"4"
13630,280.102083333333,7,2031.78,"4"
13631,167.697222222222,11,3070.42,"4"
13632,218.822222222222,5,2118.93,"4"
13634,293.923611111111,5,1547.36,"4"
13635,0,1,1071.03,"2"
13636,248.834027777778,5,949.12,"4"
13637,174.018055555556,3,804.3,"4"
13638,0,1,122.64,"2"
13639,0,1,1033.34,"2"
13642,0,1,312.28,"2"
13643,154.164583333333,3,519.44,"4"
13644,89.0930555555556,4,2624.26,"2"
13645,0,1,252.1,"2"
13647,225.090972222222,4,1648.12,"4"
13649,109.878472222222,2,346.6,"2"
13650,250.989583333333,6,1836.34,"4"
13651,4.11666666666667,2,94.2,"2"
13652,322.979166666667,3,1095.08,"4"
13654,230.145833333333,6,2707.33,"4"
13655,127.188888888889,2,932.97,"2"
13656,172.784027777778,2,379.65,"4"
13657,190.997916666667,2,382.14,"4"
13658,194.706944444444,5,2639.17,"4"
13659,115.020138888889,2,1563,"2"
13662,173.945138888889,3,881.26,"4"
13663,0,1,189.47,"2"
13666,227.106944444444,3,84.65,"4"
13667,0,1,299.05,"2"
13668,359.983333333333,21,6309.83,"1"
13669,98.9083333333333,2,218.55,"2"
13670,0,1,349.7,"2"
13672,30.9993055555556,2,186.39,"2"
13673,13.8548611111111,2,387.44,"2"
13675,133.029861111111,2,486.82,"2"
13678,0,1,232.6,"2"
13680,337.982638888889,4,3719.12,"4"
13681,137.827777777778,4,827.83,"2"
13682,0,1,59.5,"2"
13684,0,1,65.13,"2"
13685,57.9458333333333,7,3119.44,"2"
13686,0,1,72,"2"
13689,0,1,910,"2"
13690,0,1,172.25,"2"
13692,211.930555555556,3,1488.32,"4"
13694,369.888888888889,50,65039.62,"1"
13695,228.121527777778,15,2504.13,"4"
13697,0,1,151.3,"2"
13699,0,1,308.58,"2"
13700,300.9875,10,2248.63,"4"
13703,0,1,99.5,"2"
13704,83.0229166666667,9,2308.06,"2"
13705,366.085416666667,3,711.86,"4"
13706,0,1,330.79,"2"
13707,48.1916666666667,2,806.41,"2"
13708,0,1,285.33,"2"
13709,311.813194444444,13,6307.65,"4"
13710,0,1,180.48,"2"
13711,0.00138888888888889,2,252.06,"2"
13712,0,1,228.84,"2"
13715,91.4368055555556,5,1077.39,"2"
13716,0,1,138.28,"2"
13717,266.036111111111,6,1445.01,"4"
13718,49.0597222222222,2,306.55,"2"
13719,219.0625,5,1041.68,"4"
13720,138.145138888889,4,799.9,"2"
13721,0,1,524.14,"2"
13722,151.042361111111,3,2375.41,"4"
13723,0,1,199.85,"2"
13725,258.90625,8,1980.56,"4"
13726,61.9881944444444,2,1079.66,"2"
13727,4.89583333333333,2,333.48,"2"
13728,273.944444444444,6,1016.14,"4"
13730,25.825,2,752.6,"2"
13731,27.1826388888889,2,610.59,"2"
13732,0,1,491.86,"2"
13735,209.892361111111,4,2883.54,"4"
13736,255.09375,2,729.8,"4"
13737,0,1,339.6,"2"
13739,0,1,216.9,"2"
13740,0,1,350.75,"2"
13741,145.816666666667,3,668.43,"2"
13742,303.838888888889,12,3107.87,"4"
13743,256.807638888889,7,1341.6,"4"
13744,197.049305555556,2,1080.52,"4"
13745,0,1,300.04,"2"
13747,0,1,79.6,"2"
13748,278.03125,5,948.25,"4"
13750,283.01875,5,1647.26,"4"
13751,0,1,296.25,"2"
13752,122.091666666667,6,1175.38,"2"
13753,0,1,741.26,"2"
13754,165.870138888889,2,282.6,"4"
13755,59.8618055555556,9,2108.06,"2"
13756,365.210416666667,14,5189.52,"4"
13758,361.960416666667,7,3190.55,"4"
13759,37.9631944444444,2,659.41,"2"
13760,202.139583333333,2,286.79,"4"
13761,129.220833333333,2,1070.65,"2"
13762,0,1,306.72,"2"
13763,0,1,1714.96,"2"
13764,266.881944444444,3,1519.42,"4"
13767,371.175694444444,37,17220.36,"1"
13769,365.069444444444,10,2796.51,"4"
13771,182.938194444444,4,2634.45,"4"
13772,205.966666666667,3,1122.63,"4"
13774,0,1,345,"2"
13777,372.85,33,25977.16,"1"
13778,0,1,178.7,"2"
13780,163.0875,2,360.01,"4"
13781,0,1,127.84,"2"
13782,315.031944444444,6,908.86,"4"
13784,322.788194444444,11,2462.79,"4"
13786,0,1,230.4,"2"
13787,288.889583333333,2,309.04,"4"
13790,0,1,348.8,"2"
13791,40.7958333333333,2,1516,"2"
13792,221.019444444444,2,195.55,"4"
13798,370.935416666667,57,37153.85,"1"
13799,177.909027777778,2,688.86,"4"
13800,0,1,558.32,"2"
13801,0,1,324.8,"2"
13802,172.952083333333,3,4599.42,"4"
13803,0,1,277.07,"2"
13804,259.140972222222,7,2588.39,"4"
13805,76.9729166666667,2,924.6,"2"
13806,0,1,256.38,"2"
13807,0,1,112.6,"2"
13808,91.0076388888889,5,1747.66,"2"
13809,0,1,155.05,"2"
13810,27.8166666666667,3,1499.01,"2"
13811,55.6347222222222,3,814.5,"2"
13812,63.0645833333333,3,539,"2"
13813,95.0034722222222,4,1366.86,"2"
13814,44.9958333333333,2,1579.12,"2"
13815,296.085416666667,4,4027.36,"4"
13816,40.7506944444444,2,571.67,"2"
13817,322.252083333333,2,382.98,"4"
13819,18,3,1140.35,"2"
13821,116.929861111111,2,385.64,"2"
13822,34.8458333333333,2,632,"2"
13823,72.9861111111111,2,957.66,"2"
13824,277.981944444444,5,1698.94,"4"
13826,0,1,189.5,"2"
13827,85.875,3,409.8,"2"
13828,0,1,209.49,"2"
13831,353.144444444444,6,2198.45,"4"
13832,0,1,52.2,"2"
13833,0,1,383.85,"2"
13835,190.010416666667,4,834.57,"4"
13837,105.996527777778,2,266.59,"2"
13838,364.010416666667,4,674.82,"4"
13841,0,1,85,"2"
13842,308.008333333333,9,3385.62,"4"
13844,0,1,361.62,"2"
13845,0,1,312.98,"2"
13846,335.833333333333,3,865.06,"4"
13848,273.908333333333,3,1255,"4"
13849,119.033333333333,2,1537.95,"2"
13850,0,1,1595.48,"2"
13851,192.804166666667,3,2651.46,"4"
13853,0,1,1090.14,"2"
13854,356.929166666667,25,8109.52,"1"
13856,34.8680555555556,3,388.5,"2"
13858,0,1,216.17,"2"
13859,0,1,201.16,"2"
13860,85.1458333333333,5,1245.9,"2"
13862,314.049305555556,8,2209.36,"4"
13863,0,1,305.78,"2"
13865,231.060416666667,4,501.56,"4"
13866,0,1,145.67,"2"
13867,186.930555555556,3,1005.09,"4"
13868,31.1576388888889,2,3192.54,"2"
13869,233.94375,4,3083.65,"4"
13870,285.176388888889,8,2770.94,"4"
13871,286.054861111111,13,6403.25,"4"
13873,190.021527777778,3,389.6,"4"
13874,0,1,540.45,"2"
13875,247.747916666667,5,1786.79,"4"
13876,0,1,122.7,"2"
13877,0,1,117.24,"2"
13878,0,1,1271.57,"2"
13880,345.988888888889,13,3219.77,"4"
13881,308.108333333333,20,17159.52,"1"
13882,61.825,5,1191.13,"2"
13883,242.727777777778,5,2674.48,"4"
13884,276.118055555556,5,787.6,"4"
13885,11.2604166666667,2,506.8,"2"
13886,0,1,243.56,"2"
13887,0,1,349.55,"2"
13888,98.8138888888889,2,595.67,"2"
13889,0,1,416.9,"2"
13890,357.253472222222,10,1883.81,"4"
13892,219.990277777778,4,632.97,"4"
13893,0,1,821.1,"2"
13894,286.868055555556,3,564.62,"4"
13895,136.277777777778,4,2593.07,"2"
13897,0,1,311.16,"2"
13898,0,1,155.93,"2"
13899,258.173611111111,2,388.52,"4"
13900,79.3840277777778,3,740.95,"2"
13901,246.240972222222,5,2867.2,"4"
13904,257.099305555556,2,332.64,"4"
13908,196.989583333333,4,2369.55,"4"
13911,251.039583333333,9,2580.91,"4"
13914,24.7548611111111,2,626.45,"2"
13917,141.881944444444,2,272.04,"2"
13918,203.763888888889,2,1212.84,"4"
13919,62.1729166666667,2,384.81,"2"
13922,0,1,172.25,"2"
13923,0,1,351.13,"2"
13924,70.7722222222222,6,1838.85,"2"
13925,42.0263888888889,4,678.25,"2"
13926,0,1,223.85,"2"
13927,0,1,348.99,"2"
13928,122.773611111111,4,464.57,"2"
13929,157.010416666667,2,842.65,"4"
13930,78.9479166666667,2,337.34,"2"
13931,185.061805555556,2,1237.53,"4"
13932,0,1,307.4,"2"
13933,39.0194444444444,2,608.79,"2"
13934,0,1,922.1,"2"
13936,0,1,376.58,"2"
13937,0,1,158.85,"2"
13938,0,1,71.66,"2"
13939,288.085416666667,3,568.55,"4"
13940,126.965277777778,4,839.14,"2"
13941,350.976388888889,5,5112.96,"4"
13946,188.146527777778,3,561.57,"4"
13947,0,1,90.6,"2"
13948,0,1,102,"2"
13949,91.9027777777778,6,2427.32,"2"
13950,235.135416666667,4,745.06,"4"
13951,118.056944444444,3,674.45,"2"
13952,20.98125,2,3251.071,"2"
13953,345.232638888889,7,3515.68,"4"
13954,69.0819444444444,2,439.92,"2"
13955,151.204861111111,2,322.96,"2"
13956,266.020138888889,5,1019.27,"4"
13959,283.048611111111,3,594.04,"4"
13960,50.1166666666667,2,230.22,"2"
13962,223.893055555556,2,169.55,"4"
13963,59.2236111111111,4,664.54,"2"
13967,0,1,80.7,"2"
13969,357.81875,18,9024.17,"1"
13971,266.985416666667,8,2758.26,"4"
13972,131.013888888889,2,190.25,"2"
13973,0,1,264.7,"2"
13974,0,1,413.59,"2"
13975,245.041666666667,6,2461.24,"4"
13976,0,1,357.98,"2"
13978,30.8555555555556,2,196.79,"2"
13979,0,1,869.87,"2"
13980,0,1,200.14,"2"
13982,326.102083333333,4,1871.81,"4"
13983,337.019444444444,12,2603.43,"4"
13984,339.861111111111,5,920.51,"4"
13985,260.1375,15,7060.13,"4"
13986,0,1,320.46,"2"
13988,234.935416666667,6,4147.96,"4"
13989,173.755555555556,2,1266.08,"4"
13990,0,1,311.3,"2"
13991,131.138888888889,6,852.88,"2"
13992,0,1,76.8,"2"
13993,287.932638888889,9,3466.36,"4"
13994,144.692361111111,6,2274.14,"4"
13995,230.251388888889,5,1393.69,"4"
13999,351.095138888889,12,3901.81,"4"
14000,0,1,635.66,"2"
14001,327.897916666667,3,2043.08,"4"
14002,22.0388888888889,2,529.73,"2"
14004,245.216666666667,7,4582.64,"4"
14005,206.088888888889,5,2874.72,"4"
14006,196.769444444444,3,962.19,"4"
14009,7.11597222222222,2,695.61,"2"
14012,0,1,328.8,"2"
14013,165.251388888889,3,473.02,"4"
14014,0,1,505.18,"2"
14015,0,1,917.34,"2"
14016,195.880555555556,4,4341.21,"4"
14019,91.7736111111111,3,1421.61,"2"
14020,71.7430555555556,2,642.8,"2"
14021,101.025,3,631.9,"2"
14022,0,1,440,"2"
14023,242.922222222222,2,584.07,"4"
14024,2.91597222222222,2,327.7,"2"
14027,0,1,104.82,"2"
14029,80.9090277777778,2,467.66,"2"
14030,348.025694444444,8,2358.84,"4"
14031,365.027083333333,19,17286.86,"1"
14032,364.1875,11,2975.59,"4"
14034,135.038888888889,3,648.89,"2"
14035,268.885416666667,5,1428.02,"4"
14036,0,1,626.65,"2"
14037,188.095833333333,2,147.2,"4"
14038,128.980555555556,3,1560.38,"2"
14039,0,1,152.2,"2"
14040,290.90625,12,3560.32,"4"
14041,0,1,141.41,"2"
14044,283.018055555556,4,646.42,"4"
14045,264.163194444444,4,1659.75,"4"
14046,0,1,154.99,"2"
14047,364.065277777778,5,1308.61,"4"
14048,0,1,409.93,"2"
14049,301.036805555556,4,5578.72,"4"
14050,74.8430555555556,2,746.36,"2"
14051,365.896527777778,23,15610.39,"1"
14052,0,1,225.36,"2"
14053,35.0875,2,260.25,"2"
14054,0,1,92.46,"2"
14055,0,1,725.64,"2"
14056,282.928472222222,23,8152.71,"1"
14057,336.93125,17,6211.66,"1"
14059,0,1,183.6,"2"
14060,368.0125,19,6140.42,"1"
14062,354.755555555556,12,10464.85,"4"
14064,245.010416666667,5,1334.34,"4"
14066,0,1,152.55,"2"
14067,32.93125,2,374.7,"2"
14068,0,1,265.85,"2"
14071,261.0375,8,1437.57,"4"
14073,0,1,151.04,"2"
14075,256.66875,3,942.26,"4"
14076,0,1,118.67,"2"
14077,233.863194444444,5,499.42,"4"
14078,271.973611111111,6,1049.37,"4"
14079,0,1,375.1,"2"
14080,0,1,45.6,"2"
14081,67.0208333333333,2,921.62,"2"
14082,0,1,182.25,"2"
14083,367.034722222222,9,1002.9,"4"
14085,366.046527777778,18,4421.29,"1"
14087,0,1,191.47,"2"
14088,312.13125,13,50491.81,"1"
14089,0,1,158.75,"2"
14090,0,1,76.32,"2"
14092,350.851388888889,14,4076.91,"4"
14093,0,1,433.86,"2"
14096,97.2694444444444,17,65164.79,"1"
14098,0,1,147.35,"2"
14099,338.110416666667,11,3104.17,"4"
14100,0,1,191.95,"2"
14101,252.971527777778,6,5976.79,"4"
14102,39.1194444444444,5,1105.88,"2"
14104,11.0006944444444,2,216.21,"2"
14105,0,1,1266.23,"2"
14107,312.946527777778,7,2703.23,"4"
14108,70.9645833333333,2,597.91,"2"
14109,0,1,144.2,"2"
14110,263.102083333333,12,5683.15,"4"
14111,227.088888888889,4,692.85,"4"
14112,253.043055555556,7,2915.15,"4"
14113,351.002777777778,4,1840.42,"4"
14114,56.9423611111111,2,386.53,"2"
14116,101.90625,5,1382.74,"2"
14117,0,1,90,"2"
14121,56.0694444444444,4,2780.15,"2"
14124,0,1,419.58,"2"
14125,67.8798611111111,3,2720.63,"2"
14126,2.975,3,706.13,"2"
14127,187.932638888889,3,709.71,"4"
14128,195.049305555556,2,637.5,"4"
14129,259.095833333333,5,1123.86,"4"
14130,0,1,480.91,"2"
14132,181.063194444444,11,3586.03,"4"
14133,186.004861111111,3,605.64,"4"
14135,371.049305555556,15,4690.31,"4"
14138,62.1291666666667,2,965.88,"2"
14139,0,1,415.82,"2"
14140,27.90625,2,935.05,"2"
14141,102.800694444444,4,915.13,"2"
14142,0,1,311.81,"2"
14143,0,1,115.8,"2"
14145,170.964583333333,4,3742.2,"4"
14146,348.768055555556,5,4191,"4"
14147,207.269444444444,2,483.4,"4"
14148,0,1,157.2,"2"
14149,0,1,446.62,"2"
14150,324.000694444444,2,658.64,"4"
14152,158.880555555556,2,621.29,"4"
14154,0.0194444444444444,2,1345.62,"2"
14155,0,1,118.75,"2"
14156,361.9625,55,117210.08,"3"
14157,265.936111111111,2,424.89,"4"
14158,0,1,507.66,"2"
14159,343.054861111111,11,4630.35,"4"
14161,153.932638888889,3,1097.62,"4"
14162,118.961111111111,2,289.36,"2"
14163,151.90625,4,2445.91,"4"
14164,10.0041666666667,2,1631.77,"2"
14165,0,1,120.44,"2"
14167,291.947916666667,4,562.59,"4"
14171,0,1,363.79,"2"
14173,208.910416666667,4,450.84,"4"
14174,0,1,134.46,"2"
14175,269.98125,3,3222.3,"4"
14176,70.0604166666667,4,576.9,"2"
14177,93.1673611111111,4,549.46,"2"
14178,173.965277777778,7,1600.26,"4"
14179,11.9215277777778,2,701.57,"2"
14180,361.908333333333,25,4748.52,"1"
14184,0,1,452.89,"2"
14185,0,1,197.65,"2"
14188,279.957638888889,6,2054.36,"4"
14189,366.175694444444,15,4654.08,"4"
14191,218.953472222222,13,4684.76,"4"
14193,201.913888888889,2,853.39,"4"
14194,303.824305555556,21,11349.52,"1"
14195,50.7354166666667,2,1012,"2"
14196,0,1,335.52,"2"
14198,221.070138888889,4,701.4,"4"
14199,0,1,185.4,"2"
14201,299.001388888889,7,747.44,"4"
14204,0,1,150.61,"2"
14205,247.825,2,466.7,"4"
14206,0,1,328.16,"2"
14208,0,1,151.74,"2"
14209,321.890277777778,6,2073.43,"4"
14210,265.995138888889,6,1905.84,"4"
14211,241.897916666667,9,2241.1,"4"
14212,0,1,1070.48,"2"
14214,246.920138888889,5,1004.38,"4"
14215,356.864583333333,6,1789.72,"4"
14216,34.1701388888889,4,1839.3,"2"
14217,364.934027777778,17,2004.98,"1"
14218,0,1,169.48,"2"
14219,0,1,89.94,"2"
14220,110.795138888889,2,632.4,"2"
14221,296.922916666667,9,3432.8,"4"
14222,0,1,683.17,"2"
14223,171.9,3,991.13,"4"
14224,209.976388888889,4,1009.73,"4"
14226,240.831944444444,5,2214.79,"4"
14227,258.139583333333,10,3350.96,"4"
14229,281.917361111111,3,1547.2,"4"
14231,104.965277777778,3,925.71,"2"
14232,221.934027777778,5,2048.07,"4"
14233,268.132638888889,4,1462.72,"4"
14234,35.1631944444444,4,754.12,"2"
14235,185.051388888889,5,3144.86,"4"
14236,291.6,2,490.86,"4"
14237,0,1,161,"2"
14238,0,1,146.85,"2"
14239,272.996527777778,11,2380.85,"4"
14240,195.086805555556,2,890.34,"4"
14241,0,1,213.7,"2"
14242,91.1201388888889,2,280.55,"2"
14243,357.109722222222,10,2588.77,"4"
14245,43.9159722222222,2,1693.45,"2"
14246,135.142361111111,3,1474.06,"2"
14247,0,1,136.77,"2"
14248,0,1,302.58,"2"
14250,82.0319444444444,3,1904.05,"2"
14251,55.8236111111111,5,2879.7,"2"
14256,104.064583333333,2,969.06,"2"
14257,254.253472222222,5,3099.72,"4"
14258,328.13125,9,12669.98,"4"
14259,0,1,120,"2"
14261,27.9701388888889,2,1163.45,"2"
14262,232.079166666667,8,2618.23,"4"
14264,90.9166666666667,2,333.97,"2"
14265,39.1819444444444,2,530.18,"2"
14267,97.9381944444444,3,1516.24,"2"
14270,0,1,492.65,"2"
14271,0,1,112.32,"2"
14272,180.840972222222,2,437.96,"4"
14273,190.997222222222,4,559.97,"4"
14276,191.004861111111,3,1119.74,"4"
14277,197.070138888889,3,4188,"4"
14280,0,1,134.04,"2"
14282,364.196527777778,15,3701.44,"4"
14284,55.7965277777778,2,595.25,"2"
14285,155.093055555556,4,1910.01,"4"
14286,219.095833333333,3,4628.75,"4"
14287,190.072222222222,3,176.63,"4"
14288,0,1,426.6,"2"
14289,280.965972222222,6,911.26,"4"
14290,350.151388888889,5,2314.65,"4"
14291,273.795833333333,11,3883.25,"4"
14292,275.141666666667,9,4871.93,"4"
14293,365.207638888889,4,1046.56,"4"
14295,0,1,166.2,"2"
14297,257.024305555556,4,1305.33,"4"
14298,352.009027777778,44,51527.3,"1"
14299,357.232638888889,9,3965.62,"4"
14300,0,1,43.2,"2"
14301,0,1,640.14,"2"
14304,0,1,383.45,"2"
14305,64.0520833333333,3,1858.96,"2"
14306,34.1194444444444,2,2093.32,"2"
14307,284.914583333333,6,2995.72,"4"
14309,350.019444444444,9,2352.53,"4"
14311,0,1,310.26,"2"
14312,290.715972222222,6,1611.59,"4"
14314,0,1,120,"2"
14315,221.963194444444,6,2481.13,"4"
14317,0,1,508.58,"2"
14320,126.008333333333,2,477.79,"2"
14321,322.925,5,1530.75,"4"
14323,123.995138888889,2,605.06,"2"
14326,0,1,183.85,"2"
14327,0,1,311.65,"2"
14329,312.088888888889,7,4975.24,"4"
14331,10.91875,2,462.66,"2"
14332,125.05625,3,840.21,"2"
14333,0,1,415.2,"2"
14334,341.683333333333,8,2552.21,"4"
14335,80.0236111111111,2,454.86,"2"
14336,259.786111111111,4,1614.91,"4"
14338,35.0263888888889,2,588.22,"2"
14339,0,1,309.52,"2"
14340,0,1,134.7,"2"
14341,273.078472222222,8,2166.98,"4"
14342,188.979861111111,4,668.56,"4"
14344,241.078472222222,8,889.93,"4"
14345,0,1,108.98,"2"
14346,176.829861111111,2,1021.58,"4"
14348,0,1,409.57,"2"
14349,0,1,133.5,"2"
14350,0,1,282.93,"2"
14351,0,1,51,"2"
14352,116.029861111111,4,1078.96,"2"
14353,0,1,90.6,"2"
14354,24.8305555555556,2,163.62,"2"
14355,0,1,174.4,"2"
14356,1.77430555555556,2,701.23,"2"
14357,0,1,225.12,"2"
14359,68.1763888888889,3,912.18,"2"
14360,62.8847222222222,4,2118.03,"2"
14362,0,1,151.5,"2"
14364,102.920138888889,8,3717.35,"2"
14367,267.963194444444,16,9227.82,"1"
14368,0,1,155,"2"
14371,0,1,100.5,"2"
14373,0,1,76.55,"2"
14375,0,1,235.56,"2"
14377,70.9958333333333,2,617.05,"2"
14379,251.069444444444,2,348.1,"4"
14381,0,1,202.68,"2"
14382,0,1,615.49,"2"
14383,125.232638888889,3,1247.69,"2"
14385,14.1534722222222,3,202.11,"2"
14386,0,1,142.4,"2"
14387,76.9277777777778,3,1727.6,"2"
14388,362.104166666667,8,3212.84,"4"
14389,125.134027777778,2,1043.46,"2"
14390,362.077777777778,9,4642.57,"4"
14393,0,1,67.95,"2"
14395,369.846527777778,9,3479.91,"4"
14396,306.034722222222,2,487.99,"4"
14397,210.872916666667,19,2612.96,"1"
14400,0,1,574.7,"2"
14401,355.182638888889,13,4051.48,"4"
14403,116.940277777778,4,1475.81,"2"
14404,335.854166666667,6,1449.32,"4"
14406,0,1,156.75,"2"
14407,169.085416666667,6,2157.73,"4"
14408,253.875,7,2599.03,"4"
14409,297.135416666667,6,2059.45,"4"
14410,213.230555555556,9,1100.27,"4"
14411,0,1,1063,"2"
14412,30.08125,2,770.03,"2"
14413,0,1,121.05,"2"
14414,267.040277777778,7,1496.98,"4"
14415,359.046527777778,13,5855.57,"4"
14416,20.0083333333333,2,490.22,"2"
14418,104.764583333333,3,1937.25,"2"
14419,354.018055555556,6,1051.79,"4"
14420,0,1,387.52,"2"
14421,154.107638888889,2,813.11,"4"
14422,266.75,6,4263.64,"4"
14423,0,1,265.2,"2"
14424,0,1,322.08,"2"
14426,289.106944444444,10,4481.67,"4"
14427,13.2173611111111,2,363.34,"2"
14428,317.859722222222,5,1224.06,"4"
14431,0,1,470.36,"2"
14432,79.7465277777778,6,2248.5,"2"
14434,50.7256944444444,6,1372.8,"2"
14436,0,1,89.06,"2"
14437,0,1,63,"2"
14438,0,1,131.9,"2"
14439,0,1,2661.24,"2"
14440,357.120138888889,5,2357.68,"4"
14441,254.879166666667,4,1712.89,"4"
14442,112.085416666667,2,1589.82,"2"
14443,314.963194444444,4,1420.2,"4"
14446,245.975,4,1010.35,"4"
14447,261.902083333333,5,1163.23,"4"
14448,354.85,2,375.35,"4"
14449,353.914583333333,4,885.8,"4"
14450,139.953472222222,3,483.25,"2"
14451,134.04375,2,643.9,"2"
14452,83.0236111111111,2,259.05,"2"
14453,0,1,119.93,"2"
14456,137.036805555556,9,3017.28,"4"
14457,0,1,113.64,"2"
14459,0,1,1837.92,"2"
14460,200.1,3,434.34,"4"
14461,113.205555555556,3,2103.06,"2"
14462,273.131944444444,11,1980.57,"4"
14463,107.026388888889,3,529.62,"2"
14465,56.0173611111111,3,1038.44,"2"
14466,343.021527777778,7,2272.4,"4"
14467,295.009027777778,4,596.26,"4"
14470,275.940972222222,2,461.19,"4"
14472,251.873611111111,8,1852.67,"4"
14473,208.051388888889,2,234.34,"4"
14474,0,1,547.66,"2"
14475,233.023611111111,3,925.85,"4"
14476,0,1,193,"2"
14477,277.810416666667,4,1309.6,"4"
14479,111.838888888889,2,316.25,"2"
14480,0,1,279.05,"2"
14481,122.864583333333,2,636.51,"2"
14482,220.85625,6,2022.81,"4"
14483,0,1,137.1,"2"
14484,0,1,321.92,"2"
14485,0,1,162.8,"2"
14487,341.954861111111,6,1165.48,"4"
14488,0,1,1064.28,"2"
14489,0,1,463.38,"2"
14491,197.133333333333,2,340.93,"4"
14493,147.96875,5,2383.24,"4"
14494,0,1,139.56,"2"
14495,70.9270833333333,2,123.8,"2"
14496,61.7263888888889,2,538.81,"2"
14497,0,1,475.37,"2"
14498,319.027777777778,5,1957.32,"4"
14499,252.045833333333,3,808.44,"4"
14500,101.275694444444,3,356.85,"2"
14501,136.054861111111,2,251.21,"2"
14502,293.831944444444,11,2429.83,"4"
14503,175.145833333333,6,3543.26,"4"
14504,231.056944444444,4,673.26,"4"
14505,344.979861111111,8,5859.43,"4"
14506,351.942361111111,5,1960.65,"4"
14507,252.790277777778,6,1367.88,"4"
14508,67.3465277777778,2,268.05,"2"
14511,122.202777777778,5,1314.81,"2"
14512,44.7319444444444,2,275.28,"2"
14513,188.075694444444,3,455.59,"4"
14514,270.029861111111,3,990.2,"4"
14515,200.975,6,2076.89,"4"
14517,108.109722222222,2,330.45,"2"
14518,0,1,174.37,"2"
14520,289.021527777778,2,270.6,"4"
14522,173.890972222222,4,974.54,"4"
14523,0,1,241.09,"2"
14524,329.061111111111,9,1843.83,"4"
14525,341.747916666667,9,4215.9,"4"
14527,366.959722222222,55,8507.13,"1"
14528,0,1,364.22,"2"
14529,50.0534722222222,3,578.61,"2"
14530,270.99375,6,2862.11,"4"
14532,115.970138888889,4,932.85,"2"
14533,328.040277777778,7,1949.72,"4"
14534,315.990277777778,18,4397.3,"1"
14535,188.117361111111,3,2854.84,"4"
14536,0,1,170.95,"2"
14537,0,1,355.56,"2"
14538,191.815277777778,2,388.25,"4"
14539,28.9076388888889,2,537.48,"2"
14540,299.800694444444,3,952.66,"4"
14541,260.827777777778,8,1453.35,"4"
14542,0,1,103.25,"2"
14543,336.0375,16,3599.73,"4"
14544,337.094444444444,2,2004.3,"4"
14546,243.015972222222,5,2573.93,"4"
14547,50.8548611111111,8,3974.75,"2"
14548,167.153472222222,2,652.8,"4"
14549,0,1,289.24,"2"
14550,33.9986111111111,2,757.37,"2"
14551,185.802083333333,2,186.23,"4"
14552,0,1,164.22,"2"
14553,319.902777777778,5,859.27,"4"
14554,42.1527777777778,4,2279.49,"2"
14555,244.961805555556,2,312.54,"4"
14557,0,1,788.38,"2"
14560,350.25,22,2237.77,"1"
14561,108.967361111111,3,1080.76,"2"
14562,300.847222222222,18,5006.77,"1"
14565,265.820833333333,4,3099.12,"4"
14566,0,1,1432,"2"
14567,73.85625,2,1530.36,"2"
14569,0,1,227.39,"2"
14570,0.0131944444444444,2,218.06,"2"
14572,320.886805555556,7,2804.54,"4"
14573,192.636111111111,9,1639.82,"4"
14576,0,1,35.4,"2"
14577,350.05625,4,859.71,"4"
14578,0,1,168.63,"2"
14581,0,1,138.6,"2"
14582,0,1,114.11,"2"
14583,200.044444444444,5,986.96,"4"
14584,29.0430555555556,4,1033.06,"2"
14585,0,1,157.05,"2"
14586,0,1,237.36,"2"
14587,312.929166666667,9,1580.29,"4"
14589,0,1,39.75,"2"
14591,197.991666666667,4,1320.21,"4"
14592,28.9354166666667,3,557.94,"2"
14593,177.065277777778,3,617.15,"4"
14594,365.981944444444,2,363.33,"4"
14595,293.941666666667,6,1740.6,"4"
14597,180.027777777778,2,866.24,"4"
14598,0,1,221.97,"2"
14600,0,1,393.33,"2"
14601,0,1,213.96,"2"
14603,0,1,660,"2"
14606,372.104861111111,93,12076.15,"1"
14607,245.800694444444,14,16209.5,"1"
14608,358.085416666667,4,1785.15,"4"
14609,224.030555555556,4,601.56,"4"
14616,74.8833333333333,3,406.08,"2"
14618,328.073611111111,3,553.44,"4"
14619,0,1,394.44,"2"
14620,78.1444444444444,2,412.78,"2"
14621,357.140277777778,5,1788.36,"4"
14622,0,1,320.58,"2"
14623,203.001388888889,5,886.7,"4"
14624,1.96180555555556,2,225.85,"2"
14625,164.997222222222,2,899.63,"4"
14626,209.888194444444,4,2791.27,"4"
14628,151.010416666667,2,671.96,"2"
14629,43.0291666666667,2,955.26,"2"
14631,248.073611111111,3,1006.98,"4"
14632,0,1,114.56,"2"
14633,0,1,344.9,"2"
14636,232.263888888889,2,609.85,"4"
14638,0,1,443.6,"2"
14639,309.052777777778,6,2984.49,"4"
14640,203.025,6,2107.38,"4"
14641,0,1,110.46,"2"
14642,0,1,96.12,"2"
14643,187.866666666667,2,693.81,"4"
14644,230.761111111111,2,830.76,"4"
14645,118.974305555556,2,597.09,"2"
14646,353.085416666667,73,280206.02,"3"
14647,0,1,236.04,"2"
14649,207.911805555556,4,1402.59,"4"
14651,143.974305555556,2,653.75,"2"
14652,0,1,114.18,"2"
14653,337.003472222222,7,1926.65,"4"
14655,214.061805555556,4,1932.23,"4"
14656,114.022222222222,2,291.05,"2"
14657,308.894444444444,4,848.22,"4"
14658,111.995138888889,2,247.15,"2"
14659,306.981944444444,9,2529.93,"4"
14660,14.0375,2,285.74,"2"
14661,0,1,107.95,"2"
14662,287.772222222222,4,741.37,"4"
14664,13.8354166666667,2,636.24,"2"
14665,250.004166666667,5,1835.7,"4"
14666,0,1,195.25,"2"
14667,357.928472222222,25,9175.04,"1"
14669,90.9673611111111,3,1259.24,"2"
14670,0.0104166666666667,2,392.86,"2"
14672,101.771527777778,2,765.55,"2"
14673,364.070833333333,5,1736.4,"4"
14675,0,1,596.36,"2"
14676,251.960416666667,6,2548.24,"4"
14680,346.204166666667,16,28754.11,"1"
14681,140.213194444444,3,498.95,"2"
14682,13.9729166666667,2,52,"2"
14684,336.950694444444,5,1201.51,"4"
14687,0,1,628.38,"2"
14688,366.117361111111,21,5579.1,"1"
14689,0,1,112.8,"2"
14690,107.153472222222,2,355.05,"2"
14691,182.107638888889,5,2114.33,"4"
14692,185.05625,4,591.55,"4"
14693,0,1,172.9,"2"
14696,368.920833333333,7,2078.95,"4"
14697,0.00694444444444444,2,188.61,"2"
14698,49.9805555555556,5,1217.27,"2"
14699,0,1,109.13,"2"
14700,206.058333333333,3,2195.1,"4"
14701,305.998611111111,9,2526.09,"4"
14702,364.004166666667,17,3251.79,"1"
14703,0,1,318.17,"2"
14704,168.952777777778,9,1493.96,"4"
14705,0,1,179,"2"
14708,365.831944444444,3,1126.37,"4"
14709,343.081944444444,13,4921.04,"4"
14710,45.0444444444444,4,599.48,"2"
14711,252.059722222222,11,2839.62,"4"
14712,82.9763888888889,3,917.07,"2"
14713,355.894444444444,11,2662.2,"4"
14714,0,1,160.19,"2"
14715,306.946527777778,4,867.38,"4"
14716,105.199305555556,2,307.51,"2"
14719,247.934722222222,5,1581.84,"4"
14720,120.997222222222,3,663.81,"2"
14722,0,1,180.42,"2"
14723,361.045138888889,6,1122.36,"4"
14725,0,1,655.58,"2"
14727,0,1,268.58,"2"
14729,0,1,313.49,"2"
14730,275.076388888889,8,1897.57,"4"
14731,165.116666666667,3,380.02,"4"
14732,330.995833333333,8,2702.49,"4"
14733,351.172916666667,12,9585.91,"4"
14735,354.836111111111,32,6065.69,"1"
14737,349.852083333333,3,1164.55,"4"
14738,273.781944444444,7,1314.45,"4"
14739,363.080555555556,7,3902.28,"4"
14740,86.4041666666667,3,1448.21,"2"
14741,361.003472222222,6,1400.34,"4"
14744,350.104166666667,7,1099.98,"4"
14745,172.777777777778,5,1220.26,"4"
14747,0,1,328.2,"2"
14748,339.343055555556,5,1415.75,"4"
14752,0,1,389.64,"2"
14753,0,1,563.15,"2"
14754,250.986111111111,2,638.05,"4"
14755,324.890277777778,11,5010.28,"4"
14756,0,1,738.96,"2"
14757,0,1,420.5,"2"
14758,114.840972222222,4,1484.06,"2"
14759,228.047222222222,3,1625.97,"4"
14760,0,1,89.2,"2"
14761,276.004861111111,2,255.9,"4"
14762,0,1,300.52,"2"
14764,0,1,278.3,"2"
14765,147.002777777778,3,254.11,"2"
14766,358.022222222222,6,2473.37,"4"
14768,109.978472222222,2,192.6,"2"
14769,354.947222222222,8,10416.98,"4"
14770,90.9729166666667,2,876.42,"2"
14772,0,1,139.26,"2"
14775,313.950694444444,3,1011.9,"4"
14776,261.095138888889,11,2538.3,"4"
14778,181.152777777778,2,730.86,"4"
14779,43.0263888888889,3,386.15,"2"
14780,24.8965277777778,2,447.68,"2"
14782,0,1,200.1,"2"
14784,297.170138888889,2,289.99,"4"
14785,4.98680555555556,2,77.4,"2"
14788,19.0513888888889,2,679.44,"2"
14789,0,1,197.64,"2"
14790,236.902083333333,4,745.06,"4"
14792,0,1,6.2,"2"
14793,0,1,228.99,"2"
14794,331.75,7,1319.91,"4"
14795,0,1,131.45,"2"
14796,365.202083333333,17,7975.49,"1"
14798,257.813888888889,3,173.74,"4"
14799,0,1,157.7,"2"
14800,322.066666666667,12,4331.79,"4"
14801,0,1,189.34,"2"
14803,130.025694444444,3,845.55,"2"
14804,0,1,353.27,"2"
14805,298.234027777778,4,546.4,"4"
14806,0,1,193.39,"2"
14808,132.977777777778,8,2718.6,"4"
14810,328.965972222222,11,2085.33,"4"
14813,0.00208333333333333,2,152.88,"2"
14815,31,2,778.5,"2"
14816,0,1,271.85,"2"
14817,76.9888888888889,2,1110.34,"2"
14818,179.939583333333,3,657.8,"4"
14819,127.99375,2,272.07,"2"
14820,152.03125,4,507.29,"4"
14821,0,1,48.8,"2"
14823,14.0166666666667,3,321.43,"2"
14824,81.0055555555556,4,1127.71,"2"
14825,364.963888888889,12,2221.01,"4"
14828,140.018055555556,3,2139.76,"2"
14829,343.002777777778,4,697.55,"4"
14830,0,1,188.88,"2"
14834,222.8125,6,1720.3,"4"
14836,20.1381944444444,3,102.45,"2"
14837,111.922916666667,4,1649.5,"2"
14840,0,1,62.85,"2"
14841,305.190972222222,6,3295.76,"4"
14842,264.878472222222,4,2824.69,"4"
14844,177.896527777778,4,3189.81,"4"
14847,0,1,309.4,"2"
14849,351.941666666667,25,7930.54,"1"
14850,0,1,325.75,"2"
14851,232.972916666667,2,511.35,"4"
14852,193.998611111111,6,2836.69,"4"
14853,187.06875,2,475.8,"4"
14854,196.193055555556,7,2740.03,"4"
14855,15.0805555555556,2,645.65,"2"
14856,20.2208333333333,3,1290.53,"2"
14857,88.7638888888889,2,1173.12,"2"
14859,191.858333333333,4,1353.74,"4"
14860,0,1,170.32,"2"
14861,0,1,125.79,"2"
14862,122.945138888889,2,841.2,"2"
14863,0,1,266.76,"2"
14865,364.918055555556,2,52.2,"4"
14866,355.865972222222,12,14389.9,"1"
14867,150.795138888889,3,710.28,"4"
14868,230.050694444444,8,2953.59,"4"
14869,94.8520833333333,2,721.45,"2"
14870,0,1,327.25,"2"
14871,357.058333333333,4,501.28,"4"
14873,0,1,519.68,"2"
14875,155.01875,2,1465.32,"4"
14878,345.961111111111,9,1476.09,"4"
14880,211.052083333333,3,690.59,"4"
14881,0,1,255.4,"2"
14882,7.10555555555556,2,589.7,"2"
14883,193.023611111111,6,761.59,"4"
14885,0,1,765.32,"2"
14886,0,1,364.8,"2"
14887,0,1,1862,"2"
14888,0,1,369.2,"2"
14889,0,1,135.9,"2"
14890,0,1,125.65,"2"
14891,39.2986111111111,2,554.38,"2"
14893,2.07083333333333,2,1237.85,"2"
14894,0,1,655.75,"2"
14895,282.84375,20,11138.71,"1"
14896,160.913888888889,2,468.77,"4"
14897,289.079861111111,4,1366.38,"4"
14898,347.978472222222,6,1269.31,"4"
14901,361.242361111111,9,1421.29,"4"
14902,0,1,332.66,"2"
14903,257.178472222222,5,2795.33,"4"
14904,23.1541666666667,2,1025.44,"2"
14905,76.0784722222222,2,616.15,"2"
14907,364.166666666667,7,3501.1,"4"
14908,0,1,277.8,"2"
14910,51.9583333333333,4,434.35,"2"
14911,372.075694444444,201,143711.17,"3"
14912,229.926388888889,2,867.85,"4"
14913,323.745833333333,4,1227.43,"4"
14915,186.163194444444,2,307.48,"4"
14916,253.743055555556,4,1268.98,"4"
14918,38.9583333333333,2,1610.15,"2"
14920,0.000694444444444444,2,977.77,"2"
14921,171.018055555556,2,1316.07,"4"
14923,0,1,749.1,"2"
14924,0,1,310.05,"2"
14929,0,1,223.88,"2"
14930,165.825694444444,3,2362.96,"4"
14931,236.032638888889,5,1257.68,"4"
14932,0,1,363.53,"2"
14934,200.931944444444,2,1890.94,"4"
14935,0,1,1784.71,"2"
14936,241.942361111111,8,8137.02,"4"
14937,73.9256944444444,3,1621.88,"2"
14944,266.849305555556,12,5900.25,"4"
14946,0,1,100.9,"2"
14947,58.2618055555556,2,290.82,"2"
14948,196.1,6,1101.97,"4"
14950,0,1,371.2,"2"
14951,0,1,311.69,"2"
14952,304.90625,11,8099.49,"4"
14953,0,1,285.67,"2"
14954,0,1,294.85,"2"
14957,0,1,58.49,"2"
14958,98.1194444444444,3,483.73,"2"
14959,232.224305555556,4,695.42,"4"
14960,162.969444444444,2,221.27,"4"
14961,349.919444444444,9,7044.68,"4"
14962,0,1,126.7,"2"
14963,173.990277777778,5,1472.34,"4"
14964,0,1,206.21,"2"
14965,0.00347222222222222,2,596.09,"2"
14966,0,1,183.02,"2"
14967,0,1,463.8,"2"
14968,0,1,147.59,"2"
14970,248.05625,4,1592.06,"4"
14971,8.14861111111111,3,1097.98,"2"
14972,0,1,114.77,"2"
14973,118.145138888889,3,1314.45,"2"
14974,0,1,89.94,"2"
14975,0,1,279.94,"2"
14976,269.227777777778,7,790.86,"4"
14978,258.044444444444,5,1921.37,"4"
14981,0,1,102.12,"2"
14984,161.141666666667,2,202.37,"4"
14985,159.776388888889,2,292.01,"4"
14987,349.906944444444,2,326.4,"4"
14988,0,1,334.54,"2"
14995,241.934027777778,2,231.98,"4"
14997,131.858333333333,3,546.2,"2"
14998,71.0430555555556,2,414.87,"2"
15000,0,1,490.52,"2"
15002,251.894444444444,4,1641.76,"4"
15004,0,1,1220.77,"2"
15005,350.909027777778,28,6295.37,"1"
15006,0,1,480.38,"2"
15007,0,1,156.91,"2"
15009,12.8298611111111,3,1259.43,"2"
15010,0,1,308.94,"2"
15012,319.98125,2,405.04,"4"
15014,133.01875,2,257.67,"2"
15016,0,1,170.04,"2"
15017,0,1,125.58,"2"
15018,329.083333333333,3,496.21,"4"
15019,0,1,252.81,"2"
15021,357.983333333333,9,1871.77,"4"
15022,35.8666666666667,4,852.39,"2"
15023,366.148611111111,11,6720.41,"4"
15024,357.948611111111,10,1636.43,"4"
15025,0,1,361.96,"2"
15026,197.004861111111,3,469,"4"
15027,207.834722222222,4,1066.15,"4"
15028,360.054861111111,4,627.13,"4"
15030,196.802777777778,2,518.28,"4"
15031,277.98125,4,653.19,"4"
15032,110.0875,3,4959.1,"2"
15033,324.966666666667,10,2557.18,"4"
15034,338.1,8,4274.16,"4"
15035,0,1,252.73,"2"
15036,107.140972222222,3,429.56,"2"
15038,311.027083333333,6,685.74,"4"
15039,359.003472222222,47,19766.59,"1"
15041,0,1,179.93,"2"
15042,0,1,135.93,"2"
15043,0,1,537,"2"
15044,342.953472222222,17,7634.73,"1"
15045,105.992361111111,2,735.66,"2"
15046,329.013888888889,15,5090.42,"4"
15047,0,1,343.62,"2"
15048,303.111111111111,4,381,"4"
15049,0,1,121.17,"2"
15050,46.1215277777778,3,1737.69,"2"
15051,127.00625,3,1383.36,"2"
15052,0,1,207.73,"2"
15053,277.001388888889,3,693.95,"4"
15054,28.0201388888889,2,302.1,"2"
15057,40.2555555555556,2,1489.5,"2"
15058,286.973611111111,11,2102.54,"4"
15059,293.986805555556,9,1337.72,"4"
15060,0.988888888888889,4,294.25,"2"
15061,368.865972222222,48,54534.14,"1"
15062,288.051388888889,4,987.86,"4"
15063,0,1,370.8,"2"
15065,253.86875,4,3158.13,"4"
15066,0,1,893.59,"2"
15067,204.048611111111,3,1744.76,"4"
15068,210.013888888889,2,553.36,"4"
15069,0,1,1109.53,"2"
15070,0,1,106.2,"2"
15071,182.058333333333,2,982.07,"4"
15073,177.03125,3,1043.41,"4"
15074,0,1,735.67,"2"
15075,0,1,773.03,"2"
15076,0,1,880.85,"2"
15078,361.127083333333,32,9743.11,"1"
15079,153.138888888889,4,895.61,"4"
15081,345.033333333333,5,504.8,"4"
15083,0,1,88.2,"2"
15087,0,1,306.94,"2"
15088,45.9645833333333,2,1160.07,"2"
15089,118.095138888889,6,2420.84,"2"
15090,0,1,381.32,"2"
15091,0,1,480.71,"2"
15092,68.0736111111111,2,457.81,"2"
15093,353.780555555556,6,4597.02,"4"
15095,99.8986111111111,4,1370.6,"2"
15096,0,1,219.39,"2"
15097,0,1,248.08,"2"
15098,0.00763888888888889,3,39916.5,"2"
15099,0,1,410.48,"2"
15100,40.0597222222222,3,876,"2"
15101,350.891666666667,2,317.53,"4"
15103,55.0409722222222,2,703.36,"2"
15104,85.9256944444444,2,993.54,"2"
15105,116.28125,7,2298.93,"2"
15106,251.85,5,1422.52,"4"
15107,61.0423611111111,6,319.5,"2"
15108,85.9791666666667,4,1300.25,"2"
15109,0,1,484.95,"2"
15110,294.982638888889,4,996.1,"4"
15111,343.217361111111,3,1567.48,"4"
15113,44.7055555555556,3,3509.43,"2"
15114,271.263888888889,10,2760.56,"4"
15115,0,1,340.11,"2"
15116,187.149305555556,4,1352.75,"4"
15117,200.815277777778,5,1551.78,"4"
15118,0,1,244.8,"2"
15119,0,1,266.4,"2"
15120,0,1,358.82,"2"
15121,238.090277777778,2,457.72,"4"
15122,183.284027777778,3,1633.78,"4"
15123,198.927083333333,2,2199.31,"4"
15124,169.04375,2,184.19,"4"
15125,245.165277777778,15,11528.48,"1"
15127,0,1,406.53,"2"
15128,159.056944444444,4,1471,"4"
15129,241.229861111111,11,3447.4,"4"
15130,0,1,330.11,"2"
15132,244.213888888889,5,977.93,"4"
15133,174.004166666667,3,982.42,"4"
15134,225.909722222222,8,1387.99,"4"
15135,0,1,139.05,"2"
15136,93.8479166666667,4,1286.7,"2"
15139,96.9548611111111,2,178.96,"2"
15140,211.979166666667,7,2354.25,"4"
15142,0,1,498.74,"2"
15143,0,1,259.45,"2"
15144,304.079861111111,17,6580.44,"1"
15145,244.084027777778,4,1194.73,"4"
15146,126.959722222222,2,1327.16,"2"
15147,0,1,623.5,"2"
15148,0,1,301.29,"2"
15149,0,1,520.8,"2"
15150,251.938194444444,10,5291.33,"4"
15152,177.872222222222,13,4745.69,"4"
15153,0,1,329.25,"2"
15154,0,1,254.28,"2"
15156,32.2368055555556,3,961.49,"2"
15157,354.905555555556,3,1936.07,"4"
15158,0,1,401.4,"2"
15159,359.847916666667,30,18641.01,"1"
15160,0,1,158.16,"2"
15163,173.908333333333,2,304.47,"4"
15164,270.905555555556,3,824.58,"4"
15165,0,1,487.75,"2"
15167,0,1,158.8,"2"
15168,0,1,106.56,"2"
15171,0,1,1289.5,"2"
15172,227.996527777778,5,1624.05,"4"
15174,0,1,135.75,"2"
15175,0,1,224.14,"2"
15178,0,1,40.5,"2"
15179,300.961805555556,5,2206.95,"4"
15180,0,1,87.5,"2"
15181,203.079861111111,3,689.48,"4"
15182,114.038194444444,2,622.85,"2"
15184,161.065972222222,2,402.2,"4"
15185,0,1,310.62,"2"
15186,154.002777777778,2,411.41,"4"
15187,210.921527777778,16,4777.18,"4"
15189,331.036805555556,41,16225.39,"1"
15192,245.864583333333,3,1044.32,"4"
15193,0,1,499.32,"2"
15194,365.006944444444,15,7616.53,"1"
15195,0,1,3861,"2"
15197,347.665972222222,3,1079.61,"4"
15198,31.9763888888889,2,193.64,"2"
15199,249.047222222222,4,1268.7,"4"
15201,160.035416666667,5,1236.54,"4"
15203,285.824305555556,6,1827.8,"4"
15204,0,1,316.58,"2"
15205,42.1451388888889,2,653.24,"2"
15206,265.195833333333,4,420.3,"4"
15208,352.18125,5,870.12,"4"
15210,0,1,331.18,"2"
15211,304.890972222222,2,894.41,"4"
15212,0,1,101.8,"2"
15213,11.0527777777778,2,328.35,"2"
15214,241.097916666667,8,1661.44,"4"
15215,49.9701388888889,3,734.94,"2"
15216,0,1,96.6,"2"
15218,308.019444444444,11,5756.89,"4"
15219,0,1,305.75,"2"
15220,229.09375,6,1778.96,"4"
15221,0,1,403.25,"2"
15222,0,1,585,"2"
15223,23.9680555555556,2,755.75,"2"
15224,4.10277777777778,2,322.08,"2"
15225,0,1,409.4,"2"
15226,0,1,154.41,"2"
15227,280.852777777778,5,1219.4,"4"
15228,228.202777777778,4,3386.71,"4"
15230,1.14930555555556,2,429.6,"2"
15232,27.1708333333333,2,612.06,"2"
15234,0,1,197,"2"
15235,155.681944444444,12,2247.51,"4"
15236,0,1,321.05,"2"
15237,225.779166666667,4,1412.32,"4"
15238,154.936111111111,3,1071.99,"4"
15239,68.18125,2,780.59,"2"
15240,267.060416666667,5,1706.57,"4"
15241,216.91875,8,1756.44,"4"
15243,0,1,316.68,"2"
15244,182.921527777778,2,631.57,"4"
15245,127.218055555556,3,2515.84,"2"
15246,120.207638888889,2,514.15,"2"
15247,0,1,356,"2"
15249,224.955555555556,13,6688.46,"4"
15251,232.183333333333,11,10484.99,"4"
15252,146.96875,2,740.78,"2"
15253,153.16875,5,918.2,"4"
15254,0,1,300.36,"2"
15255,0,1,890.85,"2"
15256,0,1,98.45,"2"
15257,0,1,317.15,"2"
15258,48.9263888888889,2,623.16,"2"
15260,272.073611111111,7,1810.77,"4"
15261,0,1,254.82,"2"
15262,0,1,178.95,"2"
15263,0,1,156.51,"2"
15264,0,1,393.74,"2"
15265,84.1041666666667,2,1506.12,"2"
15266,0,1,119.3,"2"
15267,160.232638888889,5,1717.36,"4"
15269,0,1,408.8,"2"
15270,294.832638888889,7,2379.49,"4"
15271,358.016666666667,15,2493.34,"4"
15272,28.8493055555556,2,721.94,"2"
15274,14.1111111111111,2,716.57,"2"
15275,0,1,615.14,"2"
15276,0,1,128.63,"2"
15277,0,1,255.9,"2"
15279,0,1,290.51,"2"
15280,0,1,113.12,"2"
15281,274.721527777778,9,2332.15,"4"
15286,0,1,240.55,"2"
15287,48.1277777777778,2,486.69,"2"
15288,322.124305555556,5,2306.52,"4"
15289,220.045138888889,3,939.78,"4"
15290,354.816666666667,18,7943.22,"1"
15291,348.0625,15,4668.3,"4"
15292,0,1,178.39,"2"
15296,275.993055555556,6,3672.86,"4"
15297,53.2847222222222,3,641.94,"2"
15298,364.140277777778,12,4799.9,"4"
15299,304.896527777778,7,4507.01,"4"
15300,0,1,496.44,"2"
15301,317.9,12,5049.95,"4"
15303,0,1,574.02,"2"
15304,307.945138888889,8,694.4,"4"
15306,83.8986111111111,3,1174.35,"2"
15307,0,1,205.3,"2"
15308,0,1,310.47,"2"
15311,373.096527777778,91,60632.75,"3"
15312,279.013194444444,4,924.85,"4"
15313,0,1,52,"2"
15314,0,1,327.97,"2"
15315,51.8986111111111,2,570.5,"2"
15316,0,1,165,"2"
15318,0,1,312.62,"2"
15319,0,1,204.5,"2"
15320,0,1,267.13,"2"
15321,220.9375,3,2748.31,"4"
15322,0,1,679.68,"2"
15325,0,1,161.74,"2"
15326,0,1,311.71,"2"
15327,0,1,208.75,"2"
15329,132.207638888889,3,1049.7,"2"
15330,28.2222222222222,2,714.96,"2"
15332,3.11319444444444,4,1661.06,"2"
15333,0,1,1028.56,"2"
15334,16.8965277777778,3,350.82,"2"
15335,0,1,170.22,"2"
15339,251.983333333333,2,574.07,"4"
15341,0,1,2020.52,"2"
15342,0,1,406.09,"2"
15343,0,1,364.5,"2"
15344,73.83125,3,563.94,"2"
15345,0,1,393.54,"2"
15346,0,1,252.42,"2"
15347,0,1,201.6,"2"
15348,0,1,158.04,"2"
15349,29.0138888888889,2,463.91,"2"
15350,0,1,115.65,"2"
15351,357.04375,7,1934.66,"4"
15353,113.018055555556,2,770.12,"2"
15355,23.9319444444444,2,277.05,"2"
15356,336.9625,10,2718.03,"4"
15358,360.958333333333,22,8347.2,"1"
15360,0,1,427.93,"2"
15361,0,1,418.92,"2"
15363,0,1,326,"2"
15364,158.838194444444,2,913.19,"4"
15365,289.80625,7,2314.32,"4"
15366,282.959722222222,2,602.51,"4"
15367,218.013888888889,4,1877.59,"4"
15368,0,1,446.94,"2"
15370,291.976388888889,7,2386.05,"4"
15372,0,1,2007.4,"2"
15373,363.017361111111,12,2415.91,"4"
15374,0,1,168,"2"
15376,182.054861111111,3,1221.56,"4"
15379,189.007638888889,7,3703.29,"4"
15380,356.883333333333,5,1690.26,"4"
15381,54.9243055555556,2,596.85,"2"
15382,280.95625,6,5955.71,"4"
15384,189.974305555556,2,642.41,"4"
15385,0,1,316.88,"2"
15386,0,1,394.14,"2"
15388,0,1,140.54,"2"
15389,0,1,500,"2"
15392,355.799305555556,4,1535.53,"4"
15393,264.993055555556,2,231.86,"4"
15394,348.960416666667,4,2183.54,"4"
15395,0,1,107.45,"2"
15396,0,1,288.18,"2"
15397,0,1,94,"2"
15398,62.0770833333333,2,1345.53,"2"
15399,77.8798611111111,3,815.77,"2"
15400,186.104166666667,5,716.2,"4"
15402,47.9479166666667,2,626.77,"2"
15405,0,1,349.1,"2"
15406,269.877083333333,2,510.71,"4"
15407,271.942361111111,4,1046.74,"4"
15408,0,1,267.18,"2"
15410,177.188888888889,8,3450.84,"4"
15411,156.117361111111,4,1348.93,"4"
15412,0,1,190.53,"2"
15414,232.836805555556,3,774.9,"4"
15415,0,1,559.61,"2"
15416,218.039583333333,4,3984.32,"4"
15417,0,1,508.8,"2"
15419,0,1,135.86,"2"
15421,251.780555555556,4,950.36,"4"
15422,0.0833333333333333,2,97.7,"2"
15423,0,1,43.5,"2"
15424,0.00138888888888889,2,383.34,"2"
15426,350.070138888889,5,1404.07,"4"
15427,13.9875,3,1430.54,"2"
15428,0,1,93.78,"2"
15429,48.9486111111111,2,397.35,"2"
15432,0,1,171.19,"2"
15433,53.85625,2,533.3,"2"
15434,191.96875,5,1041.48,"4"
15435,0,1,149.29,"2"
15436,221.967361111111,3,1067.75,"4"
15437,0,1,200.16,"2"
15438,0,1,156.58,"2"
15440,154.031944444444,3,383.68,"4"
15442,0,1,594,"2"
15443,318.885416666667,7,3213.59,"4"
15444,31.0590277777778,2,1411.21,"2"
15445,0,1,113.5,"2"
15447,0,1,155.17,"2"
15448,0,1,494.64,"2"
15449,235.179861111111,3,974.52,"4"
15450,0,1,429.84,"2"
15452,234.869444444444,3,528.48,"4"
15453,185.931944444444,7,1371.77,"4"
15454,0,1,179.1,"2"
15456,75.9284722222222,3,434.59,"2"
15457,0,1,237.07,"2"
15458,0,1,161.64,"2"
15460,0,1,214.26,"2"
15462,92.8993055555556,3,234.6,"2"
15463,0,1,126.14,"2"
15464,0,1,1044.65,"2"
15465,349.999305555556,18,7354.62,"1"
15466,0,1,334.53,"2"
15467,142.982638888889,3,524.88,"2"
15468,0.00763888888888889,2,467.51,"2"
15469,69.9770833333333,2,538.55,"2"
15471,0,1,454.48,"2"
15472,0,1,371.56,"2"
15473,46.16875,7,1771.2,"2"
15475,0,1,454.11,"2"
15478,16.1319444444444,2,1399.92,"2"
15480,0,1,905.5,"2"
15482,343.026388888889,12,10879.76,"4"
15483,105.028472222222,4,225.26,"2"
15484,77.0638888888889,4,3590.41,"2"
15485,343.047222222222,3,2564.5,"4"
15488,0,1,91.32,"2"
15489,188.832638888889,3,1134.28,"4"
15491,140.244444444444,6,3100.09,"4"
15492,46.0354166666667,2,659.46,"2"
15493,238.013888888889,5,1953.41,"4"
15494,99.9736111111111,2,1280.58,"2"
15497,302.076388888889,2,1262.2,"4"
15498,364.013194444444,27,13316.4,"1"
15500,73,4,1131.56,"2"
15502,353.880555555556,12,10384.93,"4"
15503,0,1,141.04,"2"
15504,0,1,52.83,"2"
15505,102.765972222222,5,3610.96,"2"
15506,116.018055555556,3,972.08,"2"
15507,0,1,475.86,"2"
15508,46.0083333333333,6,1000.27,"2"
15510,0,1,250,"2"
15511,73.7763888888889,5,900.53,"2"
15512,203.929861111111,2,121,"4"
15513,340.134722222222,19,14758.22,"1"
15514,352.034722222222,11,4023.72,"4"
15516,1.97083333333333,3,62.43,"2"
15517,0,1,267.03,"2"
15518,268.006944444444,8,1921.55,"4"
15520,0,1,343.5,"2"
15521,214.185416666667,8,3000.2,"4"
15522,54.9583333333333,2,397.99,"2"
15523,0,1,412.01,"2"
15524,0,1,440,"2"
15525,371.059722222222,3,734.37,"4"
15526,0.00208333333333333,2,148.44,"2"
15527,335.918055555556,8,2428.53,"4"
15528,0,1,229.33,"2"
15529,343.961805555556,11,3962.6,"4"
15530,225.047916666667,4,1497.31,"4"
15531,22.0388888888889,2,1972.39,"2"
15532,332.920833333333,4,1564.73,"4"
15533,69.9958333333333,3,807.57,"2"
15535,154.14375,4,502.9,"4"
15537,0,1,110.92,"2"
15539,0,1,538.46,"2"
15540,0,1,213.3,"2"
15541,0,1,85.13,"2"
15543,0,1,127.86,"2"
15544,363.163888888889,9,3546.71,"4"
15545,316.830555555556,2,288.97,"4"
15547,354.976388888889,14,4910.6,"4"
15549,239.030555555556,3,1681.46,"4"
15550,297.117361111111,4,575.63,"4"
15551,0,1,436.06,"2"
15552,0,1,90.12,"2"
15553,0,1,428.93,"2"
15554,0,1,217.2,"2"
15555,357.065277777778,16,4794.86,"1"
15556,0,1,279.77,"2"
15557,0,1,468.91,"2"
15561,203.978472222222,4,800.59,"4"
15562,0,1,134.55,"2"
15563,336.140972222222,4,1400.44,"4"
15565,20.1590277777778,2,173.16,"2"
15567,0,1,186.01,"2"
15568,70.8680555555556,3,758.29,"2"
15569,228.867361111111,5,1375.71,"4"
15570,362.076388888889,12,4148.82,"4"
15571,66.8659722222222,4,650.43,"2"
15572,273.809027777778,7,2533.42,"4"
15573,53.9736111111111,2,591.19,"2"
15574,194.84375,4,675.64,"4"
15576,0,1,921.37,"2"
15577,154.146527777778,3,258.88,"4"
15578,0,1,127.1,"2"
15579,245.025,2,327.6,"4"
15581,245.791666666667,13,3675.77,"4"
15582,195.846527777778,3,682.91,"4"
15584,138.761111111111,4,720.86,"2"
15585,0,1,455.3,"2"
15587,301.151388888889,4,913.68,"4"
15589,54.9638888888889,3,478.53,"2"
15592,0,1,388.58,"2"
15593,0,1,199.8,"2"
15594,218.947916666667,5,1771.78,"4"
15596,264.78125,5,1406.59,"4"
15597,0,1,324.57,"2"
15598,0,1,240.68,"2"
15599,177.94375,2,761.74,"4"
15601,361.191666666667,14,6776.56,"4"
15602,359.94375,9,1297.87,"4"
15603,0,1,48.48,"2"
15604,0,1,216.39,"2"
15605,337.027083333333,5,1198.23,"4"
15606,263.152777777778,9,2920.16,"4"
15607,0,1,104.76,"2"
15608,92.1416666666667,4,1093.68,"2"
15609,0,1,298.48,"2"
15610,0,1,112.46,"2"
15611,325.044444444444,13,1591.45,"4"
15612,25.0854166666667,2,195.15,"2"
15615,348.93125,23,10399.74,"1"
15618,103.93125,4,776.851,"2"
15619,0,1,336.4,"2"
15620,301.921527777778,3,1553.18,"4"
15621,17.0916666666667,4,1293.03,"2"
15622,239.126388888889,9,3709.56,"4"
15623,0,1,301.03,"2"
15624,139.920833333333,4,588.13,"2"
15625,131.847222222222,4,1534.26,"2"
15626,254.995138888889,2,675.8,"4"
15628,362.022916666667,9,2870.24,"4"
15630,159.222222222222,2,1186.35,"4"
15632,259.056944444444,8,3285.31,"4"
15634,0,1,243.55,"2"
15636,192.852083333333,2,724.76,"4"
15637,0,1,223.36,"2"
15639,0,1,425.32,"2"
15640,367.954861111111,15,12416.11,"1"
15641,253.971527777778,4,1887.2,"4"
15643,90.7111111111111,3,664,"2"
15644,94.9701388888889,4,803.54,"2"
15645,0,1,612.01,"2"
15646,214.704166666667,3,447.64,"4"
15648,62.8708333333333,2,639.5,"2"
15649,31.1444444444444,2,816,"2"
15651,223.989583333333,3,646.3,"4"
15652,0,1,337.74,"2"
15653,23.0409722222222,2,877.44,"2"
15654,16.9118055555556,2,922.53,"2"
15655,0,1,560.67,"2"
15656,238.975,4,748.5,"4"
15657,0,1,30,"2"
15658,182.186805555556,5,1024.1,"4"
15659,0,1,306.45,"2"
15660,340.297916666667,9,1600.86,"4"
15661,21.0583333333333,2,309.8,"2"
15663,0,1,138.14,"2"
15664,0,1,386.43,"2"
15665,74.9916666666667,2,2222.21,"2"
15667,0,1,301.32,"2"
15668,0,1,76.32,"2"
15669,223.284722222222,4,684.34,"4"
15670,0,1,173.05,"2"
15671,252.129166666667,7,2657.13,"4"
15673,238.990972222222,4,2726.23,"4"
15674,181.248611111111,5,2446.6,"4"
15675,198.977083333333,3,323.69,"4"
15676,265.097916666667,3,3435.76,"4"
15677,0,1,657.23,"2"
15678,0,1,352.7,"2"
15679,158.329861111111,4,781.28,"4"
15680,356.960416666667,3,1333.68,"4"
15681,255.113888888889,5,1426.16,"4"
15683,0,1,193.75,"2"
15687,321.722222222222,9,2993.1,"4"
15689,241.986111111111,2,254.1,"4"
15690,96.1798611111111,2,239.76,"2"
15691,0,1,136.8,"2"
15692,0,1,191.04,"2"
15694,372.079861111111,14,6479.4,"4"
15695,0.000694444444444444,2,409.98,"2"
15696,293.109722222222,8,2711.11,"4"
15699,0,1,309.65,"2"
15700,1.05347222222222,2,696.68,"2"
15701,108.085416666667,4,1529,"2"
15703,0,1,211.5,"2"
15704,75.0368055555556,4,2293.62,"2"
15705,0,1,143.1,"2"
15706,52.8173611111111,4,1060.56,"2"
15707,51.0111111111111,4,916.98,"2"
15708,328.9875,7,3235.25,"4"
15709,0,1,133.25,"2"
15712,278.109027777778,5,1072.36,"4"
15713,222.929166666667,2,356.7,"4"
15714,66.0006944444444,2,330.03,"2"
15716,223.98125,4,1101.11,"4"
15717,0,1,150.3,"2"
15719,304.998611111111,13,5030.07,"4"
15720,0,1,598.73,"2"
15721,0,1,471.4,"2"
15722,254.971527777778,5,2211.21,"4"
15723,0,1,190.7,"2"
15724,83.1666666666667,2,218.25,"2"
15725,0,1,415.25,"2"
15727,342.867361111111,7,5159.06,"4"
15729,0,1,85,"2"
15730,140.991666666667,3,1120.88,"2"
15732,159.975,2,294.12,"4"
15733,0,1,162.3,"2"
15734,85.8270833333333,2,1339.45,"2"
15737,228.055555555556,8,1188.12,"4"
15738,353.816666666667,16,4812.42,"1"
15739,0,1,449.12,"2"
15740,0,1,154.88,"2"
15743,168.295138888889,4,775.96,"4"
15744,0,1,34.8,"2"
15745,217.028472222222,4,1094.59,"4"
15746,0,1,196.88,"2"
15747,160.038888888889,3,946.64,"4"
15748,0,1,144.36,"2"
15749,97.0173611111111,3,44534.3,"1"
15750,364.081944444444,8,2463.05,"4"
15752,333.079166666667,7,2626.6,"4"
15753,0,1,79.2,"2"
15754,195.094444444444,3,458.57,"4"
15755,284.127777777778,6,2364.25,"4"
15756,187.979166666667,4,528.01,"4"
15757,152.023611111111,2,714.42,"2"
15758,0,1,205.25,"2"
15759,139.988888888889,3,253.04,"2"
15762,12.0402777777778,2,583.75,"2"
15763,45.8986111111111,2,1086.92,"2"
15764,188.357638888889,6,3279.97,"4"
15766,0,1,315.06,"2"
15768,110.061111111111,3,621.83,"2"
15769,363.941666666667,26,56252.72,"1"
15773,0,1,635.68,"2"
15774,0,1,270.8,"2"
15775,0,1,104.9,"2"
15776,0,1,241.62,"2"
15777,120.003472222222,4,1047.11,"2"
15780,174.0125,3,475.28,"4"
15781,280.2375,3,345.46,"4"
15782,79.8472222222222,3,2614.74,"2"
15783,0,1,246.3,"2"
15785,262.886111111111,5,2328.97,"4"
15786,68.0277777777778,3,4919,"2"
15787,35.0722222222222,3,933.26,"2"
15789,0,1,351.3,"2"
15790,0,1,218.75,"2"
15791,160.790972222222,2,1612.69,"4"
15793,253.948611111111,3,965.61,"4"
15795,0,1,610.01,"2"
15796,301.177083333333,8,2708.61,"4"
15797,206.053472222222,4,2207.4,"4"
15799,258.897916666667,3,884.14,"4"
15800,139.072222222222,2,696.89,"2"
15801,63.1659722222222,3,1063.95,"2"
15802,0,1,451.42,"2"
15803,0,1,415.82,"2"
15804,198.096527777778,13,4206.39,"4"
15805,341.290972222222,17,5488.18,"1"
15806,230.215972222222,3,784.58,"4"
15807,26.9770833333333,3,903.9,"2"
15808,63.0611111111111,4,3651.27,"2"
15809,266.225,5,515.77,"4"
15810,218.01875,4,1391.98,"4"
15811,343.001388888889,6,2218.62,"4"
15812,210.088194444444,5,1801.14,"4"
15813,31.9611111111111,2,1303.91,"2"
15814,33.9673611111111,4,1945.33,"2"
15815,196.165972222222,5,2100.6,"4"
15819,227.211805555556,4,1905.45,"4"
15820,0,1,206.98,"2"
15821,17.0972222222222,2,570.96,"2"
15822,356.05,2,885.47,"4"
15823,0,1,15,"2"
15825,0,1,532.94,"2"
15826,154.222916666667,3,1654.31,"4"
15827,299.103472222222,14,1836.09,"4"
15829,41.2652777777778,2,636.14,"2"
15830,0,1,576,"2"
15831,265.931944444444,3,794.64,"4"
15832,0,1,836.79,"2"
15834,206.867361111111,4,2225.15,"4"
15835,286.216666666667,4,954.09,"4"
15836,0,1,137.37,"2"
15837,0,1,391.98,"2"
15838,356.106944444444,19,33643.08,"1"
15839,114.888194444444,3,1048.49,"2"
15840,113.893055555556,2,355.56,"2"
15841,266.034722222222,4,1224.06,"4"
15843,0,1,118.95,"2"
15844,0,1,130.74,"2"
15845,319.682638888889,8,3711.77,"4"
15847,249.913194444444,2,389.27,"4"
15850,148.998611111111,2,234.88,"2"
15852,10.9138888888889,2,160.71,"2"
15853,0,1,110.8,"2"
15854,357.077777777778,12,2969.12,"4"
15855,126.908333333333,5,712.24,"2"
15856,361.149305555556,27,16143.64,"1"
15857,0,1,297,"2"
15858,351.928472222222,5,1427.57,"4"
15860,327.990972222222,8,965.16,"4"
15861,254.824305555556,8,3146.92,"4"
15862,365.088194444444,4,832.88,"4"
15863,167.050694444444,2,68.84,"4"
15864,293.867361111111,6,1936.32,"4"
15865,173.040972222222,3,895.13,"4"
15866,0,1,211.89,"2"
15867,363.96875,15,3810.14,"4"
15869,0.00277777777777778,2,149.64,"2"
15870,0,1,351.44,"2"
15872,0.000694444444444444,2,316.25,"2"
15874,220.960416666667,7,4405.88,"4"
15877,16.0243055555556,2,490.33,"2"
15880,0,1,329.03,"2"
15881,52.14375,5,501.39,"2"
15882,169.940277777778,4,516.36,"4"
15883,31.09375,2,396.48,"2"
15885,216.802083333333,3,379.35,"4"
15886,0,1,181.09,"2"
15888,0,1,168.31,"2"
15889,212.831944444444,2,420.07,"4"
15891,0,1,511.68,"2"
15894,115.988888888889,2,258.25,"2"
15895,0,1,179.17,"2"
15897,0.0125,2,208.59,"2"
15898,367.181944444444,5,1383.83,"4"
15899,0,1,56.25,"2"
15900,0,1,337.28,"2"
15901,138.017361111111,3,351.73,"2"
15903,285.752777777778,7,5126.76,"4"
15904,0,1,164.68,"2"
15906,235.955555555556,7,1567.69,"4"
15907,206.972222222222,3,882.72,"4"
15909,0,1,191.94,"2"
15910,315.955555555556,8,1228.88,"4"
15912,54.8881944444444,2,264.62,"2"
15916,350.027083333333,8,1502.86,"4"
15917,0,1,123.1,"2"
15918,80.8243055555556,2,334.23,"2"
15919,349.001388888889,2,525.69,"4"
15920,0.0104166666666667,4,167.5,"2"
15921,0,1,323.03,"2"
15922,0,1,369.5,"2"
15923,0,1,127.08,"2"
15925,0,1,207.15,"2"
15930,0,1,426.63,"2"
15932,285.099305555556,8,2495.87,"4"
15933,65.0479166666667,3,1107.46,"2"
15935,2.16111111111111,2,416.86,"2"
15937,0,1,145.35,"2"
15938,211.114583333333,5,404.58,"4"
15939,241.949305555556,15,6115.01,"4"
15940,0,1,35.8,"2"
15942,0,1,337.44,"2"
15944,0,1,325.1,"2"
15945,0,1,181,"2"
15947,0,1,1708.24,"2"
15948,35.2895833333333,2,955.24,"2"
15949,54.6493055555556,2,364.72,"2"
15950,327.967361111111,4,1744.71,"4"
15951,276.859027777778,2,708.22,"4"
15952,191.932638888889,4,781.91,"4"
15953,354.011805555556,8,1657.28,"4"
15955,348.120138888889,14,4416.26,"4"
15957,0,1,428.89,"2"
15958,0,1,104.35,"2"
15963,25.9361111111111,2,470.76,"2"
15965,350.143055555556,4,808.87,"4"
15967,295.155555555556,2,397.68,"4"
15969,182.949305555556,3,666.1,"4"
15970,0,1,314.1,"2"
15971,293.835416666667,12,4199.85,"4"
15973,0,1,307.82,"2"
15974,249.127083333333,7,3442.15,"4"
15975,0,1,371.01,"2"
15976,54.825,2,427.64,"2"
15977,21.8784722222222,2,1054.73,"2"
15978,0,1,1098.78,"2"
15980,165.775,3,2398.86,"4"
15981,286.756944444444,8,3408.48,"4"
15983,351.221527777778,4,1465.12,"4"
15984,365.954861111111,10,2780.63,"4"
15985,113.227083333333,2,1142.42,"2"
15986,0,1,168.12,"2"
15987,356.294444444444,7,1432.77,"4"
15988,0,1,156.78,"2"
15990,243.015972222222,2,792.11,"4"
15992,0,1,41.99,"2"
15993,35.7666666666667,7,2777.67,"2"
15994,0,1,414.27,"2"
15996,277.96875,6,1032.58,"4"
15998,325.967361111111,5,3080.22,"4"
16000,0.00208333333333333,3,12393.7,"2"
16003,329.908333333333,5,2735.37,"4"
16005,258.084027777778,4,578.71,"4"
16006,0,1,101.4,"2"
16007,167.897916666667,4,1693.81,"4"
16008,180.984722222222,3,478.78,"4"
16009,137.225694444444,4,972.11,"2"
16010,116.913888888889,3,392.4,"2"
16011,357.997916666667,16,3352.96,"4"
16012,119.807638888889,3,1415.29,"2"
16013,367.89375,47,37130.6,"1"
16014,253.765277777778,3,646.83,"4"
16015,45.9180555555556,3,704.55,"2"
16016,363.082638888889,8,1465.51,"4"
16017,0,1,211.88,"2"
16018,141.014583333333,2,408.9,"2"
16019,317.973611111111,9,3786.24,"4"
16020,48.8916666666667,3,851.01,"2"
16022,0,1,602.63,"2"
16023,220.126388888889,3,719.81,"4"
16024,0,1,251.03,"2"
16025,0,1,439.66,"2"
16026,0,1,236.09,"2"
16027,210.936111111111,6,934.62,"4"
16029,335.020833333333,63,80850.84,"3"
16030,0,1,331.24,"2"
16031,154.947222222222,2,547.9,"4"
16033,364.088888888889,20,8778.82,"1"
16034,136.182638888889,3,437.7,"2"
16036,176.077777777778,2,758.92,"4"
16037,88.9548611111111,3,855.02,"2"
16038,194.049305555556,3,471.78,"4"
16040,203.159027777778,3,1313.55,"4"
16041,110.831944444444,3,3166.4,"2"
16042,310.184027777778,5,1177.47,"4"
16043,280.066666666667,4,773.99,"4"
16045,170.906944444444,4,1340.7,"4"
16048,0.000694444444444444,2,256.44,"2"
16049,34.9486111111111,3,1074.81,"2"
16050,0,1,137.9,"2"
16052,0,1,362.06,"2"
16053,89.85,2,1511.95,"2"
16054,0,1,783.9,"2"
16055,0,1,134.8,"2"
16056,0,1,650.75,"2"
16057,268.2,7,2263.12,"4"
16059,301.972222222222,6,1453.16,"4"
16062,355.010416666667,4,1153.62,"4"
16063,0.000694444444444444,1,335.32,"2"
16065,0,1,367.14,"2"
16066,107.889583333333,5,1521.04,"2"
16070,9.96805555555556,2,852.15,"2"
16071,0,1,326.24,"2"
16072,0,1,584.32,"2"
16073,0,1,122.4,"2"
16076,205.102777777778,10,2234.73,"4"
16078,0,1,79.2,"2"
16079,23.9875,3,1352,"2"
16080,192.831944444444,2,217.16,"4"
16081,310.076388888889,5,2799.42,"4"
16083,259.955555555556,2,1317.62,"4"
16084,0,1,436.18,"2"
16085,297.053472222222,5,981.51,"4"
16086,307.975,5,1121.39,"4"
16091,43.9770833333333,2,315.06,"2"
16092,139.797222222222,3,817.86,"2"
16093,0,1,17,"2"
16094,207.95,4,1078.23,"4"
16096,0,1,320.62,"2"
16097,0,1,185.05,"2"
16098,286.009722222222,7,2005.63,"4"
16099,175.19375,3,731.9,"4"
16101,0,1,1290.7,"2"
16102,86.0201388888889,3,1842.14,"2"
16103,226.075,6,1429.64,"4"
16104,0,1,298.21,"2"
16105,0,1,336.96,"2"
16106,0,1,108.38,"2"
16107,165.623611111111,7,3204.16,"4"
16108,0,1,842.5,"2"
16109,89.8611111111111,2,611.88,"2"
16110,266.023611111111,3,1320.95,"4"
16112,195.111805555556,4,195.74,"4"
16113,0,1,161.38,"2"
16114,0,1,135.75,"2"
16115,282.970833333333,8,1660.88,"4"
16116,0,1,612.78,"2"
16117,0,1,232.21,"2"
16119,64.2055555555555,2,423.36,"2"
16120,0.00833333333333333,4,1309.14,"2"
16121,158.046527777778,2,854.66,"4"
16122,293.161805555556,4,684.42,"4"
16123,0,1,307.78,"2"
16124,0,1,249,"2"
16125,0,1,289.35,"2"
16126,267.197916666667,4,6287.77,"4"
16127,0,1,656.25,"2"
16128,264.953472222222,5,1880.22,"4"
16131,188.139583333333,6,3506.54,"4"
16133,314.811805555556,33,14589.04,"1"
16134,337.836805555556,2,618.09,"4"
16135,0,1,517.55,"2"
16136,217.970833333333,3,709.38,"4"
16139,187.926388888889,3,635.41,"4"
16140,305.899305555556,2,725.18,"4"
16141,0,1,620.4,"2"
16142,0,1,535.34,"2"
16143,365.954861111111,6,2424.94,"4"
16144,0,1,175.2,"2"
16145,351.058333333333,11,3799.49,"4"
16146,74.9548611111111,3,734.13,"2"
16147,0,1,375,"2"
16148,0,1,76.32,"2"
16149,137.857638888889,2,280.52,"2"
16150,329.758333333333,5,2053.02,"4"
16152,0,1,1829.04,"2"
16153,305.061111111111,5,1824.23,"4"
16156,302.027777777778,9,3092.04,"4"
16157,56.9951388888889,3,656.69,"2"
16159,0,1,348.2,"2"
16160,20.1430555555556,2,1025.44,"2"
16161,367.088194444444,19,5533.67,"1"
16162,0,1,37.4,"2"
16163,132.949305555556,2,856.6,"2"
16164,25.2444444444444,3,822.48,"2"
16168,359.046527777778,27,3787.6,"1"
16169,67.1631944444444,4,1822.97,"2"
16170,197.777083333333,6,1885.05,"4"
16171,0,1,73.2,"2"
16172,146.055555555556,5,1140.21,"4"
16173,82.8125,6,1418.32,"2"
16174,25.16875,3,1009.55,"2"
16175,145.995833333333,4,1037.59,"4"
16177,0,1,331.95,"2"
16178,0,1,197.9,"2"
16179,0,1,215.83,"2"
16180,152.253472222222,8,10254.18,"4"
16181,0,1,305.54,"2"
16182,222.133333333333,4,6617.65,"4"
16183,0,1,338.71,"2"
16184,147.173611111111,6,1158.79,"4"
16185,215.904166666667,2,529.41,"4"
16186,349.91875,12,4006.94,"4"
16187,252.844444444444,15,6911.44,"4"
16188,198.107638888889,4,981.86,"4"
16189,69.8513888888889,2,215.48,"2"
16190,0,1,215.08,"2"
16191,357.95,13,5180.52,"4"
16193,0,1,314.45,"2"
16198,0,1,400.681,"2"
16200,159.953472222222,2,1068.87,"4"
16201,106.21875,4,1863.47,"2"
16202,0,1,365.27,"2"
16203,313.869444444444,4,592.9,"4"
16204,0,1,384.18,"2"
16205,148.915972222222,4,757.63,"4"
16206,272.981944444444,4,537.06,"4"
16207,0,1,394.38,"2"
16208,244.915972222222,2,664.26,"4"
16209,157.982638888889,5,2262.62,"4"
16210,372.00625,18,21086.3,"1"
16211,0,1,547.02,"2"
16212,264.00625,2,690.34,"4"
16213,0,1,159,"2"
16214,98.9215277777778,3,1062.75,"2"
16215,0,1,242.35,"2"
16216,0,1,914.93,"2"
16217,46.91875,2,304.25,"2"
16218,343.9375,7,3084.68,"4"
16221,330.9375,3,860.86,"4"
16222,0,1,773.55,"2"
16224,192.24375,4,1295.3,"4"
16225,232.842361111111,5,1096.32,"4"
16226,32.0715277777778,3,255.12,"2"
16227,0,1,314.22,"2"
16229,125.290277777778,2,1010.6,"2"
16230,30.7875,2,542.03,"2"
16232,171.924305555556,4,990.88,"4"
16233,295.191666666667,3,536.68,"4"
16235,291.801388888889,5,867.31,"4"
16236,0,1,432.2,"2"
16239,132.957638888889,2,414.2,"2"
16240,53.0319444444444,2,3718.8,"2"
16241,360.002777777778,13,2590.31,"4"
16242,268.922222222222,7,3579.86,"4"
16243,21.0159722222222,2,409.1,"2"
16244,160.942361111111,2,1522.75,"4"
16245,233.030555555556,3,1413.66,"4"
16247,0,1,114.56,"2"
16248,0,1,152.94,"2"
16249,186.845138888889,5,1800.07,"4"
16250,112.213888888889,2,389.44,"2"
16253,188.816666666667,2,3683.86,"4"
16255,348.927083333333,8,2619.91,"4"
16256,0,1,752.43,"2"
16257,0,1,46.95,"2"
16258,173.95625,5,5203.51,"4"
16260,0,1,1035.45,"2"
16261,228.929166666667,4,728.54,"4"
16265,355.263888888889,9,5447,"4"
16266,132.8875,7,861.89,"4"
16268,0,2,667.65,"2"
16270,0,1,1141.24,"2"
16271,355.839583333333,5,1404.64,"4"
16272,0.000694444444444444,1,411.7,"2"
16274,0,1,351.75,"2"
16275,0,1,559.87,"2"
16276,0,1,810.6,"2"
16278,0,1,566.38,"2"
16279,155.131944444444,3,1502.78,"4"
16281,0,1,2062.06,"2"
16282,0,1,168.3,"2"
16283,202.938194444444,5,1570.81,"4"
16284,19.0958333333333,2,812.68,"2"
16287,0,1,142.5,"2"
16292,0,1,302.25,"2"
16293,345.788888888889,10,2248.99,"4"
16295,54.8972222222222,4,1328.55,"2"
16297,0,1,301.9,"2"
16298,164.078472222222,3,598.2,"4"
16302,0,1,233.22,"2"
16303,307.85625,3,5360.63,"4"
16305,0,1,361.22,"2"
16306,153.870833333333,6,632.27,"4"
16308,223.859722222222,4,2560,"4"
16309,134.159027777778,2,706.57,"2"
16311,31.8201388888889,2,616.26,"2"
16313,46.1652777777778,2,274.15,"2"
16315,0,1,226.37,"2"
16316,293.973611111111,8,2938.91,"4"
16317,177.927777777778,3,1341.65,"4"
16318,0,1,328.15,"2"
16319,0,1,404.4,"2"
16320,40.9958333333333,2,1038.46,"2"
16321,251.113888888889,5,373.65,"4"
16322,35.0472222222222,2,326.75,"2"
16323,0,1,207.5,"2"
16324,48.9388888888889,3,408.59,"2"
16325,198.977777777778,3,594.24,"4"
16326,328.923611111111,14,3039.22,"4"
16327,355.027777777778,6,3820.27,"4"
16330,94.8027777777778,3,251.91,"2"
16332,277.004166666667,7,1582.8,"4"
16333,302.061805555556,22,26626.8,"1"
16337,0,1,151.05,"2"
16338,0,1,214.8,"2"
16339,0,1,94.05,"2"
16340,0,1,534.31,"2"
16341,176.827777777778,4,1971.87,"4"
16342,104.184722222222,4,322.41,"2"
16343,0.00138888888888889,2,328.58,"2"
16344,0,1,101.1,"2"
16345,0,1,565.46,"2"
16347,25.0090277777778,2,847.45,"2"
16348,207.996527777778,7,1415.65,"4"
16349,0,1,53.5,"2"
16350,312.25625,4,1116.47,"4"
16351,0,1,153.9,"2"
16352,20.075,2,494.44,"2"
16353,366.009722222222,23,6675.71,"1"
16354,9.91666666666667,2,395.8,"2"
16356,79.9722222222222,3,211.77,"2"
16357,180.228472222222,3,658.88,"4"
16358,183.002777777778,4,2027.5,"4"
16359,324.260416666667,9,1750.92,"4"
16360,83.9347222222222,6,3450.41,"2"
16361,61.9715277777778,4,891.21,"2"
16362,58.9263888888889,5,709.99,"2"
16363,0,1,109.36,"2"
16364,125.869444444444,2,705.79,"2"
16365,349.753472222222,9,1540.42,"4"
16366,0,1,327.3,"2"
16367,325.05,2,800.67,"4"
16368,25.9194444444444,2,479.91,"2"
16369,178.281944444444,3,1545.41,"4"
16370,142.96875,4,1301.91,"4"
16372,0.0125,2,355.73,"2"
16374,196.065972222222,2,466.73,"4"
16376,8.78541666666667,2,974.96,"2"
16377,0,1,676.2,"2"
16378,63.1006944444444,3,362.95,"2"
16379,74.2534722222222,4,2157.4,"2"
16380,0,1,1743.15,"2"
16383,193.989583333333,2,643.76,"4"
16384,174.045833333333,2,584.5,"4"
16385,306.011111111111,3,554.86,"4"
16386,225.00625,2,302.57,"4"
16387,0,1,94.36,"2"
16389,229.954166666667,4,1382.07,"4"
16392,0,1,217.89,"2"
16393,366.986805555556,13,3040.96,"4"
16394,232.951388888889,5,1555.34,"4"
16395,270.027777777778,5,1482.06,"4"
16398,99.2347222222222,2,1705.8,"2"
16399,216.101388888889,2,408.02,"4"
16400,0,1,303.93,"2"
16401,326.304861111111,12,4098.32,"4"
16402,104.946527777778,2,293.45,"2"
16403,0,1,177.5,"2"
16404,0,1,443.05,"2"
16405,7.92777777777778,2,167.25,"2"
16406,0,1,154.35,"2"
16407,299.877083333333,10,2079.68,"4"
16409,281.079166666667,5,2022.98,"4"
16411,349.997916666667,2,211.7,"4"
16412,0,1,135.99,"2"
16413,0,1,262.2,"2"
16414,258.84375,2,126.25,"4"
16415,0,1,200.27,"2"
16416,29.96875,3,1051.4,"2"
16418,181.822916666667,3,631.12,"4"
16419,199.005555555556,6,958.71,"4"
16422,351.934027777778,51,34684.4,"1"
16423,0,1,346.12,"2"
16424,0,1,133.56,"2"
16425,0,1,302.7,"2"
16426,273.927777777778,10,1863.76,"4"
16427,21.0777777777778,2,241.06,"2"
16429,0,1,284.55,"2"
16430,0,1,300.85,"2"
16431,84.0048611111111,3,623.28,"2"
16432,0,1,287.4,"2"
16433,0,1,184.26,"2"
16434,270.090972222222,7,1511.8,"4"
16438,76.8888888888889,5,798.35,"2"
16440,206.984027777778,5,3640.67,"4"
16441,224.009027777778,2,381.2,"4"
16442,359.039583333333,3,609.3,"4"
16444,218.066666666667,4,654.67,"4"
16445,0,1,230.51,"2"
16446,204.974305555556,2,168472.5,"3"
16447,0,1,255.91,"2"
16448,0,1,182.99,"2"
16449,82.9236111111111,2,707.69,"2"
16450,0,1,311.92,"2"
16451,0,1,266.97,"2"
16454,19.7798611111111,2,6.9,"2"
16455,307.814583333333,7,1841.18,"4"
16456,273.985416666667,5,2158.18,"4"
16457,0,1,208.36,"2"
16458,357.904861111111,18,3482.74,"1"
16460,53.1465277777778,3,811.23,"2"
16461,0,1,142.92,"2"
16462,210.059722222222,3,136,"4"
16463,182.969444444444,4,1422.4,"4"
16464,122.929166666667,3,1298.66,"2"
16466,258.997222222222,7,1595.96,"4"
16468,0,1,74.9,"2"
16469,222.968055555556,4,625.42,"4"
16470,307.0125,4,752.77,"4"
16471,0,1,223.95,"2"
16473,171.927083333333,3,316.11,"4"
16474,137.924305555556,7,1810.65,"4"
16475,185.206944444444,4,544.3,"4"
16477,307.872222222222,7,2494.46,"4"
16478,40.1590277777778,3,331,"2"
16479,0.025,2,300.83,"2"
16480,0,1,769.29,"2"
16482,0,1,220.62,"2"
16483,0,1,139.35,"2"
16484,17.0604166666667,2,404.3,"2"
16485,0,1,363.65,"2"
16488,115.080555555556,3,498.8,"2"
16491,0,1,731.5,"2"
16493,250.120833333333,4,1351.63,"4"
16494,0,1,826.53,"2"
16495,272.8625,3,648.26,"4"
16496,308.034027777778,3,1599.52,"4"
16497,283.899305555556,6,2965.69,"4"
16498,0.802083333333333,2,100.97,"2"
16499,4.12777777777778,2,365.45,"2"
16500,326.066666666667,6,400.86,"4"
16503,253.913888888889,4,1431.93,"4"
16504,0,1,465.88,"2"
16505,0,1,777.6,"2"
16506,20.8520833333333,2,90.3,"2"
16509,0,1,363.7,"2"
16510,0,1,248.1,"2"
16511,244.970138888889,3,918.33,"4"
16513,38.8069444444444,4,874.59,"2"
16515,259.000694444444,5,1624.14,"4"
16516,0,1,101.7,"2"
16517,0,1,162.7,"2"
16518,222.936111111111,2,484.32,"4"
16519,340.064583333333,2,215.08,"4"
16520,179.011111111111,3,1046.57,"4"
16523,313.875,21,9418.47,"1"
16525,364.15,26,13027.45,"1"
16526,0,1,290.36,"2"
16527,0,1,228.06,"2"
16528,0,1,244.41,"2"
16529,0,1,455.25,"2"
16531,338.131944444444,7,1244.59,"4"
16532,320.938194444444,3,6748.8,"4"
16533,48.9173611111111,3,1082.81,"2"
16535,0,1,593.75,"2"
16536,0,1,548.12,"2"
16539,370.709027777778,4,1388.81,"4"
16542,0,1,119.62,"2"
16545,0,1,339.3,"2"
16546,81.9673611111111,2,787.15,"2"
16549,324.04375,10,4034.9,"4"
16550,259.888194444444,5,2298.97,"4"
16551,240.968055555556,3,922.12,"4"
16552,130.894444444444,2,379.73,"2"
16553,197.072222222222,12,5719.82,"4"
16554,289.090277777778,3,837.1,"4"
16555,74.0826388888889,2,285.89,"2"
16556,293.919444444444,7,3313.79,"4"
16557,113.025,2,281.85,"2"
16558,365.929861111111,20,8338.49,"1"
16560,331.832638888889,2,841.41,"4"
16561,54.08125,2,511.12,"2"
16563,0,1,1077.74,"2"
16565,0,1,173.7,"2"
16566,277.253472222222,5,614.66,"4"
16567,142.184722222222,2,865.6,"2"
16569,0,1,124.2,"2"
16570,296.267361111111,10,3738.4,"4"
16571,255.086805555556,3,1421.69,"4"
16572,148.1875,3,1009.6,"4"
16573,205.749305555556,2,663.61,"4"
16574,0,1,451.44,"2"
16581,0,1,105.84,"2"
16582,0,1,313.62,"2"
16583,0,1,233.45,"2"
16584,174.021527777778,2,936.08,"4"
16586,0,1,463.95,"2"
16587,0,1,225.15,"2"
16589,90.0548611111111,3,459.24,"2"
16591,0,1,213.5,"2"
16592,283.145833333333,16,4113.68,"4"
16593,277.020833333333,3,330.03,"4"
16594,0,1,181.09,"2"
16595,0,1,360.16,"2"
16596,350.738888888889,2,250.15,"4"
16597,0,1,90.04,"2"
16598,0,1,145.05,"2"
16600,334.157638888889,6,813.52,"4"
16601,0,1,242.7,"2"
16602,0,1,528.08,"2"
16603,16.8777777777778,2,482.47,"2"
16607,341.071527777778,14,3347.71,"4"
16609,237.139583333333,7,5493.46,"4"
16610,0,1,75.66,"2"
16611,0,1,129.49,"2"
16612,278.875,4,1187.66,"4"
16613,0,1,618.59,"2"
16614,0,1,506.19,"2"
16616,142.120138888889,2,500.42,"2"
16617,0,1,151.85,"2"
16618,291.08125,5,2647.59,"4"
16619,0,1,226.21,"2"
16620,257.070833333333,2,178.96,"4"
16621,226.004166666667,4,813.48,"4"
16623,0,1,129.45,"2"
16624,116.929861111111,2,810.57,"2"
16625,0,1,333.08,"2"
16626,265.978472222222,17,4413.1,"4"
16627,0,1,322.8,"2"
16628,205.159722222222,5,2188.05,"4"
16629,22.7652777777778,2,408.63,"2"
16633,216.961805555556,6,2883.1,"4"
16634,149.769444444444,2,217.9,"2"
16637,193.122916666667,4,1154.47,"4"
16638,346.034722222222,10,1680.72,"4"
16639,204.159027777778,3,1257.51,"4"
16641,0,1,231.1,"2"
16642,202.955555555556,2,688.33,"4"
16643,0,1,487.51,"2"
16644,34.9902777777778,2,833.78,"2"
16647,35.0944444444444,2,214.06,"2"
16648,0,1,290.66,"2"
16650,0,1,518.42,"2"
16652,214.850694444444,7,6773.97,"4"
16653,55.0506944444444,2,1212.66,"2"
16654,227.009722222222,4,601.27,"4"
16655,314.047916666667,6,3789.52,"4"
16656,342.138888888889,15,8625.8,"1"
16657,244.990277777778,4,874.43,"4"
16658,0,1,123.24,"2"
16659,0,1,39.12,"2"
16660,303.089583333333,4,1267.65,"4"
16665,0,1,135.4,"2"
16666,0,1,118.98,"2"
16667,216.103472222222,2,567.18,"4"
16668,269.20625,6,306.72,"4"
16669,54.9256944444444,3,1348.88,"2"
16670,341.961111111111,11,4095.9,"4"
16671,136.097222222222,3,1692.27,"2"
16672,264.259722222222,20,8134.94,"1"
16674,43.8972222222222,2,304.24,"2"
16676,303.959027777778,4,1592.12,"4"
16678,280.120138888889,12,3109.99,"4"
16679,0,1,129.75,"2"
16680,0,1,183.7,"2"
16681,180.892361111111,6,1770.34,"4"
16682,183.049305555556,5,1028,"4"
16684,353.855555555556,28,66653.56,"1"
16685,0.00972222222222222,2,324.24,"2"
16686,307.963888888889,7,2959.88,"4"
16688,59.1256944444444,4,1260.86,"2"
16689,6.92361111111111,2,422.6,"2"
16690,129.172916666667,2,225.58,"2"
16692,32.9618055555556,2,1276,"2"
16693,203.002777777778,2,477.86,"4"
16696,112.960416666667,4,657.9,"2"
16697,0,1,112.75,"2"
16698,26.8881944444444,2,1998,"2"
16700,357.768055555556,13,5076.55,"4"
16701,352.971527777778,13,5398.3,"4"
16705,358.053472222222,20,14034.99,"1"
16706,76.9145833333333,3,531.35,"2"
16708,0,1,656.63,"2"
16709,197.000694444444,5,3029.87,"4"
16710,349.067361111111,10,2467.99,"4"
16711,354.159027777778,5,1651.03,"4"
16712,266.945138888889,11,3611.31,"4"
16713,347.982638888889,15,6910.78,"1"
16714,98.8951388888889,3,1129.06,"2"
16715,0,1,301.72,"2"
16716,44.7694444444444,2,901.2,"2"
16717,342.811111111111,6,3843.08,"4"
16718,0,1,606.05,"2"
16719,353.889583333333,7,1770.22,"4"
16720,0,1,152.95,"2"
16721,0,1,292.47,"2"
16722,351.020138888889,13,4730.81,"4"
16723,16.0625,2,576.4,"2"
16725,69.0347222222222,7,758.27,"2"
16726,335.059027777778,5,1358.74,"4"
16727,0,1,256.32,"2"
16728,218.047222222222,4,1048.28,"4"
16729,203.004861111111,21,7205.33,"1"
16730,267.006944444444,3,743.11,"4"
16732,0,1,603.75,"2"
16734,61.9472222222222,3,646.76,"2"
16735,255.955555555556,5,2247.41,"4"
16737,0,1,417.6,"2"
16738,0,1,3.75,"2"
16739,0,1,323,"2"
16742,0,1,464.9,"2"
16743,329.040277777778,7,2213.13,"4"
16744,161.911805555556,7,1291.91,"4"
16745,225.01875,17,7180.7,"1"
16746,354.034722222222,18,6680.11,"1"
16747,30.0548611111111,2,836.06,"2"
16748,316.852083333333,5,1515.9,"4"
16750,187.829861111111,5,623.93,"4"
16751,0,1,1764.72,"2"
16752,0,1,207.5,"2"
16753,0,1,223.92,"2"
16754,0,1,2002.4,"2"
16755,201.106944444444,3,1475.43,"4"
16756,0,1,239.4,"2"
16757,0,1,106.83,"2"
16758,0,1,369.34,"2"
16759,23.15,3,789.79,"2"
16761,0,1,316.62,"2"
16762,124.952083333333,3,1207.24,"2"
16763,0,1,611.85,"2"
16764,139.766666666667,13,2790.95,"4"
16765,0,1,34,"2"
16766,0.075,2,1145.6,"2"
16767,285.836111111111,11,5575.56,"4"
16768,224.009027777778,3,478.09,"4"
16769,0,1,361.54,"2"
16770,314.855555555556,5,757.1,"4"
16771,304.979861111111,5,2242.61,"4"
16773,0,1,171.59,"2"
16774,110.997222222222,4,661.52,"2"
16775,357.004861111111,11,1691.51,"4"
16776,0,1,371.54,"2"
16777,176.963194444444,2,222.62,"4"
16778,199.935416666667,2,245.94,"4"
16779,364.206944444444,22,10611.72,"1"
16780,158.940972222222,2,422.24,"4"
16781,0,1,311.25,"2"
16782,355.077777777778,13,2267.95,"4"
16784,0,1,107.6,"2"
16788,131.075,2,594.39,"2"
16789,0,1,80.8,"2"
16790,34.0208333333333,6,1545.62,"2"
16791,303.145833333333,7,1705.78,"4"
16792,0.00138888888888889,2,110.38,"2"
16793,0,1,243.84,"2"
16794,179.152083333333,10,1196.5,"4"
16795,0,1,414.88,"2"
16796,0,1,305.62,"2"
16800,0,1,1162.65,"2"
16801,110.067361111111,4,1594.23,"2"
16803,0,1,332.3,"2"
16804,247.038194444444,3,536.99,"4"
16805,186.908333333333,2,460.59,"4"
16806,135.811111111111,4,762.16,"2"
16807,128.093055555556,3,1121.59,"2"
16808,175.020138888889,2,288.42,"4"
16809,239.017361111111,5,914.69,"4"
16810,0,1,309.54,"2"
16811,12.7638888888889,2,547.07,"2"
16812,0,1,479.35,"2"
16813,196.024305555556,10,1652.18,"4"
16814,355.070833333333,21,6416.7,"1"
16816,254.885416666667,4,417.06,"4"
16817,365.863888888889,9,1604.75,"4"
16818,194.957638888889,11,3349.57,"4"
16820,0,1,497.61,"2"
16823,0,1,358.38,"2"
16824,148.959722222222,2,460.64,"2"
16825,147.088194444444,2,775.18,"2"
16826,0,1,341.7,"2"
16828,19.0736111111111,2,128.5,"2"
16829,0,1,197.22,"2"
16830,0,1,325.91,"2"
16832,33.0583333333333,3,199.15,"2"
16833,333.067361111111,4,1106.53,"4"
16834,0,1,413.46,"2"
16835,244.857638888889,2,180.85,"4"
16836,76.89375,2,251.87,"2"
16837,214.235416666667,11,3170.98,"4"
16838,90.925,2,588.85,"2"
16839,360.908333333333,34,16594.35,"1"
16841,250.965972222222,6,1869.82,"4"
16842,201.827083333333,3,1264.19,"4"
16843,284.705555555556,16,10196.57,"1"
16846,0,1,214.32,"2"
16847,0,1,193.44,"2"
16848,0,1,281.42,"2"
16849,0,1,124.57,"2"
16850,0,1,332.41,"2"
16851,47.1555555555556,3,342.45,"2"
16852,165.897916666667,2,144.91,"4"
16855,19.8138888888889,2,328.4,"2"
16856,0,1,35.4,"2"
16858,0,1,375.69,"2"
16859,116.944444444444,2,747.81,"2"
16861,98.7270833333333,2,173.76,"2"
16863,335.269444444444,2,502.8,"4"
16866,20.8972222222222,3,207.74,"2"
16869,152.959027777778,4,817.12,"4"
16871,248.372222222222,6,2812.34,"4"
16872,107.064583333333,3,680.02,"2"
16873,359.847222222222,6,7123.62,"4"
16875,272.126388888889,5,2095.53,"4"
16877,195.898611111111,6,846.62,"4"
16878,0,1,13.3,"2"
16880,158.783333333333,7,1491.43,"4"
16881,0,1,432,"2"
16882,250.707638888889,3,705.12,"4"
16883,184.095833333333,2,272.48,"4"
16884,0.0666666666666667,2,429.84,"2"
16885,341.845138888889,3,450.41,"4"
16887,0,1,192.33,"2"
16889,142.0125,3,1578.67,"2"
16891,369.986111111111,5,742.43,"4"
16892,182.071527777778,5,518.19,"4"
16893,0,1,145.93,"2"
16895,0,1,202.27,"2"
16897,14.1319444444444,2,289.78,"2"
16898,342.139583333333,3,501.03,"4"
16899,352.952777777778,6,1271.06,"4"
16900,46.8854166666667,3,887.11,"2"
16902,0,1,1706.88,"2"
16903,0,1,363.2,"2"
16904,362.986805555556,16,3653.75,"4"
16905,366.1375,7,3037.6,"4"
16906,166.971527777778,4,559.59,"4"
16907,336.05,5,928.76,"4"
16909,0,1,379.14,"2"
16910,86.9423611111111,8,1508.96,"2"
16912,294.858333333333,11,2555.58,"4"
16913,0,1,113.44,"2"
16914,0,1,183.76,"2"
16915,274.282638888889,6,621.68,"4"
16916,348.954166666667,2,562.41,"4"
16917,0,1,391.52,"2"
16918,267.800694444444,6,1068.82,"4"
16919,212.029861111111,11,2592.25,"4"
16921,0,1,154.18,"2"
16923,350.079166666667,19,7069.08,"1"
16924,62.9993055555556,3,829.89,"2"
16926,0,1,230.25,"2"
16927,245.967361111111,3,543.05,"4"
16928,292.992361111111,17,2814.7,"4"
16929,151.831944444444,7,1295.39,"4"
16930,42.075,3,378.89,"2"
16931,364.065972222222,21,4554.87,"1"
16932,0,1,150.23,"2"
16933,237.972916666667,2,563.23,"4"
16934,0.0104166666666667,2,931.03,"2"
16936,0,1,261.9,"2"
16938,300.031944444444,4,2711.68,"4"
16940,237.033333333333,3,3049.88,"4"
16942,215.028472222222,9,1904.99,"4"
16943,106.914583333333,3,816.73,"2"
16945,336.743055555556,19,4345.5,"1"
16947,0,1,406.48,"2"
16948,187.075,3,435.02,"4"
16949,312.955555555556,6,1286.27,"4"
16950,310.740277777778,3,1178.56,"4"
16951,169.879861111111,3,1277.75,"4"
16952,0.00347222222222222,2,167.61,"2"
16953,0,1,20.8,"2"
16954,358.961805555556,9,2085.08,"4"
16955,188.878472222222,4,518.67,"4"
16956,0,1,308.74,"2"
16957,42.1881944444444,2,416.64,"2"
16959,0,1,117.35,"2"
16960,213.986805555556,3,507.05,"4"
16961,0,1,234.17,"2"
16963,0,1,110.55,"2"
16965,0,1,201.19,"2"
16966,231.974305555556,7,2154.97,"4"
16967,0,1,319.02,"2"
16968,103.174305555556,2,439.43,"2"
16969,152.043055555556,3,650.41,"4"
16971,0,1,357.21,"2"
16976,0,1,251.52,"2"
16978,0,1,344.33,"2"
16979,294.125694444444,6,1852,"4"
16980,36.1513888888889,2,1028.46,"2"
16982,0,1,384.06,"2"
16983,356.983333333333,7,1905.87,"4"
16984,41.8375,2,4459.52,"2"
16985,341.121527777778,10,5464.12,"4"
16986,0.835416666666667,2,1873.2,"2"
16987,202.063194444444,7,1616.8,"4"
16988,0,1,126.12,"2"
16989,143.311111111111,6,1133.25,"4"
16990,0,1,179,"2"
16992,274.050694444444,5,1614.31,"4"
16996,323.139583333333,6,1456.96,"4"
16997,37.2340277777778,3,702,"2"
16998,154.751388888889,4,295,"4"
16999,50.9236111111111,2,484.82,"2"
17001,358.002083333333,11,3989.57,"4"
17002,205.0375,3,1493.73,"4"
17004,46.0895833333333,2,1312.14,"2"
17006,70.9958333333333,4,781.78,"2"
17007,306.868055555556,6,889.93,"4"
17010,0,1,195.36,"2"
17011,0,1,270.9,"2"
17014,58.10625,3,583.43,"2"
17015,156.893055555556,3,1838.61,"4"
17017,369.96875,20,8694.26,"1"
17018,285.122222222222,2,920.1,"4"
17019,357.007638888889,4,1258.08,"4"
17022,0,1,71,"2"
17024,112.177777777778,3,95.85,"2"
17025,312.722916666667,3,357.77,"4"
17026,184.070138888889,2,154.83,"4"
17027,238.920138888889,6,877.56,"4"
17029,126.00625,2,716,"2"
17030,0,1,146.87,"2"
17031,143.03125,2,380.35,"2"
17033,273.050694444444,3,1030.14,"4"
17034,271.211111111111,3,745.52,"4"
17035,65.9555555555555,2,433.53,"2"
17037,0,1,1267.32,"2"
17038,0,1,112.4,"2"
17040,0,1,449.73,"2"
17041,333.984722222222,3,1071.49,"4"
17042,244.897916666667,5,1036.58,"4"
17043,234.027777777778,4,1735.18,"4"
17044,0,1,948.48,"2"
17045,134.209027777778,3,339.44,"2"
17046,0,1,642.02,"2"
17047,119.859027777778,3,1100.9,"2"
17048,213.790277777778,3,925.35,"4"
17049,273.09375,9,5655.03,"4"
17050,203.046527777778,6,3185.64,"4"
17051,0,1,240.89,"2"
17052,0,1,399.09,"2"
17053,0,1,498.48,"2"
17054,216.9875,5,1356.33,"4"
17058,158.038194444444,3,1179.89,"4"
17059,339.994444444444,5,3080.39,"4"
17060,0,1,234.24,"2"
17061,158.913194444444,11,5232.23,"4"
17062,55.9597222222222,4,533.33,"2"
17063,268.107638888889,7,1461.14,"4"
17064,268.755555555556,3,855.45,"4"
17068,355.969444444444,21,4552.14,"1"
17069,345.016666666667,9,2709.7,"4"
17070,0,1,304.24,"2"
17071,281.342361111111,9,2429.03,"4"
17073,91.8819444444444,4,1446.09,"2"
17075,299.943055555556,4,834.12,"4"
17076,328.322916666667,3,841.08,"4"
17078,0.0194444444444444,2,378.2,"2"
17079,0,1,118.8,"2"
17080,247.0375,2,287.62,"4"
17081,20.9916666666667,2,288.91,"2"
17082,285.028472222222,2,2003.85,"4"
17083,194.170138888889,3,1405.78,"4"
17084,0.00347222222222222,2,2747.99,"2"
17085,239.077083333333,5,1562.4,"4"
17086,56.1055555555556,6,2050.08,"2"
17088,225.190972222222,4,1991.01,"4"
17090,349.994444444444,7,1974.65,"4"
17091,365.033333333333,9,3827.76,"4"
17092,227.208333333333,4,1774.03,"4"
17094,0,1,302,"2"
17095,312.052777777778,3,1324.16,"4"
17096,246.122222222222,4,1022.13,"4"
17097,363.090277777778,8,954.42,"4"
17100,0,2,971.74,"2"
17101,167.963888888889,4,1621.73,"4"
17102,0,1,25.5,"2"
17105,147.046527777778,2,665.78,"2"
17107,244.95625,6,10797.48,"4"
17109,203.050694444444,6,881.29,"4"
17110,0,1,163.3,"2"
17111,0,1,231.61,"2"
17114,329.026388888889,8,801.12,"4"
17115,224.988888888889,3,837.5,"4"
17117,0,1,116.2,"2"
17118,0,1,157.02,"2"
17119,56.1506944444444,2,606.91,"2"
17120,0,1,307.46,"2"
17122,0,1,138.32,"2"
17123,0,1,345.3,"2"
17124,0,1,294.24,"2"
17125,0,1,230.5,"2"
17126,210.101388888889,5,989.45,"4"
17128,0,1,157.09,"2"
17131,70.0069444444444,5,2463.17,"2"
17133,250.944444444444,7,4892.24,"4"
17134,157.914583333333,2,413.2,"4"
17135,355.303472222222,7,1139.73,"4"
17138,0,1,380.5,"2"
17139,273.027777777778,12,10650.77,"4"
17140,0,1,454.12,"2"
17142,0,1,579,"2"
17144,83.2131944444444,2,984.57,"2"
17146,253.016666666667,3,749.78,"4"
17147,289.122222222222,4,1714.59,"4"
17148,0,1,124.88,"2"
17152,68.8326388888889,3,1689.5,"2"
17153,0,1,213.78,"2"
17154,0,1,329.34,"2"
17155,160.094444444444,2,251.7,"4"
17157,168.751388888889,2,319,"4"
17158,328.091666666667,3,1266.97,"4"
17159,150.04375,3,1538.88,"4"
17160,210.086805555556,6,3518.03,"4"
17162,276.963194444444,10,1715.46,"4"
17163,56.7104166666667,2,293.1,"2"
17164,240.783333333333,7,2467.35,"4"
17165,0,1,158.68,"2"
17166,165.061111111111,2,206.34,"4"
17169,125.88125,2,835.78,"2"
17171,0,1,224.91,"2"
17172,0,1,317.76,"2"
17173,125.968055555556,8,3766.6,"4"
17174,0,1,59.9,"2"
17175,252.024305555556,4,1443.69,"4"
17176,0,1,306.13,"2"
17179,183.1,3,711.79,"4"
17180,259.903472222222,4,783.97,"4"
17181,316.090277777778,2,239.92,"4"
17183,97.7791666666667,6,3347.31,"2"
17186,13.8944444444444,2,144,"2"
17187,0,1,203.95,"2"
17188,351.039583333333,7,2474.23,"4"
17189,253.090972222222,2,383.75,"4"
17190,148.836111111111,2,444.74,"2"
17191,340.098611111111,7,2093.68,"4"
17193,141.113194444444,7,1699.3,"4"
17194,86.9993055555556,2,262.62,"2"
17197,0,1,1013.01,"2"
17198,347.822916666667,3,692.22,"4"
17201,0,1,289.78,"2"
17203,24.9097222222222,6,3560.08,"2"
17204,88.0861111111111,4,1564.56,"2"
17205,0,1,384.08,"2"
17206,0,1,204.24,"2"
17211,342.971527777778,8,2317.22,"4"
17212,0,1,226.85,"2"
17213,326.076388888889,7,2781.23,"4"
17214,298.91875,6,1059.12,"4"
17217,0,1,113.5,"2"
17218,363.935416666667,10,1951.97,"4"
17219,0,1,114.23,"2"
17220,339.953472222222,14,3187.55,"4"
17221,28.8305555555556,2,334.48,"2"
17222,0,1,328.65,"2"
17223,58.0756944444444,2,416.89,"2"
17226,0,1,393.49,"2"
17227,349.982638888889,6,939.32,"4"
17228,356.766666666667,8,1906.09,"4"
17229,46.0541666666667,2,318.76,"2"
17230,95.2013888888889,8,3638.41,"2"
17231,349.043055555556,10,3124.72,"4"
17232,11.9979166666667,2,417.77,"2"
17233,0,1,190.88,"2"
17234,0,1,149.89,"2"
17235,347.092361111111,2,550.06,"4"
17236,350.007638888889,6,916.13,"4"
17237,11.0881944444444,2,314.69,"2"
17238,368.854166666667,17,3719.1,"1"
17239,0,1,382.5,"2"
17242,72.0770833333333,2,1135.04,"2"
17243,368.140972222222,26,8540.05,"1"
17244,0,1,954.9,"2"
17245,0,1,171.45,"2"
17247,0,1,280.09,"2"
17248,0,1,318.65,"2"
17250,257.8125,2,381.97,"4"
17251,0,1,269.83,"2"
17252,69.7111111111111,2,348.91,"2"
17253,0,1,178.26,"2"
17254,10.9423611111111,2,271.19,"2"
17255,258.875,2,291.48,"4"
17256,204.942361111111,2,240,"4"
17259,220.0875,2,581.23,"4"
17262,313.976388888889,5,1253.36,"4"
17263,0,1,63.44,"2"
17265,41.9506944444444,2,550.01,"2"
17266,145.09375,3,296.58,"2"
17267,0.00208333333333333,2,317.2,"2"
17268,137.865277777778,4,763.64,"2"
17272,220.188888888889,4,2148.63,"4"
17274,0,1,107.82,"2"
17277,95.0069444444444,2,1065.35,"2"
17278,0,1,246.04,"2"
17279,0,1,187.83,"2"
17282,169.120138888889,3,1685.46,"4"
17284,276.004861111111,6,1647.48,"4"
17286,0,1,151.37,"2"
17287,346.045138888889,7,1049.06,"4"
17288,349.108333333333,7,1417.63,"4"
17289,148.923611111111,3,931.02,"4"
17290,12.8645833333333,2,513.01,"2"
17291,0,1,550.8,"2"
17293,352.9875,9,1854.06,"4"
17295,35.9354166666667,3,547,"2"
17297,0,1,128.18,"2"
17298,23.1819444444444,2,498.42,"2"
17299,161.83125,4,656.61,"4"
17301,0,1,163.24,"2"
17302,290.973611111111,5,1135.63,"4"
17303,0,1,250.04,"2"
17306,342.944444444444,19,8631.31,"1"
17309,0,1,82.75,"2"
17311,238.135416666667,2,1384.85,"4"
17312,20.9444444444444,3,644.3,"2"
17313,0,1,2328.84,"2"
17314,287.927777777778,8,2527.92,"4"
17315,355.99375,38,6281.23,"1"
17317,43.1902777777778,3,2600.34,"2"
17320,267.911805555556,3,1200.62,"4"
17321,59.0881944444444,2,657.16,"2"
17323,277.11875,7,906.52,"4"
17324,348.909027777778,4,986.48,"4"
17325,0,1,96.8,"2"
17329,300.954861111111,2,523.11,"4"
17330,44.8958333333333,2,363.9,"2"
17331,0,1,175.2,"2"
17333,0,1,494.25,"2"
17334,6.24722222222222,2,307.02,"2"
17337,158.909027777778,4,1981.06,"4"
17338,344.059722222222,8,6493.54,"4"
17339,270.947916666667,2,243.36,"4"
17340,336.784027777778,11,12353.29,"4"
17341,209.990972222222,3,682.29,"4"
17343,0,1,193.64,"2"
17344,0,1,157.62,"2"
17345,181.109027777778,4,519.69,"4"
17346,369.905555555556,15,2622.88,"4"
17347,0,1,228.96,"2"
17348,283.025,5,1156.6,"4"
17349,0,1,98.25,"2"
17350,42.9875,4,1281.32,"2"
17351,237.111111111111,3,587.15,"4"
17353,25.0430555555556,2,1740,"2"
17354,0,1,1393.06,"2"
17356,0,1,178.22,"2"
17357,0.000694444444444444,2,384.39,"2"
17358,52.1118055555556,2,360.81,"2"
17359,0,1,127.86,"2"
17360,166.834722222222,3,568.24,"4"
17361,242.241666666667,3,488.2,"4"
17362,70.1784722222222,2,312.23,"2"
17364,330.66875,11,4462.68,"4"
17365,320.001388888889,8,4767.36,"4"
17367,0,1,167.55,"2"
17368,314.145138888889,8,1878.87,"4"
17370,96.9333333333333,4,446.18,"2"
17371,343.923611111111,3,418.4,"4"
17372,321.984027777778,8,1337.18,"4"
17373,272.154166666667,4,646.92,"4"
17374,62.8416666666667,2,495.77,"2"
17375,162.020138888889,3,400.1,"4"
17376,240.933333333333,2,203.2,"4"
17377,349.945833333333,20,4058.32,"1"
17379,0,1,389.72,"2"
17381,363.959027777778,29,20275.61,"1"
17382,0,1,65.4,"2"
17383,0,1,193.39,"2"
17384,199.986805555556,2,336.4,"4"
17385,0,1,256.11,"2"
17386,157.970138888889,6,2686.42,"4"
17387,13.9826388888889,2,746.81,"2"
17388,209.91875,4,1259.56,"4"
17389,330.743055555556,34,31833.68,"1"
17391,0.900694444444444,2,508.8,"2"
17392,51.7388888888889,2,417.27,"2"
17394,0,1,203.87,"2"
17396,332.185416666667,8,7330.8,"4"
17397,0.00694444444444444,2,681.41,"2"
17398,140.863888888889,3,653.38,"2"
17400,226.931944444444,5,2097.84,"4"
17402,364.848611111111,13,2633.85,"4"
17403,0,1,263.92,"2"
17404,356.123611111111,15,31906.82,"1"
17405,149.121527777778,3,1031.41,"4"
17406,33.1888888888889,3,2184.42,"2"
17408,0,1,32.65,"2"
17409,63.7458333333333,2,771.85,"2"
17410,199.017361111111,5,1214.72,"4"
17411,249.028472222222,3,778.94,"4"
17412,369.796527777778,7,1258.06,"4"
17414,141.020833333333,2,778,"2"
17415,0,1,507.84,"2"
17416,251.959722222222,7,6893.42,"4"
17418,281.05625,2,463.46,"4"
17419,355.947222222222,12,4226.57,"4"
17420,323.205555555556,3,598.83,"4"
17422,279.946527777778,6,1979.37,"4"
17423,171.181944444444,2,698.41,"4"
17425,41.1618055555556,2,759.17,"2"
17426,274.064583333333,6,5037.26,"4"
17427,0,1,100.8,"2"
17428,368.005555555556,28,17256.85,"1"
17429,90.1451388888889,3,524.92,"2"
17430,332.846527777778,2,265.76,"4"
17431,0,1,403.3,"2"
17432,19.0020833333333,2,365.76,"2"
17433,0,1,303.16,"2"
17434,82.9736111111111,7,2373.82,"2"
17436,225.039583333333,2,216.3,"4"
17438,0,1,388.45,"2"
17440,90.9923611111111,3,186.42,"2"
17442,253.84375,6,2248.56,"4"
17443,0,1,534.24,"2"
17444,25.1256944444444,3,2940.04,"2"
17446,133.834722222222,2,120.9,"2"
17447,31.1722222222222,2,541.53,"2"
17449,357.249305555556,7,2519.21,"4"
17450,359.170833333333,46,194390.79,"3"
17451,104.130555555556,7,1721.4,"2"
17453,46.6944444444444,2,486.72,"2"
17454,167.127777777778,4,517.53,"4"
17455,0,1,131.7,"2"
17456,0,1,249.86,"2"
17457,212.927083333333,5,1737.7,"4"
17458,0,1,316.5,"2"
17459,16.8506944444444,2,657.3,"2"
17460,278.944444444444,6,622.43,"4"
17461,6.93055555555556,3,735.82,"2"
17462,223.871527777778,2,675.69,"4"
17463,296.911111111111,5,1875.86,"4"
17464,0,1,289.96,"2"
17466,68.1659722222222,2,763.28,"2"
17468,4.11180555555556,2,137,"2"
17469,188.180555555556,5,1870.97,"4"
17470,323.114583333333,5,1125.07,"4"
17472,108.011805555556,3,697.54,"2"
17475,0,1,194.37,"2"
17480,0,1,511.82,"2"
17481,90.1048611111111,4,1255.59,"2"
17483,117.729166666667,3,414.04,"2"
17486,0,1,396.87,"2"
17489,153.890277777778,2,376.64,"4"
17490,175.995138888889,7,2092.32,"4"
17491,366.166666666667,10,3558.87,"4"
17492,0,1,374.57,"2"
17495,31.0013888888889,2,497.56,"2"
17496,0,1,271.05,"2"
17498,0,1,272.22,"2"
17499,0,1,622.88,"2"
17500,12.2201388888889,3,1138,"2"
17501,0.000694444444444444,2,288.6,"2"
17502,19.8569444444444,4,689.1,"2"
17503,35.9208333333333,2,558.96,"2"
17504,116.076388888889,9,2997.03,"4"
17505,44.1590277777778,2,1145.84,"2"
17506,0,1,302.2,"2"
17507,47.7361111111111,2,605.58,"2"
17508,0,1,387.31,"2"
17509,5.88333333333333,8,6083.64,"2"
17510,0,1,308.48,"2"
17511,370.995138888889,31,91062.38,"3"
17512,272.992361111111,10,2924.99,"4"
17513,0,1,513.2,"2"
17514,0,1,208.65,"2"
17515,286.979861111111,4,639.02,"4"
17516,270.173611111111,5,764.88,"4"
17517,0,1,153.94,"2"
17519,351.059027777778,6,1844.02,"4"
17520,0,1,546.81,"2"
17521,169.838888888889,3,723.21,"4"
17522,216.833333333333,5,1070.71,"4"
17523,7.98611111111111,4,652.74,"2"
17524,0,1,145,"2"
17525,0,1,422.7,"2"
17526,360.947916666667,4,1195.9,"4"
17527,164.950694444444,4,939.37,"4"
17528,70.0159722222222,8,3628.5,"2"
17530,363.945138888889,10,2367.12,"4"
17531,0,1,296.7,"2"
17534,0,1,223.36,"2"
17535,0,1,164.4,"2"
17536,0,1,76.5,"2"
17537,273.888194444444,2,887.67,"4"
17538,0,1,98.42,"2"
17540,291.889583333333,2,578.9,"4"
17542,0,1,170.75,"2"
17545,0.0111111111111111,3,642.32,"2"
17548,0,1,103.3,"2"
17549,27.9958333333333,2,148.86,"2"
17550,45.9513888888889,3,267.16,"2"
17551,0,1,290.34,"2"
17552,311.927083333333,4,930.41,"4"
17553,0,1,1487.6,"2"
17554,146.759722222222,5,1952.45,"4"
17555,314.99375,2,480.31,"4"
17556,0,1,157.9,"2"
17557,66.9402777777778,3,541.46,"2"
17560,215.919444444444,4,854.95,"4"
17561,0,1,165.12,"2"
17562,159.052083333333,7,1122.38,"4"
17564,55.9770833333333,3,454.01,"2"
17566,17.2583333333333,2,869.77,"2"
17567,365.020833333333,8,4331.48,"4"
17569,0,1,344.14,"2"
17571,248.029166666667,4,1425.67,"4"
17572,302.209722222222,4,226.75,"4"
17573,64.1006944444444,3,380.6,"2"
17574,0,1,185.65,"2"
17576,357.040972222222,19,3564.83,"1"
17578,0,1,143.46,"2"
17579,174.927777777778,3,448.9,"4"
17580,105.884722222222,3,215.72,"2"
17581,371.898611111111,25,11025.24,"1"
17582,0,1,175.27,"2"
17584,120.125,2,1242.3,"2"
17585,228.93125,4,1116.68,"4"
17588,132.129166666667,3,1240.2,"2"
17589,180.132638888889,4,2404.17,"4"
17590,37.9513888888889,3,1468.02,"2"
17591,293.91875,7,2203.67,"4"
17593,349.000694444444,5,3923.86,"4"
17594,169.251388888889,2,993.18,"4"
17595,24.9923611111111,2,386.69,"2"
17596,345.067361111111,7,2806.69,"4"
17597,0,1,2044.37,"2"
17600,0,1,161.67,"2"
17601,0,1,116.01,"2"
17602,321.899305555556,6,5054.42,"4"
17603,0,1,394.72,"2"
17604,94.9402777777778,2,309.36,"2"
17608,0.00416666666666667,2,191.99,"2"
17609,286.836805555556,5,1105.78,"4"
17611,353.984027777778,15,3961.12,"4"
17612,244.179861111111,6,2048.45,"4"
17613,282.979861111111,14,4544.55,"4"
17614,0,1,386.32,"2"
17615,91.9395833333333,3,329.6,"2"
17616,194.004861111111,3,571.2,"4"
17618,356.822916666667,3,930.28,"4"
17619,0,1,214.37,"2"
17620,0,1,81.44,"2"
17621,333.152777777778,3,1379.9,"4"
17623,0,1,527.05,"2"
17624,203.703472222222,2,843.48,"4"
17625,239.052083333333,4,2020.4,"4"
17628,0,1,75.75,"2"
17629,354.040277777778,8,1814.12,"4"
17630,62.9131944444444,2,503.6,"2"
17631,230.850694444444,3,528.33,"4"
17633,88.9041666666667,4,1324.84,"2"
17634,301.016666666667,9,2358.59,"4"
17636,0,1,285.56,"2"
17637,83.9763888888889,2,547.06,"2"
17639,0,1,108.5,"2"
17640,0,1,621.66,"2"
17642,56.8444444444444,2,712.29,"2"
17643,0,1,101.55,"2"
17644,259.165972222222,11,2895.64,"4"
17646,145.950694444444,3,1008.39,"2"
17647,0,1,133.06,"2"
17648,188.966666666667,4,1797.5,"4"
17649,0,1,868.49,"2"
17650,0,1,166.08,"2"
17651,165.772222222222,10,3945,"4"
17652,255.951388888889,12,4867.72,"4"
17653,83.8902777777778,4,1207.56,"2"
17654,0,1,117.55,"2"
17655,355.784027777778,7,2638.94,"4"
17656,55.0965277777778,5,1674.69,"2"
17658,185.863888888889,2,595.42,"4"
17659,354.863194444444,12,2999.46,"4"
17660,0,1,178.75,"2"
17663,261.78125,7,1802.91,"4"
17664,193.883333333333,2,604.64,"4"
17666,61.9166666666667,2,728.16,"2"
17667,232.213888888889,5,2055.51,"4"
17668,36.9444444444444,2,347.75,"2"
17669,206.945833333333,7,3406.72,"4"
17670,0,1,205.7,"2"
17671,349.9125,4,1572.71,"4"
17672,259.034027777778,2,3178.17,"4"
17673,318.898611111111,6,1594.97,"4"
17674,294.135416666667,2,551.04,"4"
17675,366.195138888889,31,20374.28,"1"
17676,362.060416666667,6,1371.18,"4"
17677,367.051388888889,30,16345.38,"1"
17678,0,1,298.11,"2"
17679,32.8805555555556,2,1992.11,"2"
17680,0,1,184.4,"2"
17682,358.1,6,2474.33,"4"
17684,0,1,239.41,"2"
17685,355.870833333333,7,3155.83,"4"
17686,295.222916666667,7,5739.46,"4"
17690,342.959722222222,15,4726.8,"4"
17691,10.2569444444444,2,290.4,"2"
17692,232.016666666667,4,740.94,"4"
17693,0,1,200.47,"2"
17694,0,1,283.12,"2"
17695,39.9201388888889,2,765.34,"2"
17696,326.161111111111,8,2285.71,"4"
17697,0,1,338.95,"2"
17698,0,1,154.95,"2"
17700,264.803472222222,4,2534.64,"4"
17701,0,1,417.95,"2"
17702,175.986111111111,4,1824.37,"4"
17703,103.097916666667,3,798.74,"2"
17704,71.0083333333333,2,885.19,"2"
17705,298.116666666667,9,1823.52,"4"
17706,362.105555555556,17,10504.49,"1"
17707,151.064583333333,2,152.4,"2"
17708,137.002083333333,2,263.33,"2"
17709,0,1,137.45,"2"
17711,279.005555555556,2,385.1,"4"
17712,0,1,522.91,"2"
17714,0,1,153,"2"
17715,0,1,326.4,"2"
17716,245.056944444444,11,5655.99,"4"
17718,0,1,139.35,"2"
17719,217.963194444444,15,5396.04,"4"
17720,341.18125,4,1195.94,"4"
17722,270.111805555556,4,2424.04,"4"
17723,87.1618055555556,6,3276.4,"2"
17724,67.0833333333333,3,1033,"2"
17725,250.865972222222,11,3439.08,"4"
17727,0,1,1060.25,"2"
17728,82.8840277777778,3,2876.01,"2"
17730,323.0375,13,5298.48,"4"
17731,104.030555555556,4,1240.11,"2"
17732,0,1,303.97,"2"
17733,222.931944444444,2,692.19,"4"
17734,180.103472222222,3,700.63,"4"
17735,365.260416666667,19,13110.02,"1"
17736,104.04375,3,377.44,"2"
17737,49.0236111111111,2,168.24,"2"
17738,262.94375,4,1879.05,"4"
17739,348.781944444444,7,2791.35,"4"
17742,219.225,2,355.11,"4"
17744,354.9125,6,2322.4,"4"
17746,0,1,110.25,"2"
17747,0,1,71.4,"2"
17749,78.0875,2,674.52,"2"
17750,158.934027777778,9,1710.45,"4"
17752,0,1,80.64,"2"
17754,259.893055555556,5,1664.65,"4"
17757,370.926388888889,30,5593.39,"1"
17758,230.974305555556,8,3408.2,"4"
17759,152.102083333333,3,819.96,"4"
17760,351.825,2,287.59,"4"
17761,0,1,712.78,"2"
17763,0,1,15,"2"
17764,160.786111111111,2,772.55,"4"
17765,98.0298611111111,3,367.63,"2"
17767,0,1,271.2,"2"
17768,157.983333333333,3,2081.9,"4"
17769,308.002083333333,10,3957.43,"4"
17770,83.9576388888889,5,1143.27,"2"
17771,266.895833333333,2,245.81,"4"
17772,0.00555555555555556,2,173.45,"2"
17774,208.983333333333,4,1213.73,"4"
17775,0,1,56.4,"2"
17777,75.89375,3,647.56,"2"
17779,122.080555555556,3,650.32,"2"
17781,93.8375,2,188.02,"2"
17783,175.25,2,283.47,"4"
17785,0,1,131.94,"2"
17786,231.927777777778,2,266.85,"4"
17787,218.903472222222,4,1817.54,"4"
17788,55.9798611111111,2,1117.9,"2"
17789,0,1,225.9,"2"
17790,338.029861111111,14,1964.3,"4"
17791,0,1,106.1,"2"
17793,0,1,300.34,"2"
17795,85.0236111111111,2,342.83,"2"
17796,329.135416666667,4,690,"4"
17797,160.077777777778,3,780.43,"4"
17799,339.0875,10,3039.17,"4"
17800,296.963194444444,9,1187.21,"4"
17802,290.05,3,1285.04,"4"
17805,0,1,512.31,"2"
17806,0,1,546.04,"2"
17809,357.1375,12,5411.91,"4"
17811,329.116666666667,39,7761.82,"1"
17812,355.847222222222,4,699.81,"4"
17813,57.0111111111111,5,1698.07,"2"
17816,328.891666666667,4,36.56,"4"
17817,272.88125,3,387.68,"4"
17819,299.851388888889,7,3704.87,"4"
17824,0,1,298.4,"2"
17827,359.195833333333,5,1987.33,"4"
17828,162.006944444444,4,1820.09,"4"
17829,0,1,889.24,"2"
17830,287.092361111111,3,398.7,"4"
17831,0,1,35.4,"2"
17832,0,1,155.37,"2"
17835,20.8041666666667,3,342.24,"2"
17836,0,1,110.21,"2"
17837,120.978472222222,8,1541.23,"2"
17838,345.809027777778,5,2720.8,"4"
17839,0,1,318.15,"2"
17841,371.893055555556,124,40519.84,"3"
17843,0,1,205.48,"2"
17844,0,1,51.56,"2"
17846,0,1,2033.1,"2"
17848,276.924305555556,9,901.2,"4"
17849,115.074305555556,4,605.8,"2"
17850,1.29236111111111,34,5391.21,"1"
17852,0.00347222222222222,2,114.34,"2"
17854,41.9777777777778,2,311.26,"2"
17855,0,1,208.97,"2"
17856,279.916666666667,4,1418.03,"4"
17857,361.068055555556,23,26879.04,"1"
17858,363.95,12,5140.66,"4"
17859,0,1,141.92,"2"
17860,0,1,226.45,"2"
17861,316.199305555556,8,2097.88,"4"
17862,0,1,330.9,"2"
17863,310.016666666667,6,3160,"4"
17864,262.979861111111,3,554.85,"4"
17865,333.885416666667,20,10526.32,"1"
17866,0,1,329.65,"2"
17867,258.076388888889,6,1157.87,"4"
17869,260.958333333333,5,428.18,"4"
17870,364.288194444444,12,1865.89,"4"
17871,0,1,155.9,"2"
17873,293.074305555556,5,1848.96,"4"
17874,70.0618055555556,6,683.46,"2"
17877,0,1,237.61,"2"
17878,0,1,379.45,"2"
17879,0,1,178.52,"2"
17880,0,1,458.92,"2"
17881,0,1,133.35,"2"
17883,242.939583333333,4,664.34,"4"
17884,367.973611111111,4,695.07,"4"
17885,0,1,156.34,"2"
17886,217.899305555556,3,869.28,"4"
17887,0,1,111.35,"2"
17888,335.992361111111,8,716,"4"
17889,109.966666666667,2,201.37,"2"
17890,38.8381944444444,2,586.89,"2"
17891,0,1,203.86,"2"
17892,99.1618055555556,3,244.1,"2"
17893,0,1,107.21,"2"
17894,294.772916666667,8,1118.96,"4"
17895,0,1,95.45,"2"
17896,0,1,256.32,"2"
17897,200.952777777778,3,541.81,"4"
17898,121.904861111111,2,152.06,"2"
17899,0,1,154.55,"2"
17900,0.00694444444444444,2,112.2,"2"
17901,0,1,110.38,"2"
17904,0,1,181.07,"2"
17905,302.175,4,798.99,"4"
17906,0,1,72.9,"2"
17908,0,1,232.03,"2"
17911,0,1,366.23,"2"
17912,54.1347222222222,5,310.06,"2"
17913,296.965277777778,2,408.65,"4"
17914,0,1,329.36,"2"
17917,317.05,3,335.03,"4"
17919,0,1,1304.04,"2"
17920,369.111111111111,17,4119.5,"1"
17921,202.234027777778,4,820.23,"4"
17923,0,1,207.5,"2"
17924,361.930555555556,7,2962.5,"4"
17925,0,1,244.08,"2"
17926,70.21875,2,397.29,"2"
17928,200.825694444444,2,212.54,"4"
17929,297.18125,4,843,"4"
17930,203.775694444444,5,1740.48,"4"
17931,121.251388888889,2,408.36,"2"
17932,182.24375,3,1331.57,"4"
17934,7.01805555555556,2,704.25,"2"
17935,3.07986111111111,2,145.79,"2"
17936,0,1,380.13,"2"
17937,353.876388888889,7,4301.22,"4"
17939,0,1,99.14,"2"
17940,253.165277777778,10,4020.04,"4"
17941,0,1,304.56,"2"
17942,0,1,77.5,"2"
17946,26.1013888888889,2,149.58,"2"
17947,0,1,176.68,"2"
17948,0,1,358.56,"2"
17949,370.231944444444,45,58510.48,"1"
17950,293.001388888889,3,482.2,"4"
17951,333.993055555556,3,1008.54,"4"
17954,365.997916666667,12,2314.13,"4"
17955,20.9798611111111,4,557.3,"2"
17956,0,1,12.75,"2"
17957,0,1,111.68,"2"
17958,0,1,508.46,"2"
17960,0,1,73.78,"2"
17961,350.900694444444,39,1296.44,"1"
17962,0,1,102.41,"2"
17964,340.883333333333,2,463.21,"4"
17965,331.734027777778,14,2599.19,"4"
17966,223.709027777778,5,1098.43,"4"
17967,0,1,112.27,"2"
17968,0,1,265.1,"2"
17969,194.893055555556,2,228.2,"4"
17970,0,1,562.79,"2"
17972,0,1,135.19,"2"
17973,0,1,337.04,"2"
17974,194.990972222222,3,703.99,"4"
17975,351.075694444444,13,4483.26,"4"
17976,0,1,321.79,"2"
17977,0,1,288.14,"2"
17978,0,1,300.92,"2"
17979,224.021527777778,4,732.41,"4"
17980,193.840972222222,3,811.45,"4"
17984,0,1,152.68,"2"
17985,0,1,631.35,"2"
17986,0,1,20.8,"2"
17987,0,1,198.57,"2"
17988,314.959027777778,7,201.12,"4"
17990,124.981944444444,3,630.84,"2"
17991,0.971527777777778,2,93.35,"2"
17994,169.027083333333,4,674.89,"4"
17995,0,1,76.1,"2"
17997,89.9479166666667,8,1962.46,"2"
17999,329.027083333333,2,380.39,"4"
18001,74.1951388888889,2,415.13,"2"
18004,0,1,157.92,"2"
18005,43.8826388888889,2,226.47,"2"
18006,0,1,444.68,"2"
18008,248.11875,9,2116.19,"4"
18009,0,1,247.39,"2"
18010,0,1,174.8,"2"
18011,0,1,102.79,"2"
18013,0.00208333333333333,2,187.29,"2"
18014,0,1,162.22,"2"
18015,0,1,120.03,"2"
18016,331.840972222222,5,1477.66,"4"
18017,229.095833333333,3,523,"4"
18018,91.1770833333333,2,122.14,"2"
18019,0,1,38.45,"2"
18022,0,1,612.72,"2"
18024,0.00833333333333333,2,389.78,"2"
18027,0,1,115.31,"2"
18030,38.1125,2,230.65,"2"
18032,0,1,73.5,"2"
18033,0,1,93.82,"2"
18034,0.00972222222222222,2,418.68,"2"
18035,7.78541666666667,3,713.89,"2"
18036,213.134722222222,3,403.12,"4"
18037,207.888194444444,6,70.02,"4"
18040,226.245138888889,2,357.2,"4"
18041,361.0125,21,4097.37,"1"
18042,0,1,165.05,"2"
18043,342.009027777778,3,529.29,"4"
18044,356.084027777778,10,2088.6,"4"
18045,0,1,178.34,"2"
18048,0.00277777777777778,2,172.29,"2"
18050,0,1,74.4,"2"
18053,0,1,300.02,"2"
18055,362.147916666667,10,6761.34,"4"
18056,0,1,363.65,"2"
18058,0,1,170.16,"2"
18059,44.3048611111111,3,306.46,"2"
18061,344.928472222222,10,2119.41,"4"
18062,164.197222222222,3,720.52,"4"
18064,102.063194444444,2,814,"2"
18065,358.906944444444,14,2392.83,"4"
18066,0,1,318,"2"
18067,0,1,396.33,"2"
18068,0,1,101.7,"2"
18069,301.009027777778,5,2009.24,"4"
18071,108.059722222222,2,453,"2"
18072,0,1,247.44,"2"
18073,82.7666666666667,12,3859.82,"2"
18074,0,1,489.6,"2"
18075,337.189583333333,10,2611.75,"4"
18077,358.132638888889,11,2584.41,"4"
18078,41.975,2,336.13,"2"
18079,193.134027777778,4,3613.15,"4"
18080,223.911111111111,2,1231.5,"4"
18081,97.1902777777778,3,343.45,"2"
18082,0,1,680.84,"2"
18084,0,1,90.48,"2"
18085,43.13125,2,689.95,"2"
18086,0,1,101.34,"2"
18087,192.186805555556,2,4055.72,"4"
18088,0,1,166.03,"2"
18092,363.134722222222,11,9068.26,"4"
18093,209.144444444444,4,2106.52,"4"
18094,210.026388888889,7,3017.3,"4"
18095,20.0090277777778,2,580.05,"2"
18096,52.0340277777778,3,849.06,"2"
18097,346.852083333333,6,2662.4,"4"
18099,0,1,168.31,"2"
18101,132.022222222222,2,222.4,"2"
18102,366.797222222222,60,259657.3,"3"
18104,0,1,754.64,"2"
18105,0,1,113.48,"2"
18106,0,1,421.9,"2"
18108,0,1,271,"2"
18109,368.026388888889,26,8004.92,"1"
18110,0,1,198.8,"2"
18112,154.032638888889,2,352.69,"4"
18113,0,1,76.32,"2"
18114,0,1,220.1,"2"
18116,296.948611111111,8,1403.11,"4"
18117,0,1,315.65,"2"
18118,358.971527777778,26,5625.08,"1"
18119,0,1,180.7,"2"
18120,0,1,111.15,"2"
18121,5.02708333333333,2,653.3,"2"
18122,142.063194444444,6,1793.06,"4"
18123,7.03611111111111,2,574.44,"2"
18125,286.89375,4,1131.75,"4"
18126,0,1,200.92,"2"
18127,114.165972222222,3,347.08,"2"
18129,0,1,112.55,"2"
18130,41.9458333333333,3,1059.39,"2"
18133,0,1,931.5,"2"
18135,161.227777777778,5,681.91,"4"
18136,256.147222222222,3,784.33,"4"
18138,0,1,152.65,"2"
18139,0.859722222222222,6,8438.34,"2"
18142,58.0333333333333,2,1019.52,"2"
18143,25.0576388888889,2,1000.16,"2"
18144,365.959027777778,12,2888.75,"4"
18145,299.966666666667,4,2861.55,"4"
18146,79.8145833333333,2,160.35,"2"
18147,62.975,2,179.34,"2"
18149,222.972222222222,3,612.08,"4"
18150,169.251388888889,3,566.58,"4"
18151,155.129166666667,2,653.35,"4"
18154,40.2506944444444,2,399.19,"2"
18155,216.122222222222,3,371.62,"4"
18156,356.996527777778,2,675.64,"4"
18158,79.3027777777778,2,453.4,"2"
18159,0,1,530.15,"2"
18160,143.089583333333,2,638.06,"2"
18161,304.197222222222,5,1618.69,"4"
18164,0,1,399.65,"2"
18165,0,1,302.46,"2"
18167,82.1777777777778,3,1384.86,"2"
18168,196.050694444444,6,1160.04,"4"
18169,0,1,202.65,"2"
18170,183.973611111111,3,980.31,"4"
18171,274.970833333333,5,1231.31,"4"
18172,275.019444444444,20,7561.68,"1"
18173,187.979166666667,4,2106.84,"4"
18174,0,1,104,"2"
18176,0,1,476.35,"2"
18177,224.248611111111,6,1340.87,"4"
18178,235.866666666667,4,1590.81,"4"
18179,327.084027777778,6,1793.17,"4"
18180,137.986111111111,6,1843.75,"4"
18181,0,1,366.85,"2"
18183,47.2208333333333,2,632.07,"2"
18184,0,1,49.8,"2"
18185,0,1,304.25,"2"
18188,275.085416666667,3,2001.04,"4"
18189,190.11875,2,1090.24,"4"
18190,138.175694444444,2,284.46,"2"
18191,0,1,207.8,"2"
18192,0,1,957.97,"2"
18193,0,1,243.76,"2"
18194,0,1,973.84,"2"
18196,195.00625,2,686.63,"4"
18198,332.048611111111,17,5425.56,"1"
18200,0,1,150.35,"2"
18202,111.941666666667,3,1396.99,"2"
18203,0,1,160.42,"2"
18204,121.054166666667,3,1975.35,"2"
18205,38.0555555555556,2,517.36,"2"
18209,0,1,139.1,"2"
18210,265.752777777778,6,2621.38,"4"
18211,252.834027777778,5,600.07,"4"
18212,0,1,216.07,"2"
18213,0,1,232.48,"2"
18215,0,1,299.34,"2"
18216,0,1,481.75,"2"
18217,41.1069444444444,2,621.75,"2"
18218,70.0201388888889,2,641.92,"2"
18219,366.068055555556,10,2069.77,"4"
18220,0,1,305.28,"2"
18221,189.01875,5,1041.61,"4"
18222,0,1,443,"2"
18223,353.686805555556,14,6484.54,"4"
18224,0,1,158.95,"2"
18225,361.903472222222,12,5504.96,"4"
18226,293.191666666667,11,5228.05,"4"
18227,0,1,93.75,"2"
18228,22.9395833333333,2,779.9,"2"
18229,361.724305555556,20,7276.9,"1"
18230,293.011111111111,7,2810.2,"4"
18231,96.2152777777778,5,2071.77,"2"
18232,115.804861111111,4,592.97,"2"
18233,0,1,440,"2"
18235,145.786111111111,3,1796.48,"2"
18236,210.926388888889,6,882.24,"4"
18237,131.988888888889,5,987.1,"2"
18239,153.784722222222,5,1561.61,"4"
18240,0,1,422.58,"2"
18241,208.116666666667,17,2073.09,"4"
18242,141.099305555556,4,2232.49,"4"
18245,347.993055555556,7,2567.06,"4"
18246,209.9125,2,596.1,"4"
18248,63.8756944444444,2,804.02,"2"
18249,0,1,95.34,"2"
18250,0,1,349.27,"2"
18251,0,1,4314.72,"2"
18252,121.038888888889,2,518.27,"2"
18255,0,1,103.3,"2"
18257,256.982638888889,8,2337.63,"4"
18259,341.955555555556,3,2338.6,"4"
18260,185.759722222222,6,2628.35,"4"
18261,52.2513888888889,2,324.24,"2"
18262,0,1,149.48,"2"
18263,226.883333333333,3,1213.16,"4"
18265,85.9472222222222,2,801.51,"2"
18268,0,1,25.5,"2"
18269,0,1,168.6,"2"
18270,228.052777777778,2,283.15,"4"
18272,244.130555555556,6,3078.58,"4"
18273,255.079166666667,3,204,"4"
18274,0,1,175.92,"2"
18276,0,1,335.86,"2"
18277,0,1,110.38,"2"
18278,0,1,173.9,"2"
18280,0,1,180.6,"2"
18281,0,1,80.82,"2"
18282,118.922222222222,2,178.05,"2"
18283,333.908333333333,16,2045.53,"4"
18287,158.951388888889,3,1837.28,"4"
